Service Provider,Life event,Service,Suggerimento,Service Type,Url
Agenzia delle Entrate,Economico,Dichiarare le tasse aziendali,Consentire l'accesso ad altri servizi correlati senza dover effettuare nuovamente l'autenticazione,Servizio Nazionale,https://www.agenziaentrate.gov.it/portale/Imprese/Dichiarazioni/
Agenzia delle Entrate,Economico,Dichiarare le tasse aziendali,Permettere agli utenti di utilizzare un'identità digitale privata per l'autenticazione,Servizio Nazionale,https://www.agenziaentrate.gov.it/portale/Imprese/Dichiarazioni/
INPS - Istituto Nazionale della Previdenza Sociale,Economico,Dichiarare i contributi sociali,Permettere agli utenti di utilizzare un'identità digitale privata per l'autenticazione,Servizio Nazionale,https://www.agenziaentrate.gov.it/portale/Schede/Comunicazioni/Dati+relativi+ai+contributi+previdenziali+(dal+2015)/
INPS - Istituto Nazionale della Previdenza Sociale,Economico,Dichiarare i contributi sociali,Consentire il precompilamento automatico dei dati personali già disponibili,Servizio Nazionale,https://www.agenziaentrate.gov.it/portale/Schede/Comunicazioni/Dati+relativi+ai+contributi+previdenziali+(dal+2015)/
Camera di Commercio,Economico,Presentare rapporti finanziari all'ufficio di registrazione delle imprese,Chiarire esplicitamente la durata prevista del processo,Servizio Nazionale,https://webtelemaco.infocamere.it/newt/public.htm
Camera di Commercio,Economico,Presentare rapporti finanziari all'ufficio di registrazione delle imprese,Rendere chiari e facilmente accessibili i tempi previsti per l'erogazione,Servizio Nazionale,https://webtelemaco.infocamere.it/newt/public.htm
Camera di Commercio,Economico,Presentare rapporti finanziari all'ufficio di registrazione delle imprese,Definire e comunicare chiaramente il limite massimo di tempo per l'erogazione del servizio,Servizio Nazionale,https://webtelemaco.infocamere.it/newt/public.htm
Camera di Commercio,Economico,Presentare rapporti finanziari all'ufficio di registrazione delle imprese,Permettere agli utenti di utilizzare un'identità digitale privata per l'autenticazione,Servizio Nazionale,https://webtelemaco.infocamere.it/newt/public.htm
Camera di Commercio,Economico,Presentare rapporti finanziari all'ufficio di registrazione delle imprese,Fornire una notifica automatica al completamento del servizio,Servizio Nazionale,https://webtelemaco.infocamere.it/newt/public.htm
Camera di Commercio,Economico,Presentare rapporti finanziari all'ufficio di registrazione delle imprese,Garantire che il servizio sia ottimizzato per l'accesso da dispositivi mobili,Servizio Nazionale,https://webtelemaco.infocamere.it/newt/public.htm
Istituto Nazionale di Statistica,Economico,Presentare i dati dell'azienda agli uffici statistici,Chiarire esplicitamente la durata prevista del processo,Servizio Nazionale,https://imprese.istat.it/
Istituto Nazionale di Statistica,Economico,Presentare i dati dell'azienda agli uffici statistici,Permettere l'uso dell'identità digitale nazionale per l'autenticazione,Servizio Nazionale,https://imprese.istat.it/
Istituto Nazionale di Statistica,Economico,Presentare i dati dell'azienda agli uffici statistici,Consentire l'accesso ad altri servizi correlati senza dover effettuare nuovamente l'autenticazione,Servizio Nazionale,https://imprese.istat.it/
Istituto Nazionale di Statistica,Economico,Presentare i dati dell'azienda agli uffici statistici,Permettere agli utenti di utilizzare un'identità digitale privata per l'autenticazione,Servizio Nazionale,https://imprese.istat.it/
Istituto Nazionale di Statistica,Economico,Presentare i dati dell'azienda agli uffici statistici,Consentire il precompilamento automatico dei dati personali già disponibili,Servizio Nazionale,https://imprese.istat.it/
Istituto Nazionale di Statistica,Economico,Presentare i dati dell'azienda agli uffici statistici,Garantire che il servizio sia ottimizzato per l'accesso da dispositivi mobili,Servizio Nazionale,https://imprese.istat.it/
Istituto Nazionale di Statistica,Economico,Presentare i dati dell'azienda agli uffici statistici,Permettere l'uso dell'identità digitale nazionale per l'autenticazione,Servizio Nazionale,https://www.istat.it/it/censimenti-permanenti/imprese
Istituto Nazionale di Statistica,Economico,Presentare i dati dell'azienda agli uffici statistici,Consentire l'accesso ad altri servizi correlati senza dover effettuare nuovamente l'autenticazione,Servizio Nazionale,https://www.istat.it/it/censimenti-permanenti/imprese
Istituto Nazionale di Statistica,Economico,Presentare i dati dell'azienda agli uffici statistici,Permettere agli utenti di utilizzare un'identità digitale privata per l'autenticazione,Servizio Nazionale,https://www.istat.it/it/censimenti-permanenti/imprese
Istituto Nazionale di Statistica,Economico,Presentare i dati dell'azienda agli uffici statistici,Consentire il precompilamento automatico dei dati personali già disponibili,Servizio Nazionale,https://www.istat.it/it/censimenti-permanenti/imprese
Agenzia delle Entrate,Economico,Dichiarare l'IVA,Consentire l'accesso ad altri servizi correlati senza dover effettuare nuovamente l'autenticazione,Servizio Nazionale,https://www.agenziaentrate.gov.it/portale/web/guest/dichiarazioni-iva
Agenzia delle Entrate,Economico,Dichiarare l'IVA,Permettere agli utenti di utilizzare un'identità digitale privata per l'autenticazione,Servizio Nazionale,https://www.agenziaentrate.gov.it/portale/web/guest/dichiarazioni-iva
Agenzia delle Entrate,Economico,Dichiarare l'IVA,Consentire il precompilamento automatico dei dati personali già disponibili,Servizio Nazionale,https://www.agenziaentrate.gov.it/portale/web/guest/dichiarazioni-iva
Agenzia delle Entrate,Economico,Richiedere un rimborso dell'IVA,Consentire l'accesso ad altri servizi correlati senza dover effettuare nuovamente l'autenticazione,Servizio Nazionale,https://www.agenziaentrate.gov.it/portale/Agenzia/Amministrazione+trasparente/Servizi+erogati/Carta+Servizi/I+nostri+servizi/Area+rimborsi/Rimborsi+IVA/?page=amministrazionetrasparente
Agenzia delle Entrate,Economico,Richiedere un rimborso dell'IVA,Permettere agli utenti di utilizzare un'identità digitale privata per l'autenticazione,Servizio Nazionale,https://www.agenziaentrate.gov.it/portale/Agenzia/Amministrazione+trasparente/Servizi+erogati/Carta+Servizi/I+nostri+servizi/Area+rimborsi/Rimborsi+IVA/?page=amministrazionetrasparente
Agenzia delle Entrate,Economico,Richiedere un rimborso dell'IVA,Consentire il precompilamento automatico dei dati personali già disponibili,Servizio Nazionale,https://www.agenziaentrate.gov.it/portale/Agenzia/Amministrazione+trasparente/Servizi+erogati/Carta+Servizi/I+nostri+servizi/Area+rimborsi/Rimborsi+IVA/?page=amministrazionetrasparente
Agenzia delle Entrate,Economico,Ricorrere contro la decisione dell'IVA,Chiarire esplicitamente la durata prevista del processo,Servizio Nazionale,https://www.agenziaentrate.gov.it/portale/web/guest/schede/rimborsi/iva-rimborsi-ue-soggetti-residenti/schedai_rimborsi_iva_ue_residenti
Agenzia delle Entrate,Economico,Ricorrere contro la decisione dell'IVA,Rendere chiari e facilmente accessibili i tempi previsti per l'erogazione,Servizio Nazionale,https://www.agenziaentrate.gov.it/portale/web/guest/schede/rimborsi/iva-rimborsi-ue-soggetti-residenti/schedai_rimborsi_iva_ue_residenti
Agenzia delle Entrate,Economico,Ricorrere contro la decisione dell'IVA,Permettere agli utenti di utilizzare un'identità digitale privata per l'autenticazione,Servizio Nazionale,https://www.agenziaentrate.gov.it/portale/web/guest/schede/rimborsi/iva-rimborsi-ue-soggetti-residenti/schedai_rimborsi_iva_ue_residenti
Portale della Giustizia Tributaria,Economico,Ricorrere contro la decisione dell'IVA,Chiarire esplicitamente la durata prevista del processo,Servizio Nazionale,https://www.giustiziatributaria.gov.it/gt/web/guest/informazioni-sito
Portale della Giustizia Tributaria,Economico,Ricorrere contro la decisione dell'IVA,Rendere chiari e facilmente accessibili i tempi previsti per l'erogazione,Servizio Nazionale,https://www.giustiziatributaria.gov.it/gt/web/guest/informazioni-sito
Portale della Giustizia Tributaria,Economico,Ricorrere contro la decisione dell'IVA,Definire e comunicare chiaramente il limite massimo di tempo per l'erogazione del servizio,Servizio Nazionale,https://www.giustiziatributaria.gov.it/gt/web/guest/informazioni-sito
Portale della Giustizia Tributaria,Economico,Ricorrere contro la decisione dell'IVA,Permettere agli utenti di utilizzare un'identità digitale privata per l'autenticazione,Servizio Nazionale,https://www.giustiziatributaria.gov.it/gt/web/guest/informazioni-sito
Portale della Giustizia Tributaria,Economico,Ricorrere contro la decisione dell'IVA,Consentire il precompilamento automatico dei dati personali già disponibili,Servizio Nazionale,https://www.giustiziatributaria.gov.it/gt/web/guest/informazioni-sito
Portale della Giustizia Tributaria,Economico,Ricorrere contro la decisione dell'IVA,Fornire una conferma automatica di ricezione delle richieste inviate dagli utenti,Servizio Nazionale,https://www.giustiziatributaria.gov.it/gt/web/guest/informazioni-sito
Portale della Giustizia Tributaria,Economico,Ricorrere contro la decisione dell'IVA,Fornire una notifica automatica al completamento del servizio,Servizio Nazionale,https://www.giustiziatributaria.gov.it/gt/web/guest/informazioni-sito
Ministero del Lavoro e delle Politiche Sociali,Economico,Registrare la fine di un contratto di un dipendente presso l'autorità competente,Chiarire esplicitamente la durata prevista del processo,Servizio Nazionale,https://www.inps.it/prestazioni-servizi/dimissioni-volontarie
Ministero del Lavoro e delle Politiche Sociali,Economico,Registrare la fine di un contratto di un dipendente presso l'autorità competente,Permettere agli utenti di utilizzare un'identità digitale privata per l'autenticazione,Servizio Nazionale,https://www.inps.it/prestazioni-servizi/dimissioni-volontarie
Ministero del Lavoro e delle Politiche Sociali,Economico,Registrare la fine di un contratto di un dipendente presso l'autorità competente,Fornire una conferma automatica di ricezione delle richieste inviate dagli utenti,Servizio Nazionale,https://www.inps.it/prestazioni-servizi/dimissioni-volontarie
Ministero del Lavoro e delle Politiche Sociali,Economico,Registrare la fine di un contratto di un dipendente presso l'autorità competente,Garantire che il servizio sia ottimizzato per l'accesso da dispositivi mobili,Servizio Nazionale,https://www.inps.it/prestazioni-servizi/dimissioni-volontarie
INPS - Istituto Nazionale della Previdenza Sociale,Economico,Registrare la fine di un contratto di un dipendente presso l'autorità competente,Chiarire esplicitamente la durata prevista del processo,Servizio Nazionale,https://www.inps.it/it/it/dettaglio-scheda.it.schede-servizio-strumento.schede-servizi.50215.dimissioni-licenziamento-e-tfr-dei-lavoratori-domestici.html
INPS - Istituto Nazionale della Previdenza Sociale,Economico,Registrare la fine di un contratto di un dipendente presso l'autorità competente,Permettere agli utenti di utilizzare un'identità digitale privata per l'autenticazione,Servizio Nazionale,https://www.inps.it/it/it/dettaglio-scheda.it.schede-servizio-strumento.schede-servizi.50215.dimissioni-licenziamento-e-tfr-dei-lavoratori-domestici.html
INPS - Istituto Nazionale della Previdenza Sociale,Economico,Registrare la fine di un contratto di un dipendente presso l'autorità competente,Fornire una conferma automatica di ricezione delle richieste inviate dagli utenti,Servizio Nazionale,https://www.inps.it/it/it/dettaglio-scheda.it.schede-servizio-strumento.schede-servizi.50215.dimissioni-licenziamento-e-tfr-dei-lavoratori-domestici.html
Unioncamere,Economico,Registrare il nuovo indirizzo presso l'autorità competente,Garantire che il servizio/le informazioni sul servizio siano disponibili tramite i portali rilevanti,Servizio Nazionale,http://www.registroimprese.it/
Unioncamere,Economico,Registrare il nuovo indirizzo presso l'autorità competente,Chiarire esplicitamente la durata prevista del processo,Servizio Nazionale,http://www.registroimprese.it/
Unioncamere,Economico,Registrare il nuovo indirizzo presso l'autorità competente,Rendere chiari e facilmente accessibili i tempi previsti per l'erogazione,Servizio Nazionale,http://www.registroimprese.it/
Unioncamere,Economico,Registrare il nuovo indirizzo presso l'autorità competente,Definire e comunicare chiaramente il limite massimo di tempo per l'erogazione del servizio,Servizio Nazionale,http://www.registroimprese.it/
Unioncamere,Economico,Registrare il nuovo indirizzo presso l'autorità competente,Consentire il precompilamento automatico dei dati personali già disponibili,Servizio Nazionale,http://www.registroimprese.it/
Unioncamere,Economico,"Comunicare la cessazione dell’attività d’impresa, escludendo procedure di insolvenza o liquidazione",Chiarire esplicitamente la durata prevista del processo,Servizio Nazionale,https://www.registroimprese.it/area-utente
Unioncamere,Economico,"Comunicare la cessazione dell’attività d’impresa, escludendo procedure di insolvenza o liquidazione",Rendere chiari e facilmente accessibili i tempi previsti per l'erogazione,Servizio Nazionale,https://www.registroimprese.it/area-utente
Unioncamere,Economico,"Comunicare la cessazione dell’attività d’impresa, escludendo procedure di insolvenza o liquidazione",Definire e comunicare chiaramente il limite massimo di tempo per l'erogazione del servizio,Servizio Nazionale,https://www.registroimprese.it/area-utente
Unioncamere,Economico,"Comunicare la cessazione dell’attività d’impresa, escludendo procedure di insolvenza o liquidazione",Permettere agli utenti di utilizzare un'identità digitale privata per l'autenticazione,Servizio Nazionale,https://www.registroimprese.it/area-utente
Unioncamere,Economico,"Comunicare la cessazione dell’attività d’impresa, escludendo procedure di insolvenza o liquidazione",Consentire il precompilamento automatico dei dati personali già disponibili,Servizio Nazionale,https://www.registroimprese.it/area-utente
Regione Veneto,Salute,Ottenere consulenza e informazioni su dove è possibile ottenere assistenza sanitaria,Garantire che il servizio sia ottimizzato per l'accesso da dispositivi mobili,Servizio Nazionale,https://salute.regione.veneto.it/
Ministero della Salute,Salute,"Monitorare online le informazioni sulla registrazione del medico, la specialità e le licenze necessarie ecc.",Garantire che il servizio sia ottimizzato per l'accesso da dispositivi mobili,Servizio Nazionale,https://www.salute.gov.it/MediciCompetentiPortaleWeb/ricercaMedici.jsp
Agenzia delle Entrate,Salute,Ottenere una tessera europea di assicurazione malattia,Chiarire esplicitamente la durata prevista del processo,Servizio Nazionale,https://www.agenziaentrate.gov.it/portale/richiesta-del-codice-fiscale-tessera-sanitaria-e-del-duplicato
Agenzia delle Entrate,Salute,Ottenere una tessera europea di assicurazione malattia,Definire e comunicare chiaramente il limite massimo di tempo per l'erogazione del servizio,Servizio Nazionale,https://www.agenziaentrate.gov.it/portale/richiesta-del-codice-fiscale-tessera-sanitaria-e-del-duplicato
Agenzia delle Entrate,Salute,Ottenere una tessera europea di assicurazione malattia,Consentire l'accesso ad altri servizi correlati senza dover effettuare nuovamente l'autenticazione,Servizio Nazionale,https://www.agenziaentrate.gov.it/portale/richiesta-del-codice-fiscale-tessera-sanitaria-e-del-duplicato
Agenzia delle Entrate,Salute,Ottenere una tessera europea di assicurazione malattia,Permettere agli utenti di utilizzare un'identità digitale privata per l'autenticazione,Servizio Nazionale,https://www.agenziaentrate.gov.it/portale/richiesta-del-codice-fiscale-tessera-sanitaria-e-del-duplicato
Agenzia delle Entrate,Salute,Ottenere una tessera europea di assicurazione malattia,Chiarire esplicitamente quali informazioni personali sono richieste agli utenti,Servizio Nazionale,https://www.agenziaentrate.gov.it/portale/richiesta-del-codice-fiscale-tessera-sanitaria-e-del-duplicato
Agenzia delle Entrate,Salute,Ottenere una tessera europea di assicurazione malattia,Consentire il precompilamento automatico dei dati personali già disponibili,Servizio Nazionale,https://www.agenziaentrate.gov.it/portale/richiesta-del-codice-fiscale-tessera-sanitaria-e-del-duplicato
Agenzia delle Entrate,Salute,Ottenere una tessera europea di assicurazione malattia,Garantire che il servizio sia ottimizzato per l'accesso da dispositivi mobili,Servizio Nazionale,https://www.agenziaentrate.gov.it/portale/richiesta-del-codice-fiscale-tessera-sanitaria-e-del-duplicato
Ministero della Salute,Salute,Ottenere una tessera europea di assicurazione malattia,Chiarire esplicitamente la durata prevista del processo,Servizio Nazionale,https://www.salute.gov.it/portale/cureUE/dettaglioContenutiCureUE.jsp?id=5272&area=cureUnioneEuropea&menu=vuoto
Ministero della Salute,Salute,Ottenere una tessera europea di assicurazione malattia,Rendere chiari e facilmente accessibili i tempi previsti per l'erogazione,Servizio Nazionale,https://www.salute.gov.it/portale/cureUE/dettaglioContenutiCureUE.jsp?id=5272&area=cureUnioneEuropea&menu=vuoto
Ministero della Salute,Salute,Ottenere una tessera europea di assicurazione malattia,Definire e comunicare chiaramente il limite massimo di tempo per l'erogazione del servizio,Servizio Nazionale,https://www.salute.gov.it/portale/cureUE/dettaglioContenutiCureUE.jsp?id=5272&area=cureUnioneEuropea&menu=vuoto
Ministero della Salute,Salute,Ottenere una tessera europea di assicurazione malattia,Consentire l'accesso ad altri servizi correlati senza dover effettuare nuovamente l'autenticazione,Servizio Nazionale,https://www.salute.gov.it/portale/cureUE/dettaglioContenutiCureUE.jsp?id=5272&area=cureUnioneEuropea&menu=vuoto
Ministero della Salute,Salute,Ottenere una tessera europea di assicurazione malattia,Permettere agli utenti di utilizzare un'identità digitale privata per l'autenticazione,Servizio Nazionale,https://www.salute.gov.it/portale/cureUE/dettaglioContenutiCureUE.jsp?id=5272&area=cureUnioneEuropea&menu=vuoto
Ministero della Salute,Salute,Ottenere una tessera europea di assicurazione malattia,Chiarire esplicitamente quali informazioni personali sono richieste agli utenti,Servizio Nazionale,https://www.salute.gov.it/portale/cureUE/dettaglioContenutiCureUE.jsp?id=5272&area=cureUnioneEuropea&menu=vuoto
Ministero della Salute,Salute,Ottenere una tessera europea di assicurazione malattia,Consentire il precompilamento automatico dei dati personali già disponibili,Servizio Nazionale,https://www.salute.gov.it/portale/cureUE/dettaglioContenutiCureUE.jsp?id=5272&area=cureUnioneEuropea&menu=vuoto
Regione Lombardia,Salute,Registrarsi e (ri)programmare un appuntamento in ospedale,Chiarire esplicitamente la durata prevista del processo,Servizio Nazionale,https://www.prenotasalute.regione.lombardia.it/sito/
Regione Lombardia,Salute,Registrarsi e (ri)programmare un appuntamento in ospedale,Definire e comunicare chiaramente il limite massimo di tempo per l'erogazione del servizio,Servizio Nazionale,https://www.prenotasalute.regione.lombardia.it/sito/
Regione Lombardia,Salute,Registrarsi e (ri)programmare un appuntamento in ospedale,Consentire l'accesso ad altri servizi correlati senza dover effettuare nuovamente l'autenticazione,Servizio Nazionale,https://www.prenotasalute.regione.lombardia.it/sito/
Regione Lombardia,Salute,Registrarsi e (ri)programmare un appuntamento in ospedale,Permettere agli utenti di utilizzare un'identità digitale privata per l'autenticazione,Servizio Nazionale,https://www.prenotasalute.regione.lombardia.it/sito/
Regione Lombardia,Salute,Registrarsi e (ri)programmare un appuntamento in ospedale,Chiarire esplicitamente quali informazioni personali sono richieste agli utenti,Servizio Nazionale,https://www.prenotasalute.regione.lombardia.it/sito/
Regione Lombardia,Salute,Registrarsi e (ri)programmare un appuntamento in ospedale,Consentire il precompilamento automatico dei dati personali già disponibili,Servizio Nazionale,https://www.prenotasalute.regione.lombardia.it/sito/
Regione Lazio,Salute,Registrarsi e (ri)programmare un appuntamento in ospedale,Chiarire esplicitamente la durata prevista del processo,Servizio Nazionale,https://www.salutelazio.it/prenotazione-visita-specialistica
Regione Lazio,Salute,Registrarsi e (ri)programmare un appuntamento in ospedale,Rendere chiari e facilmente accessibili i tempi previsti per l'erogazione,Servizio Nazionale,https://www.salutelazio.it/prenotazione-visita-specialistica
Regione Lazio,Salute,Registrarsi e (ri)programmare un appuntamento in ospedale,Definire e comunicare chiaramente il limite massimo di tempo per l'erogazione del servizio,Servizio Nazionale,https://www.salutelazio.it/prenotazione-visita-specialistica
Regione Lazio,Salute,Registrarsi e (ri)programmare un appuntamento in ospedale,Permettere agli utenti di utilizzare un'identità digitale privata per l'autenticazione,Servizio Nazionale,https://www.salutelazio.it/prenotazione-visita-specialistica
Regione Lazio,Salute,Registrarsi e (ri)programmare un appuntamento in ospedale,Chiarire esplicitamente quali informazioni personali sono richieste agli utenti,Servizio Nazionale,https://www.salutelazio.it/prenotazione-visita-specialistica
Regione Lazio,Salute,Registrarsi e (ri)programmare un appuntamento in ospedale,Consentire il precompilamento automatico dei dati personali già disponibili,Servizio Nazionale,https://www.salutelazio.it/prenotazione-visita-specialistica
Regione Lazio,Salute,Registrarsi e (ri)programmare un appuntamento in ospedale,Fornire una conferma automatica di ricezione delle richieste inviate dagli utenti,Servizio Nazionale,https://www.salutelazio.it/prenotazione-visita-specialistica
Regione Lazio,Salute,Registrarsi e (ri)programmare un appuntamento in ospedale,Fornire una notifica automatica al completamento del servizio,Servizio Nazionale,https://www.salutelazio.it/prenotazione-visita-specialistica
Regione Veneto,Salute,Registrarsi e (ri)programmare un appuntamento in ospedale,Chiarire esplicitamente la durata prevista del processo,Servizio Nazionale,http://www.ulss10.veneto.it/pubblicazioni/notizie/enatoicupnuovoservizioprenotarelevisitedalcomputerdicasa
Regione Veneto,Salute,Registrarsi e (ri)programmare un appuntamento in ospedale,Rendere chiari e facilmente accessibili i tempi previsti per l'erogazione,Servizio Nazionale,http://www.ulss10.veneto.it/pubblicazioni/notizie/enatoicupnuovoservizioprenotarelevisitedalcomputerdicasa
Regione Veneto,Salute,Registrarsi e (ri)programmare un appuntamento in ospedale,Definire e comunicare chiaramente il limite massimo di tempo per l'erogazione del servizio,Servizio Nazionale,http://www.ulss10.veneto.it/pubblicazioni/notizie/enatoicupnuovoservizioprenotarelevisitedalcomputerdicasa
Regione Veneto,Salute,Registrarsi e (ri)programmare un appuntamento in ospedale,Permettere l'uso dell'identità digitale nazionale per l'autenticazione,Servizio Nazionale,http://www.ulss10.veneto.it/pubblicazioni/notizie/enatoicupnuovoservizioprenotarelevisitedalcomputerdicasa
Regione Veneto,Salute,Registrarsi e (ri)programmare un appuntamento in ospedale,Consentire l'accesso ad altri servizi correlati senza dover effettuare nuovamente l'autenticazione,Servizio Nazionale,http://www.ulss10.veneto.it/pubblicazioni/notizie/enatoicupnuovoservizioprenotarelevisitedalcomputerdicasa
Regione Veneto,Salute,Registrarsi e (ri)programmare un appuntamento in ospedale,Permettere agli utenti di utilizzare un'identità digitale privata per l'autenticazione,Servizio Nazionale,http://www.ulss10.veneto.it/pubblicazioni/notizie/enatoicupnuovoservizioprenotarelevisitedalcomputerdicasa
Regione Veneto,Salute,Registrarsi e (ri)programmare un appuntamento in ospedale,Chiarire esplicitamente quali informazioni personali sono richieste agli utenti,Servizio Nazionale,http://www.ulss10.veneto.it/pubblicazioni/notizie/enatoicupnuovoservizioprenotarelevisitedalcomputerdicasa
Regione Veneto,Salute,Registrarsi e (ri)programmare un appuntamento in ospedale,Consentire il precompilamento automatico dei dati personali già disponibili,Servizio Nazionale,http://www.ulss10.veneto.it/pubblicazioni/notizie/enatoicupnuovoservizioprenotarelevisitedalcomputerdicasa
Regione Veneto,Salute,Registrarsi e (ri)programmare un appuntamento in ospedale,Garantire che il servizio sia ottimizzato per l'accesso da dispositivi mobili,Servizio Nazionale,http://www.ulss10.veneto.it/pubblicazioni/notizie/enatoicupnuovoservizioprenotarelevisitedalcomputerdicasa
Regione Sicilia,Salute,Registrarsi e (ri)programmare un appuntamento in ospedale,Chiarire esplicitamente la durata prevista del processo,Servizio Nazionale,https://sovracup.regione.sicilia.it/home
Regione Sicilia,Salute,Registrarsi e (ri)programmare un appuntamento in ospedale,Definire e comunicare chiaramente il limite massimo di tempo per l'erogazione del servizio,Servizio Nazionale,https://sovracup.regione.sicilia.it/home
Regione Sicilia,Salute,Registrarsi e (ri)programmare un appuntamento in ospedale,Permettere agli utenti di utilizzare un'identità digitale privata per l'autenticazione,Servizio Nazionale,https://sovracup.regione.sicilia.it/home
Regione Sicilia,Salute,Registrarsi e (ri)programmare un appuntamento in ospedale,Fornire una conferma automatica di ricezione delle richieste inviate dagli utenti,Servizio Nazionale,https://sovracup.regione.sicilia.it/home
Regione Emilia-Romagna,Salute,Registrarsi e (ri)programmare un appuntamento in ospedale,Chiarire esplicitamente la durata prevista del processo,Servizio Nazionale,https://www.cupweb.it/cup_web_regionale/main.htm
Regione Emilia-Romagna,Salute,Registrarsi e (ri)programmare un appuntamento in ospedale,Definire e comunicare chiaramente il limite massimo di tempo per l'erogazione del servizio,Servizio Nazionale,https://www.cupweb.it/cup_web_regionale/main.htm
Regione Emilia-Romagna,Salute,Registrarsi e (ri)programmare un appuntamento in ospedale,Consentire l'accesso ad altri servizi correlati senza dover effettuare nuovamente l'autenticazione,Servizio Nazionale,https://www.cupweb.it/cup_web_regionale/main.htm
Regione Emilia-Romagna,Salute,Registrarsi e (ri)programmare un appuntamento in ospedale,Permettere agli utenti di utilizzare un'identità digitale privata per l'autenticazione,Servizio Nazionale,https://www.cupweb.it/cup_web_regionale/main.htm
Regione Emilia-Romagna,Salute,Registrarsi e (ri)programmare un appuntamento in ospedale,Chiarire esplicitamente quali informazioni personali sono richieste agli utenti,Servizio Nazionale,https://www.cupweb.it/cup_web_regionale/main.htm
Regione Emilia-Romagna,Salute,Registrarsi e (ri)programmare un appuntamento in ospedale,Consentire il precompilamento automatico dei dati personali già disponibili,Servizio Nazionale,https://www.cupweb.it/cup_web_regionale/main.htm
Regione Emilia-Romagna,Salute,Registrarsi e (ri)programmare un appuntamento in ospedale,Garantire che il servizio sia ottimizzato per l'accesso da dispositivi mobili,Servizio Nazionale,https://www.cupweb.it/cup_web_regionale/main.htm
Regione Lombardia,Salute,Richiedere e-consulti con un medico ospedaliero (tele-consultazione),Rendere il servizio effettivo disponibile online,Servizio Nazionale,https://www.prenotasalute.regione.lombardia.it/sito/
Regione Lombardia,Salute,Richiedere e-consulti con un medico ospedaliero (tele-consultazione),Chiarire esplicitamente la durata prevista del processo,Servizio Nazionale,https://www.prenotasalute.regione.lombardia.it/sito/
Regione Lombardia,Salute,Richiedere e-consulti con un medico ospedaliero (tele-consultazione),Rendere chiari e facilmente accessibili i tempi previsti per l'erogazione,Servizio Nazionale,https://www.prenotasalute.regione.lombardia.it/sito/
Regione Lombardia,Salute,Richiedere e-consulti con un medico ospedaliero (tele-consultazione),Definire e comunicare chiaramente il limite massimo di tempo per l'erogazione del servizio,Servizio Nazionale,https://www.prenotasalute.regione.lombardia.it/sito/
Regione Lombardia,Salute,Richiedere e-consulti con un medico ospedaliero (tele-consultazione),Esplicitare chiaramente se è necessaria l'autenticazione per accedere al servizio,Servizio Nazionale,https://www.prenotasalute.regione.lombardia.it/sito/
Regione Lombardia,Salute,Richiedere e-consulti con un medico ospedaliero (tele-consultazione),Consentire l'autenticazione online per accedere al servizio,Servizio Nazionale,https://www.prenotasalute.regione.lombardia.it/sito/
Regione Lombardia,Salute,Richiedere e-consulti con un medico ospedaliero (tele-consultazione),Permettere l'uso dell'identità digitale nazionale per l'autenticazione,Servizio Nazionale,https://www.prenotasalute.regione.lombardia.it/sito/
Regione Lombardia,Salute,Richiedere e-consulti con un medico ospedaliero (tele-consultazione),Consentire l'accesso ad altri servizi correlati senza dover effettuare nuovamente l'autenticazione,Servizio Nazionale,https://www.prenotasalute.regione.lombardia.it/sito/
Regione Lombardia,Salute,Richiedere e-consulti con un medico ospedaliero (tele-consultazione),Permettere agli utenti di utilizzare un'identità digitale privata per l'autenticazione,Servizio Nazionale,https://www.prenotasalute.regione.lombardia.it/sito/
Regione Lombardia,Salute,Richiedere e-consulti con un medico ospedaliero (tele-consultazione),Chiarire esplicitamente quali informazioni personali sono richieste agli utenti,Servizio Nazionale,https://www.prenotasalute.regione.lombardia.it/sito/
Regione Lombardia,Salute,Richiedere e-consulti con un medico ospedaliero (tele-consultazione),Consentire il precompilamento automatico dei dati personali già disponibili,Servizio Nazionale,https://www.prenotasalute.regione.lombardia.it/sito/
Regione Lombardia,Salute,Richiedere e-consulti con un medico ospedaliero (tele-consultazione),Fornire una conferma automatica di ricezione delle richieste inviate dagli utenti,Servizio Nazionale,https://www.prenotasalute.regione.lombardia.it/sito/
Regione Lombardia,Salute,Richiedere e-consulti con un medico ospedaliero (tele-consultazione),Rendere disponibile l'output del servizio in formato elettronico,Servizio Nazionale,https://www.prenotasalute.regione.lombardia.it/sito/
Regione Lombardia,Salute,Richiedere e-consulti con un medico ospedaliero (tele-consultazione),Fornire una notifica automatica al completamento del servizio,Servizio Nazionale,https://www.prenotasalute.regione.lombardia.it/sito/
Regione Lazio,Salute,Richiedere e-consulti con un medico ospedaliero (tele-consultazione),Rendere il servizio effettivo disponibile online,Servizio Nazionale,https://www.salutelazio.it/
Regione Lazio,Salute,Richiedere e-consulti con un medico ospedaliero (tele-consultazione),Chiarire esplicitamente la durata prevista del processo,Servizio Nazionale,https://www.salutelazio.it/
Regione Lazio,Salute,Richiedere e-consulti con un medico ospedaliero (tele-consultazione),Rendere chiari e facilmente accessibili i tempi previsti per l'erogazione,Servizio Nazionale,https://www.salutelazio.it/
Regione Lazio,Salute,Richiedere e-consulti con un medico ospedaliero (tele-consultazione),Definire e comunicare chiaramente il limite massimo di tempo per l'erogazione del servizio,Servizio Nazionale,https://www.salutelazio.it/
Regione Lazio,Salute,Richiedere e-consulti con un medico ospedaliero (tele-consultazione),Esplicitare chiaramente se è necessaria l'autenticazione per accedere al servizio,Servizio Nazionale,https://www.salutelazio.it/
Regione Lazio,Salute,Richiedere e-consulti con un medico ospedaliero (tele-consultazione),Consentire l'autenticazione online per accedere al servizio,Servizio Nazionale,https://www.salutelazio.it/
Regione Lazio,Salute,Richiedere e-consulti con un medico ospedaliero (tele-consultazione),Permettere l'uso dell'identità digitale nazionale per l'autenticazione,Servizio Nazionale,https://www.salutelazio.it/
Regione Lazio,Salute,Richiedere e-consulti con un medico ospedaliero (tele-consultazione),Consentire l'accesso ad altri servizi correlati senza dover effettuare nuovamente l'autenticazione,Servizio Nazionale,https://www.salutelazio.it/
Regione Lazio,Salute,Richiedere e-consulti con un medico ospedaliero (tele-consultazione),Permettere agli utenti di utilizzare un'identità digitale privata per l'autenticazione,Servizio Nazionale,https://www.salutelazio.it/
Regione Lazio,Salute,Richiedere e-consulti con un medico ospedaliero (tele-consultazione),Chiarire esplicitamente quali informazioni personali sono richieste agli utenti,Servizio Nazionale,https://www.salutelazio.it/
Regione Lazio,Salute,Richiedere e-consulti con un medico ospedaliero (tele-consultazione),Consentire il precompilamento automatico dei dati personali già disponibili,Servizio Nazionale,https://www.salutelazio.it/
Regione Lazio,Salute,Richiedere e-consulti con un medico ospedaliero (tele-consultazione),Fornire una conferma automatica di ricezione delle richieste inviate dagli utenti,Servizio Nazionale,https://www.salutelazio.it/
Regione Lazio,Salute,Richiedere e-consulti con un medico ospedaliero (tele-consultazione),Rendere disponibile l'output del servizio in formato elettronico,Servizio Nazionale,https://www.salutelazio.it/
Regione Lazio,Salute,Richiedere e-consulti con un medico ospedaliero (tele-consultazione),Fornire una notifica automatica al completamento del servizio,Servizio Nazionale,https://www.salutelazio.it/
Regione Veneto,Salute,Richiedere e-consulti con un medico ospedaliero (tele-consultazione),Chiarire esplicitamente la durata prevista del processo,Servizio Nazionale,http://www.ulss10.veneto.it/pubblicazioni/notizie/enatoicupnuovoservizioprenotarelevisitedalcomputerdicasa
Regione Veneto,Salute,Richiedere e-consulti con un medico ospedaliero (tele-consultazione),Rendere chiari e facilmente accessibili i tempi previsti per l'erogazione,Servizio Nazionale,http://www.ulss10.veneto.it/pubblicazioni/notizie/enatoicupnuovoservizioprenotarelevisitedalcomputerdicasa
Regione Veneto,Salute,Richiedere e-consulti con un medico ospedaliero (tele-consultazione),Definire e comunicare chiaramente il limite massimo di tempo per l'erogazione del servizio,Servizio Nazionale,http://www.ulss10.veneto.it/pubblicazioni/notizie/enatoicupnuovoservizioprenotarelevisitedalcomputerdicasa
Regione Veneto,Salute,Richiedere e-consulti con un medico ospedaliero (tele-consultazione),Permettere agli utenti di utilizzare un'identità digitale privata per l'autenticazione,Servizio Nazionale,http://www.ulss10.veneto.it/pubblicazioni/notizie/enatoicupnuovoservizioprenotarelevisitedalcomputerdicasa
Regione Veneto,Salute,Richiedere e-consulti con un medico ospedaliero (tele-consultazione),Chiarire esplicitamente quali informazioni personali sono richieste agli utenti,Servizio Nazionale,http://www.ulss10.veneto.it/pubblicazioni/notizie/enatoicupnuovoservizioprenotarelevisitedalcomputerdicasa
Regione Veneto,Salute,Richiedere e-consulti con un medico ospedaliero (tele-consultazione),Consentire il precompilamento automatico dei dati personali già disponibili,Servizio Nazionale,http://www.ulss10.veneto.it/pubblicazioni/notizie/enatoicupnuovoservizioprenotarelevisitedalcomputerdicasa
Regione Veneto,Salute,Richiedere e-consulti con un medico ospedaliero (tele-consultazione),Garantire che il servizio sia ottimizzato per l'accesso da dispositivi mobili,Servizio Nazionale,http://www.ulss10.veneto.it/pubblicazioni/notizie/enatoicupnuovoservizioprenotarelevisitedalcomputerdicasa
Regione Sicilia,Salute,Richiedere e-consulti con un medico ospedaliero (tele-consultazione),Rendere il servizio effettivo disponibile online,Servizio Nazionale,https://sovracup.regione.sicilia.it/home
Regione Sicilia,Salute,Richiedere e-consulti con un medico ospedaliero (tele-consultazione),Chiarire esplicitamente la durata prevista del processo,Servizio Nazionale,https://sovracup.regione.sicilia.it/home
Regione Sicilia,Salute,Richiedere e-consulti con un medico ospedaliero (tele-consultazione),Rendere chiari e facilmente accessibili i tempi previsti per l'erogazione,Servizio Nazionale,https://sovracup.regione.sicilia.it/home
Regione Sicilia,Salute,Richiedere e-consulti con un medico ospedaliero (tele-consultazione),Definire e comunicare chiaramente il limite massimo di tempo per l'erogazione del servizio,Servizio Nazionale,https://sovracup.regione.sicilia.it/home
Regione Sicilia,Salute,Richiedere e-consulti con un medico ospedaliero (tele-consultazione),Consentire l'accesso ad altri servizi correlati senza dover effettuare nuovamente l'autenticazione,Servizio Nazionale,https://sovracup.regione.sicilia.it/home
Regione Sicilia,Salute,Richiedere e-consulti con un medico ospedaliero (tele-consultazione),Permettere agli utenti di utilizzare un'identità digitale privata per l'autenticazione,Servizio Nazionale,https://sovracup.regione.sicilia.it/home
Regione Sicilia,Salute,Richiedere e-consulti con un medico ospedaliero (tele-consultazione),Chiarire esplicitamente quali informazioni personali sono richieste agli utenti,Servizio Nazionale,https://sovracup.regione.sicilia.it/home
Regione Sicilia,Salute,Richiedere e-consulti con un medico ospedaliero (tele-consultazione),Consentire il precompilamento automatico dei dati personali già disponibili,Servizio Nazionale,https://sovracup.regione.sicilia.it/home
Regione Sicilia,Salute,Richiedere e-consulti con un medico ospedaliero (tele-consultazione),Fornire una conferma automatica di ricezione delle richieste inviate dagli utenti,Servizio Nazionale,https://sovracup.regione.sicilia.it/home
Regione Sicilia,Salute,Richiedere e-consulti con un medico ospedaliero (tele-consultazione),Rendere disponibile l'output del servizio in formato elettronico,Servizio Nazionale,https://sovracup.regione.sicilia.it/home
Regione Sicilia,Salute,Richiedere e-consulti con un medico ospedaliero (tele-consultazione),Fornire una notifica automatica al completamento del servizio,Servizio Nazionale,https://sovracup.regione.sicilia.it/home
Regione Emilia-Romagna,Salute,Richiedere e-consulti con un medico ospedaliero (tele-consultazione),Rendere il servizio effettivo disponibile online,Servizio Nazionale,https://www.cupweb.it/cup_web_regionale/main.htm
Regione Emilia-Romagna,Salute,Richiedere e-consulti con un medico ospedaliero (tele-consultazione),Chiarire esplicitamente la durata prevista del processo,Servizio Nazionale,https://www.cupweb.it/cup_web_regionale/main.htm
Regione Emilia-Romagna,Salute,Richiedere e-consulti con un medico ospedaliero (tele-consultazione),Rendere chiari e facilmente accessibili i tempi previsti per l'erogazione,Servizio Nazionale,https://www.cupweb.it/cup_web_regionale/main.htm
Regione Emilia-Romagna,Salute,Richiedere e-consulti con un medico ospedaliero (tele-consultazione),Definire e comunicare chiaramente il limite massimo di tempo per l'erogazione del servizio,Servizio Nazionale,https://www.cupweb.it/cup_web_regionale/main.htm
Regione Emilia-Romagna,Salute,Richiedere e-consulti con un medico ospedaliero (tele-consultazione),Esplicitare chiaramente se è necessaria l'autenticazione per accedere al servizio,Servizio Nazionale,https://www.cupweb.it/cup_web_regionale/main.htm
Regione Emilia-Romagna,Salute,Richiedere e-consulti con un medico ospedaliero (tele-consultazione),Consentire l'autenticazione online per accedere al servizio,Servizio Nazionale,https://www.cupweb.it/cup_web_regionale/main.htm
Regione Emilia-Romagna,Salute,Richiedere e-consulti con un medico ospedaliero (tele-consultazione),Permettere l'uso dell'identità digitale nazionale per l'autenticazione,Servizio Nazionale,https://www.cupweb.it/cup_web_regionale/main.htm
Regione Emilia-Romagna,Salute,Richiedere e-consulti con un medico ospedaliero (tele-consultazione),Consentire l'accesso ad altri servizi correlati senza dover effettuare nuovamente l'autenticazione,Servizio Nazionale,https://www.cupweb.it/cup_web_regionale/main.htm
Regione Emilia-Romagna,Salute,Richiedere e-consulti con un medico ospedaliero (tele-consultazione),Permettere agli utenti di utilizzare un'identità digitale privata per l'autenticazione,Servizio Nazionale,https://www.cupweb.it/cup_web_regionale/main.htm
Regione Emilia-Romagna,Salute,Richiedere e-consulti con un medico ospedaliero (tele-consultazione),Chiarire esplicitamente quali informazioni personali sono richieste agli utenti,Servizio Nazionale,https://www.cupweb.it/cup_web_regionale/main.htm
Regione Emilia-Romagna,Salute,Richiedere e-consulti con un medico ospedaliero (tele-consultazione),Consentire il precompilamento automatico dei dati personali già disponibili,Servizio Nazionale,https://www.cupweb.it/cup_web_regionale/main.htm
Regione Emilia-Romagna,Salute,Richiedere e-consulti con un medico ospedaliero (tele-consultazione),Fornire una conferma automatica di ricezione delle richieste inviate dagli utenti,Servizio Nazionale,https://www.cupweb.it/cup_web_regionale/main.htm
Regione Emilia-Romagna,Salute,Richiedere e-consulti con un medico ospedaliero (tele-consultazione),Rendere disponibile l'output del servizio in formato elettronico,Servizio Nazionale,https://www.cupweb.it/cup_web_regionale/main.htm
Regione Emilia-Romagna,Salute,Richiedere e-consulti con un medico ospedaliero (tele-consultazione),Fornire una notifica automatica al completamento del servizio,Servizio Nazionale,https://www.cupweb.it/cup_web_regionale/main.htm
Regione Emilia-Romagna,Salute,Richiedere e-consulti con un medico ospedaliero (tele-consultazione),Garantire che il servizio sia ottimizzato per l'accesso da dispositivi mobili,Servizio Nazionale,https://www.cupweb.it/cup_web_regionale/main.htm
Ministero della Salute,Salute,Richiedere cartelle cliniche elettroniche,Permettere agli utenti di utilizzare un'identità digitale privata per l'autenticazione,Servizio Nazionale,https://www.fascicolosanitario.gov.it/
Ministero della Salute,Salute,Richiedere cartelle cliniche elettroniche,Chiarire esplicitamente quali informazioni personali sono richieste agli utenti,Servizio Nazionale,https://www.fascicolosanitario.gov.it/
Ministero della Salute,Salute,Richiedere cartelle cliniche elettroniche,Consentire il precompilamento automatico dei dati personali già disponibili,Servizio Nazionale,https://www.fascicolosanitario.gov.it/
Comune di Messina,Trasloco,"Monitorare la disponibilità di strutture locali (es. scuole, strutture sanitarie, strutture sportive)",Garantire che il servizio sia ottimizzato per l'accesso da dispositivi mobili,Servizio Nazionale,http://www.comunemessina.gov.it/
Ministero dell'Interno,Trasloco,Registrare il nuovo indirizzo nel registro comunale,Chiarire esplicitamente la durata prevista del processo,Servizio Nazionale,https://www.anagrafenazionale.interno.it/area-cittadino/cambio-di-residenza/
Ministero dell'Interno,Trasloco,Ottenere la prova di residenza,Chiarire esplicitamente la durata prevista del processo,Servizio Nazionale,https://www.anagrafenazionale.interno.it/area-cittadino/certificati/
Ministero dell'Interno,Trasloco,Ottenere la prova di residenza,Rendere chiari e facilmente accessibili i tempi previsti per l'erogazione,Servizio Nazionale,https://www.anagrafenazionale.interno.it/area-cittadino/certificati/
Ministero dell'Interno,Trasloco,Ottenere la prova di residenza,Definire e comunicare chiaramente il limite massimo di tempo per l'erogazione del servizio,Servizio Nazionale,https://www.anagrafenazionale.interno.it/area-cittadino/certificati/
Agenzia delle Entrate,Trasloco,Richiedere una sovvenzione per strutture per disabili o un beneficio simile per coprire i costi per apportare modifiche a una casa al fine di consentire di continuare a vivere indipendentemente nella propria proprietà,Chiarire esplicitamente la durata prevista del processo,Servizio Nazionale,https://www.agenziaentrate.gov.it/portale/eliminazione-delle-barriere-architettoniche
Agenzia delle Entrate,Trasloco,Richiedere una sovvenzione per strutture per disabili o un beneficio simile per coprire i costi per apportare modifiche a una casa al fine di consentire di continuare a vivere indipendentemente nella propria proprietà,Rendere chiari e facilmente accessibili i tempi previsti per l'erogazione,Servizio Nazionale,https://www.agenziaentrate.gov.it/portale/eliminazione-delle-barriere-architettoniche
Agenzia delle Entrate,Trasloco,Richiedere una sovvenzione per strutture per disabili o un beneficio simile per coprire i costi per apportare modifiche a una casa al fine di consentire di continuare a vivere indipendentemente nella propria proprietà,Definire e comunicare chiaramente il limite massimo di tempo per l'erogazione del servizio,Servizio Nazionale,https://www.agenziaentrate.gov.it/portale/eliminazione-delle-barriere-architettoniche
Agenzia delle Entrate,Trasloco,Richiedere una sovvenzione per strutture per disabili o un beneficio simile per coprire i costi per apportare modifiche a una casa al fine di consentire di continuare a vivere indipendentemente nella propria proprietà,Consentire l'accesso ad altri servizi correlati senza dover effettuare nuovamente l'autenticazione,Servizio Nazionale,https://www.agenziaentrate.gov.it/portale/eliminazione-delle-barriere-architettoniche
Agenzia delle Entrate,Trasloco,Richiedere una sovvenzione per strutture per disabili o un beneficio simile per coprire i costi per apportare modifiche a una casa al fine di consentire di continuare a vivere indipendentemente nella propria proprietà,Permettere agli utenti di utilizzare un'identità digitale privata per l'autenticazione,Servizio Nazionale,https://www.agenziaentrate.gov.it/portale/eliminazione-delle-barriere-architettoniche
Agenzia delle Entrate,Trasloco,Richiedere una sovvenzione per strutture per disabili o un beneficio simile per coprire i costi per apportare modifiche a una casa al fine di consentire di continuare a vivere indipendentemente nella propria proprietà,Consentire il precompilamento automatico dei dati personali già disponibili,Servizio Nazionale,https://www.agenziaentrate.gov.it/portale/eliminazione-delle-barriere-architettoniche
Agenzia delle Entrate,Trasloco,Richiedere una sovvenzione per strutture per disabili o un beneficio simile per coprire i costi per apportare modifiche a una casa al fine di consentire di continuare a vivere indipendentemente nella propria proprietà,Rendere disponibile l'output del servizio in formato elettronico,Servizio Nazionale,https://www.agenziaentrate.gov.it/portale/eliminazione-delle-barriere-architettoniche
Agenzia delle Entrate,Trasloco,Richiedere una sovvenzione per strutture per disabili o un beneficio simile per coprire i costi per apportare modifiche a una casa al fine di consentire di continuare a vivere indipendentemente nella propria proprietà,Fornire una notifica automatica al completamento del servizio,Servizio Nazionale,https://www.agenziaentrate.gov.it/portale/eliminazione-delle-barriere-architettoniche
Ministero della Giustizia,Giustizia,Verificare le fasi procedurali per avviare una procedura per controversie minori,Garantire che il servizio sia ottimizzato per l'accesso da dispositivi mobili,Servizio Nazionale,http://www.giudicedipace.bologna.it/it/Content/Index/26930
Ministero della Giustizia,Giustizia,Verificare le fasi procedurali per avviare una procedura per controversie minori,Garantire che il servizio sia ottimizzato per l'accesso da dispositivi mobili,Servizio Nazionale,http://www.giudicedipacefirenze.it/start.asp
Ministero della Giustizia,Giustizia,Verificare le fasi procedurali per avviare una procedura per controversie minori,Garantire che il servizio sia ottimizzato per l'accesso da dispositivi mobili,Servizio Nazionale,https://gdp.giustizia.it/index.php?menu=guida&pagina=guida
Ministero della Giustizia,Giustizia,Verificare la legislazione pertinente e i diritti per difendere il proprio caso,Garantire che il servizio sia ottimizzato per l'accesso da dispositivi mobili,Servizio Nazionale,http://www.giudicedipace.bologna.it/it
Ministero della Giustizia,Giustizia,Verificare la legislazione pertinente e i diritti per difendere il proprio caso,Garantire che il servizio sia ottimizzato per l'accesso da dispositivi mobili,Servizio Nazionale,http://www.giudicedipacefirenze.it/start.asp
Ministero della Giustizia,Giustizia,Verificare la legislazione pertinente e i diritti per difendere il proprio caso,Garantire che il servizio sia ottimizzato per l'accesso da dispositivi mobili,Servizio Nazionale,https://gdp.giustizia.it/index.php?menu=guida&pagina=guida
Ministero della Giustizia,Giustizia,Presentare una procedura per controversie minori (emettere il reclamo in tribunale),Chiarire esplicitamente la durata prevista del processo,Servizio Nazionale,https://gdp.giustizia.it/sigp/?idlingua=IT
Ministero della Giustizia,Giustizia,Presentare una procedura per controversie minori (emettere il reclamo in tribunale),Rendere chiari e facilmente accessibili i tempi previsti per l'erogazione,Servizio Nazionale,https://gdp.giustizia.it/sigp/?idlingua=IT
Ministero della Giustizia,Giustizia,Presentare una procedura per controversie minori (emettere il reclamo in tribunale),Definire e comunicare chiaramente il limite massimo di tempo per l'erogazione del servizio,Servizio Nazionale,https://gdp.giustizia.it/sigp/?idlingua=IT
Ministero della Giustizia,Giustizia,Presentare una procedura per controversie minori (emettere il reclamo in tribunale),Consentire l'autenticazione online per accedere al servizio,Servizio Nazionale,https://gdp.giustizia.it/sigp/?idlingua=IT
Ministero della Giustizia,Giustizia,Presentare una procedura per controversie minori (emettere il reclamo in tribunale),Permettere l'uso dell'identità digitale nazionale per l'autenticazione,Servizio Nazionale,https://gdp.giustizia.it/sigp/?idlingua=IT
Ministero della Giustizia,Giustizia,Presentare una procedura per controversie minori (emettere il reclamo in tribunale),Consentire l'accesso ad altri servizi correlati senza dover effettuare nuovamente l'autenticazione,Servizio Nazionale,https://gdp.giustizia.it/sigp/?idlingua=IT
Ministero della Giustizia,Giustizia,Presentare una procedura per controversie minori (emettere il reclamo in tribunale),Permettere agli utenti di utilizzare un'identità digitale privata per l'autenticazione,Servizio Nazionale,https://gdp.giustizia.it/sigp/?idlingua=IT
Ministero della Giustizia,Giustizia,Presentare una procedura per controversie minori (emettere il reclamo in tribunale),Consentire il precompilamento automatico dei dati personali già disponibili,Servizio Nazionale,https://gdp.giustizia.it/sigp/?idlingua=IT
Ministero della Giustizia,Giustizia,Presentare una procedura per controversie minori (emettere il reclamo in tribunale),Garantire che il servizio sia ottimizzato per l'accesso da dispositivi mobili,Servizio Nazionale,https://gdp.giustizia.it/sigp/?idlingua=IT
Ministero della Giustizia,Giustizia,Presentare prove/documenti di supporto,Chiarire esplicitamente la durata prevista del processo,Servizio Nazionale,https://gdp.giustizia.it/sigp/?idlingua=IT
Ministero della Giustizia,Giustizia,Presentare prove/documenti di supporto,Rendere chiari e facilmente accessibili i tempi previsti per l'erogazione,Servizio Nazionale,https://gdp.giustizia.it/sigp/?idlingua=IT
Ministero della Giustizia,Giustizia,Presentare prove/documenti di supporto,Definire e comunicare chiaramente il limite massimo di tempo per l'erogazione del servizio,Servizio Nazionale,https://gdp.giustizia.it/sigp/?idlingua=IT
Ministero della Giustizia,Giustizia,Presentare prove/documenti di supporto,Consentire l'autenticazione online per accedere al servizio,Servizio Nazionale,https://gdp.giustizia.it/sigp/?idlingua=IT
Ministero della Giustizia,Giustizia,Presentare prove/documenti di supporto,Permettere l'uso dell'identità digitale nazionale per l'autenticazione,Servizio Nazionale,https://gdp.giustizia.it/sigp/?idlingua=IT
Ministero della Giustizia,Giustizia,Presentare prove/documenti di supporto,Consentire l'accesso ad altri servizi correlati senza dover effettuare nuovamente l'autenticazione,Servizio Nazionale,https://gdp.giustizia.it/sigp/?idlingua=IT
Ministero della Giustizia,Giustizia,Presentare prove/documenti di supporto,Permettere agli utenti di utilizzare un'identità digitale privata per l'autenticazione,Servizio Nazionale,https://gdp.giustizia.it/sigp/?idlingua=IT
Ministero della Giustizia,Giustizia,Presentare prove/documenti di supporto,Consentire il precompilamento automatico dei dati personali già disponibili,Servizio Nazionale,https://gdp.giustizia.it/sigp/?idlingua=IT
Ministero della Giustizia,Giustizia,Presentare prove/documenti di supporto,Rendere disponibile l'output del servizio in formato elettronico,Servizio Nazionale,https://gdp.giustizia.it/sigp/?idlingua=IT
Ministero della Giustizia,Giustizia,Presentare prove/documenti di supporto,Fornire una notifica automatica al completamento del servizio,Servizio Nazionale,https://gdp.giustizia.it/sigp/?idlingua=IT
Ministero della Giustizia,Giustizia,Presentare prove/documenti di supporto,Garantire che il servizio sia ottimizzato per l'accesso da dispositivi mobili,Servizio Nazionale,https://gdp.giustizia.it/sigp/?idlingua=IT
Ministero della Giustizia,Giustizia,Monitorare lo stato del caso,Garantire che il servizio sia ottimizzato per l'accesso da dispositivi mobili,Servizio Nazionale,http://pst.giustizia.it/PST/it/pst_1.wp
Ministero della Giustizia,Giustizia,Monitorare lo stato del caso,Garantire che il servizio sia ottimizzato per l'accesso da dispositivi mobili,Servizio Nazionale,https://gdp.giustizia.it/sigp/?idlingua=IT
Ministero della Giustizia,Giustizia,Monitorare lo stato del caso,Garantire che il servizio sia ottimizzato per l'accesso da dispositivi mobili,Servizio Nazionale,https://gdp.giustizia.it/sigp/index.php?menu=ricerche&pagina=cambiaufficio&nextpagina=direttapiweb#elenco
Ministero della Giustizia,Giustizia,Ricorrere contro la decisione del tribunale,Rendere le informazioni sul servizio disponibili online,Servizio Nazionale,http://pst.giustizia.it/PST/it/pst_2_4.wp
Ministero della Giustizia,Giustizia,Ricorrere contro la decisione del tribunale,Rendere il servizio effettivo disponibile online,Servizio Nazionale,http://pst.giustizia.it/PST/it/pst_2_4.wp
Ministero della Giustizia,Giustizia,Ricorrere contro la decisione del tribunale,Garantire che il servizio/le informazioni sul servizio siano disponibili tramite i portali rilevanti,Servizio Nazionale,http://pst.giustizia.it/PST/it/pst_2_4.wp
Ministero della Giustizia,Giustizia,Ricorrere contro la decisione del tribunale,Chiarire esplicitamente la durata prevista del processo,Servizio Nazionale,http://pst.giustizia.it/PST/it/pst_2_4.wp
Ministero della Giustizia,Giustizia,Ricorrere contro la decisione del tribunale,Rendere chiari e facilmente accessibili i tempi previsti per l'erogazione,Servizio Nazionale,http://pst.giustizia.it/PST/it/pst_2_4.wp
Ministero della Giustizia,Giustizia,Ricorrere contro la decisione del tribunale,Definire e comunicare chiaramente il limite massimo di tempo per l'erogazione del servizio,Servizio Nazionale,http://pst.giustizia.it/PST/it/pst_2_4.wp
Ministero della Giustizia,Giustizia,Ricorrere contro la decisione del tribunale,Consentire l'autenticazione online per accedere al servizio,Servizio Nazionale,http://pst.giustizia.it/PST/it/pst_2_4.wp
Ministero della Giustizia,Giustizia,Ricorrere contro la decisione del tribunale,Permettere l'uso dell'identità digitale nazionale per l'autenticazione,Servizio Nazionale,http://pst.giustizia.it/PST/it/pst_2_4.wp
Ministero della Giustizia,Giustizia,Ricorrere contro la decisione del tribunale,Consentire l'accesso ad altri servizi correlati senza dover effettuare nuovamente l'autenticazione,Servizio Nazionale,http://pst.giustizia.it/PST/it/pst_2_4.wp
Ministero della Giustizia,Giustizia,Ricorrere contro la decisione del tribunale,Permettere agli utenti di utilizzare un'identità digitale privata per l'autenticazione,Servizio Nazionale,http://pst.giustizia.it/PST/it/pst_2_4.wp
Ministero della Giustizia,Giustizia,Ricorrere contro la decisione del tribunale,Chiarire esplicitamente quali informazioni personali sono richieste agli utenti,Servizio Nazionale,http://pst.giustizia.it/PST/it/pst_2_4.wp
Ministero della Giustizia,Giustizia,Ricorrere contro la decisione del tribunale,Consentire il precompilamento automatico dei dati personali già disponibili,Servizio Nazionale,http://pst.giustizia.it/PST/it/pst_2_4.wp
Ministero della Giustizia,Giustizia,Ricorrere contro la decisione del tribunale,Fornire una conferma automatica di ricezione delle richieste inviate dagli utenti,Servizio Nazionale,http://pst.giustizia.it/PST/it/pst_2_4.wp
Ministero della Giustizia,Giustizia,Ricorrere contro la decisione del tribunale,Rendere disponibile l'output del servizio in formato elettronico,Servizio Nazionale,http://pst.giustizia.it/PST/it/pst_2_4.wp
Ministero della Giustizia,Giustizia,Ricorrere contro la decisione del tribunale,Fornire una notifica automatica al completamento del servizio,Servizio Nazionale,http://pst.giustizia.it/PST/it/pst_2_4.wp
Ministero della Giustizia,Giustizia,Ricorrere contro la decisione del tribunale,Chiarire esplicitamente la durata prevista del processo,Servizio Nazionale,http://www.giudicedipace.bologna.it/it/Content/Index/26932
Ministero della Giustizia,Giustizia,Ricorrere contro la decisione del tribunale,Rendere chiari e facilmente accessibili i tempi previsti per l'erogazione,Servizio Nazionale,http://www.giudicedipace.bologna.it/it/Content/Index/26932
Ministero della Giustizia,Giustizia,Ricorrere contro la decisione del tribunale,Definire e comunicare chiaramente il limite massimo di tempo per l'erogazione del servizio,Servizio Nazionale,http://www.giudicedipace.bologna.it/it/Content/Index/26932
Ministero della Giustizia,Giustizia,Ricorrere contro la decisione del tribunale,Consentire l'autenticazione online per accedere al servizio,Servizio Nazionale,http://www.giudicedipace.bologna.it/it/Content/Index/26932
Ministero della Giustizia,Giustizia,Ricorrere contro la decisione del tribunale,Permettere l'uso dell'identità digitale nazionale per l'autenticazione,Servizio Nazionale,http://www.giudicedipace.bologna.it/it/Content/Index/26932
Ministero della Giustizia,Giustizia,Ricorrere contro la decisione del tribunale,Consentire l'accesso ad altri servizi correlati senza dover effettuare nuovamente l'autenticazione,Servizio Nazionale,http://www.giudicedipace.bologna.it/it/Content/Index/26932
Ministero della Giustizia,Giustizia,Ricorrere contro la decisione del tribunale,Permettere agli utenti di utilizzare un'identità digitale privata per l'autenticazione,Servizio Nazionale,http://www.giudicedipace.bologna.it/it/Content/Index/26932
Ministero della Giustizia,Giustizia,Ricorrere contro la decisione del tribunale,Consentire il precompilamento automatico dei dati personali già disponibili,Servizio Nazionale,http://www.giudicedipace.bologna.it/it/Content/Index/26932
Ministero della Giustizia,Giustizia,Ricorrere contro la decisione del tribunale,Rendere disponibile l'output del servizio in formato elettronico,Servizio Nazionale,http://www.giudicedipace.bologna.it/it/Content/Index/26932
Ministero della Giustizia,Giustizia,Ricorrere contro la decisione del tribunale,Fornire una notifica automatica al completamento del servizio,Servizio Nazionale,http://www.giudicedipace.bologna.it/it/Content/Index/26932
Ministero della Giustizia,Giustizia,Ricorrere contro la decisione del tribunale,Garantire che il servizio sia ottimizzato per l'accesso da dispositivi mobili,Servizio Nazionale,http://www.giudicedipace.bologna.it/it/Content/Index/26932
Ministero della Giustizia,Giustizia,Ricorrere contro la decisione del tribunale,Chiarire esplicitamente la durata prevista del processo,Servizio Nazionale,http://www.giudicedipace.firenze.it/it/Content/Index/42747
Ministero della Giustizia,Giustizia,Ricorrere contro la decisione del tribunale,Rendere chiari e facilmente accessibili i tempi previsti per l'erogazione,Servizio Nazionale,http://www.giudicedipace.firenze.it/it/Content/Index/42747
Ministero della Giustizia,Giustizia,Ricorrere contro la decisione del tribunale,Definire e comunicare chiaramente il limite massimo di tempo per l'erogazione del servizio,Servizio Nazionale,http://www.giudicedipace.firenze.it/it/Content/Index/42747
Ministero della Giustizia,Giustizia,Ricorrere contro la decisione del tribunale,Consentire l'autenticazione online per accedere al servizio,Servizio Nazionale,http://www.giudicedipace.firenze.it/it/Content/Index/42747
Ministero della Giustizia,Giustizia,Ricorrere contro la decisione del tribunale,Permettere l'uso dell'identità digitale nazionale per l'autenticazione,Servizio Nazionale,http://www.giudicedipace.firenze.it/it/Content/Index/42747
Ministero della Giustizia,Giustizia,Ricorrere contro la decisione del tribunale,Consentire l'accesso ad altri servizi correlati senza dover effettuare nuovamente l'autenticazione,Servizio Nazionale,http://www.giudicedipace.firenze.it/it/Content/Index/42747
Ministero della Giustizia,Giustizia,Ricorrere contro la decisione del tribunale,Permettere agli utenti di utilizzare un'identità digitale privata per l'autenticazione,Servizio Nazionale,http://www.giudicedipace.firenze.it/it/Content/Index/42747
Ministero della Giustizia,Giustizia,Ricorrere contro la decisione del tribunale,Consentire il precompilamento automatico dei dati personali già disponibili,Servizio Nazionale,http://www.giudicedipace.firenze.it/it/Content/Index/42747
Ministero della Giustizia,Giustizia,Ricorrere contro la decisione del tribunale,Fornire una notifica automatica al completamento del servizio,Servizio Nazionale,http://www.giudicedipace.firenze.it/it/Content/Index/42747
Ministero della Giustizia,Giustizia,Ricorrere contro la decisione del tribunale,Garantire che il servizio sia ottimizzato per l'accesso da dispositivi mobili,Servizio Nazionale,http://www.giudicedipace.firenze.it/it/Content/Index/42747
Ministero dei Trasporti,Trasporti,Registrare un’auto,Chiarire esplicitamente la durata prevista del processo,Servizio Nazionale,https://www.ilportaledellautomobilista.it/web/portale-automobilista/immatricolazione
Ministero dei Trasporti,Trasporti,Registrare un’auto,Rendere chiari e facilmente accessibili i tempi previsti per l'erogazione,Servizio Nazionale,https://www.ilportaledellautomobilista.it/web/portale-automobilista/immatricolazione
Ministero dei Trasporti,Trasporti,Registrare un’auto,Definire e comunicare chiaramente il limite massimo di tempo per l'erogazione del servizio,Servizio Nazionale,https://www.ilportaledellautomobilista.it/web/portale-automobilista/immatricolazione
Ministero dei Trasporti,Trasporti,Registrare un’auto,Consentire l'accesso ad altri servizi correlati senza dover effettuare nuovamente l'autenticazione,Servizio Nazionale,https://www.ilportaledellautomobilista.it/web/portale-automobilista/immatricolazione
Ministero dei Trasporti,Trasporti,Registrare un’auto,Permettere agli utenti di utilizzare un'identità digitale privata per l'autenticazione,Servizio Nazionale,https://www.ilportaledellautomobilista.it/web/portale-automobilista/immatricolazione
Ministero dei Trasporti,Trasporti,Registrare un’auto,Consentire il precompilamento automatico dei dati personali già disponibili,Servizio Nazionale,https://www.ilportaledellautomobilista.it/web/portale-automobilista/immatricolazione
Ministero dei Trasporti,Trasporti,Registrare un’auto,Fornire una conferma automatica di ricezione delle richieste inviate dagli utenti,Servizio Nazionale,https://www.ilportaledellautomobilista.it/web/portale-automobilista/immatricolazione
Ministero dei Trasporti,Trasporti,Registrare un’auto,Rendere disponibile l'output del servizio in formato elettronico,Servizio Nazionale,https://www.ilportaledellautomobilista.it/web/portale-automobilista/immatricolazione
Ministero dei Trasporti,Trasporti,Registrare un’auto,Fornire una notifica automatica al completamento del servizio,Servizio Nazionale,https://www.ilportaledellautomobilista.it/web/portale-automobilista/immatricolazione
Ministero dei Trasporti,Trasporti,Registrare un’auto,Garantire che il servizio sia ottimizzato per l'accesso da dispositivi mobili,Servizio Nazionale,https://www.ilportaledellautomobilista.it/web/portale-automobilista/immatricolazione
Comune di Roma,Trasporti,Ottenere un permesso di parcheggio,Chiarire esplicitamente la durata prevista del processo,Servizio Nazionale,https://romamobilita.it/it/servizi/strisce-blu/documenti-richiesta
Comune di Roma,Trasporti,Ottenere un permesso di parcheggio,Rendere chiari e facilmente accessibili i tempi previsti per l'erogazione,Servizio Nazionale,https://romamobilita.it/it/servizi/strisce-blu/documenti-richiesta
Comune di Roma,Trasporti,Ottenere un permesso di parcheggio,Definire e comunicare chiaramente il limite massimo di tempo per l'erogazione del servizio,Servizio Nazionale,https://romamobilita.it/it/servizi/strisce-blu/documenti-richiesta
Comune di Roma,Trasporti,Ottenere un permesso di parcheggio,Consentire l'accesso ad altri servizi correlati senza dover effettuare nuovamente l'autenticazione,Servizio Nazionale,https://romamobilita.it/it/servizi/strisce-blu/documenti-richiesta
Comune di Roma,Trasporti,Ottenere un permesso di parcheggio,Permettere agli utenti di utilizzare un'identità digitale privata per l'autenticazione,Servizio Nazionale,https://romamobilita.it/it/servizi/strisce-blu/documenti-richiesta
Comune di Roma,Trasporti,Ottenere un permesso di parcheggio,Consentire il precompilamento automatico dei dati personali già disponibili,Servizio Nazionale,https://romamobilita.it/it/servizi/strisce-blu/documenti-richiesta
Comune di Roma,Trasporti,Ottenere un permesso di parcheggio,Fornire una conferma automatica di ricezione delle richieste inviate dagli utenti,Servizio Nazionale,https://romamobilita.it/it/servizi/strisce-blu/documenti-richiesta
Comune di Roma,Trasporti,Ottenere un permesso di parcheggio,Rendere disponibile l'output del servizio in formato elettronico,Servizio Nazionale,https://romamobilita.it/it/servizi/strisce-blu/documenti-richiesta
Comune di Roma,Trasporti,Ottenere un permesso di parcheggio,Fornire una notifica automatica al completamento del servizio,Servizio Nazionale,https://romamobilita.it/it/servizi/strisce-blu/documenti-richiesta
Comune di Milano,Trasporti,Ottenere un permesso di parcheggio,Chiarire esplicitamente la durata prevista del processo,Servizio Nazionale,http://www.comune.milano.it/wps/portal/ist/it/servizi/mobilita
Comune di Milano,Trasporti,Ottenere un permesso di parcheggio,Consentire l'accesso ad altri servizi correlati senza dover effettuare nuovamente l'autenticazione,Servizio Nazionale,http://www.comune.milano.it/wps/portal/ist/it/servizi/mobilita
Comune di Milano,Trasporti,Ottenere un permesso di parcheggio,Permettere agli utenti di utilizzare un'identità digitale privata per l'autenticazione,Servizio Nazionale,http://www.comune.milano.it/wps/portal/ist/it/servizi/mobilita
Comune di Napoli,Trasporti,Ottenere un permesso di parcheggio,Chiarire esplicitamente la durata prevista del processo,Servizio Nazionale,http://www.comune.napoli.it/flex/cm/pages/ServeBLOB.php/L/IT/IDPagina/12965
Comune di Napoli,Trasporti,Ottenere un permesso di parcheggio,Consentire l'accesso ad altri servizi correlati senza dover effettuare nuovamente l'autenticazione,Servizio Nazionale,http://www.comune.napoli.it/flex/cm/pages/ServeBLOB.php/L/IT/IDPagina/12965
Comune di Napoli,Trasporti,Ottenere un permesso di parcheggio,Permettere agli utenti di utilizzare un'identità digitale privata per l'autenticazione,Servizio Nazionale,http://www.comune.napoli.it/flex/cm/pages/ServeBLOB.php/L/IT/IDPagina/12965
Comune di Napoli,Trasporti,Ottenere un permesso di parcheggio,Consentire il precompilamento automatico dei dati personali già disponibili,Servizio Nazionale,http://www.comune.napoli.it/flex/cm/pages/ServeBLOB.php/L/IT/IDPagina/12965
Comune di Napoli,Trasporti,Ottenere un permesso di parcheggio,Rendere disponibile l'output del servizio in formato elettronico,Servizio Nazionale,http://www.comune.napoli.it/flex/cm/pages/ServeBLOB.php/L/IT/IDPagina/12965
Comune di Napoli,Trasporti,Ottenere un permesso di parcheggio,Fornire una notifica automatica al completamento del servizio,Servizio Nazionale,http://www.comune.napoli.it/flex/cm/pages/ServeBLOB.php/L/IT/IDPagina/12965
Comune di Torino,Trasporti,Ottenere un permesso di parcheggio,Chiarire esplicitamente la durata prevista del processo,Servizio Nazionale,http://www.gtt.to.it/cms/parcheggi
Comune di Torino,Trasporti,Ottenere un permesso di parcheggio,Rendere chiari e facilmente accessibili i tempi previsti per l'erogazione,Servizio Nazionale,http://www.gtt.to.it/cms/parcheggi
Comune di Torino,Trasporti,Ottenere un permesso di parcheggio,Definire e comunicare chiaramente il limite massimo di tempo per l'erogazione del servizio,Servizio Nazionale,http://www.gtt.to.it/cms/parcheggi
Comune di Torino,Trasporti,Ottenere un permesso di parcheggio,Consentire l'accesso ad altri servizi correlati senza dover effettuare nuovamente l'autenticazione,Servizio Nazionale,http://www.gtt.to.it/cms/parcheggi
Comune di Torino,Trasporti,Ottenere un permesso di parcheggio,Permettere agli utenti di utilizzare un'identità digitale privata per l'autenticazione,Servizio Nazionale,http://www.gtt.to.it/cms/parcheggi
Comune di Torino,Trasporti,Ottenere un permesso di parcheggio,Consentire il precompilamento automatico dei dati personali già disponibili,Servizio Nazionale,http://www.gtt.to.it/cms/parcheggi
Comune di Torino,Trasporti,Ottenere un permesso di parcheggio,Fornire una notifica automatica al completamento del servizio,Servizio Nazionale,http://www.gtt.to.it/cms/parcheggi
Comune di Palermo,Trasporti,Ottenere un permesso di parcheggio,Rendere il servizio effettivo disponibile online,Servizio Nazionale,https://www.comune.palermo.it/polizia-municipale-zone-blu.php
Comune di Palermo,Trasporti,Ottenere un permesso di parcheggio,Chiarire esplicitamente la durata prevista del processo,Servizio Nazionale,https://www.comune.palermo.it/polizia-municipale-zone-blu.php
Comune di Palermo,Trasporti,Ottenere un permesso di parcheggio,Rendere chiari e facilmente accessibili i tempi previsti per l'erogazione,Servizio Nazionale,https://www.comune.palermo.it/polizia-municipale-zone-blu.php
Comune di Palermo,Trasporti,Ottenere un permesso di parcheggio,Definire e comunicare chiaramente il limite massimo di tempo per l'erogazione del servizio,Servizio Nazionale,https://www.comune.palermo.it/polizia-municipale-zone-blu.php
Comune di Palermo,Trasporti,Ottenere un permesso di parcheggio,Esplicitare chiaramente se è necessaria l'autenticazione per accedere al servizio,Servizio Nazionale,https://www.comune.palermo.it/polizia-municipale-zone-blu.php
Comune di Palermo,Trasporti,Ottenere un permesso di parcheggio,Consentire l'autenticazione online per accedere al servizio,Servizio Nazionale,https://www.comune.palermo.it/polizia-municipale-zone-blu.php
Comune di Palermo,Trasporti,Ottenere un permesso di parcheggio,Permettere l'uso dell'identità digitale nazionale per l'autenticazione,Servizio Nazionale,https://www.comune.palermo.it/polizia-municipale-zone-blu.php
Comune di Palermo,Trasporti,Ottenere un permesso di parcheggio,Consentire l'accesso ad altri servizi correlati senza dover effettuare nuovamente l'autenticazione,Servizio Nazionale,https://www.comune.palermo.it/polizia-municipale-zone-blu.php
Comune di Palermo,Trasporti,Ottenere un permesso di parcheggio,Permettere agli utenti di utilizzare un'identità digitale privata per l'autenticazione,Servizio Nazionale,https://www.comune.palermo.it/polizia-municipale-zone-blu.php
Comune di Palermo,Trasporti,Ottenere un permesso di parcheggio,Chiarire esplicitamente quali informazioni personali sono richieste agli utenti,Servizio Nazionale,https://www.comune.palermo.it/polizia-municipale-zone-blu.php
Comune di Palermo,Trasporti,Ottenere un permesso di parcheggio,Consentire il precompilamento automatico dei dati personali già disponibili,Servizio Nazionale,https://www.comune.palermo.it/polizia-municipale-zone-blu.php
Comune di Palermo,Trasporti,Ottenere un permesso di parcheggio,Fornire una conferma automatica di ricezione delle richieste inviate dagli utenti,Servizio Nazionale,https://www.comune.palermo.it/polizia-municipale-zone-blu.php
Comune di Palermo,Trasporti,Ottenere un permesso di parcheggio,Rendere disponibile l'output del servizio in formato elettronico,Servizio Nazionale,https://www.comune.palermo.it/polizia-municipale-zone-blu.php
Comune di Palermo,Trasporti,Ottenere un permesso di parcheggio,Fornire una notifica automatica al completamento del servizio,Servizio Nazionale,https://www.comune.palermo.it/polizia-municipale-zone-blu.php
Comune di Genova,Trasporti,Ottenere un permesso di parcheggio,Chiarire esplicitamente la durata prevista del processo,Servizio Nazionale,http://www.comune.genova.it/servizi/mobilita
Comune di Genova,Trasporti,Ottenere un permesso di parcheggio,Consentire l'accesso ad altri servizi correlati senza dover effettuare nuovamente l'autenticazione,Servizio Nazionale,http://www.comune.genova.it/servizi/mobilita
Comune di Genova,Trasporti,Ottenere un permesso di parcheggio,Permettere agli utenti di utilizzare un'identità digitale privata per l'autenticazione,Servizio Nazionale,http://www.comune.genova.it/servizi/mobilita
Comune di Genova,Trasporti,Ottenere un permesso di parcheggio,Consentire il precompilamento automatico dei dati personali già disponibili,Servizio Nazionale,http://www.comune.genova.it/servizi/mobilita
Comune di Genova,Trasporti,Ottenere un permesso di parcheggio,Rendere disponibile l'output del servizio in formato elettronico,Servizio Nazionale,http://www.comune.genova.it/servizi/mobilita
Comune di Genova,Trasporti,Ottenere un permesso di parcheggio,Fornire una notifica automatica al completamento del servizio,Servizio Nazionale,http://www.comune.genova.it/servizi/mobilita
Comune di Genova,Trasporti,Ottenere un permesso di parcheggio,Garantire che il servizio sia ottimizzato per l'accesso da dispositivi mobili,Servizio Nazionale,http://www.comune.genova.it/servizi/mobilita
Comune di Bologna,Trasporti,Ottenere un permesso di parcheggio,Chiarire esplicitamente la durata prevista del processo,Servizio Nazionale,http://www.comune.bologna.it/trasporti/servizi/2:2983/
Comune di Bologna,Trasporti,Ottenere un permesso di parcheggio,Consentire l'accesso ad altri servizi correlati senza dover effettuare nuovamente l'autenticazione,Servizio Nazionale,http://www.comune.bologna.it/trasporti/servizi/2:2983/
Comune di Bologna,Trasporti,Ottenere un permesso di parcheggio,Permettere agli utenti di utilizzare un'identità digitale privata per l'autenticazione,Servizio Nazionale,http://www.comune.bologna.it/trasporti/servizi/2:2983/
Comune di Bologna,Trasporti,Ottenere un permesso di parcheggio,Consentire il precompilamento automatico dei dati personali già disponibili,Servizio Nazionale,http://www.comune.bologna.it/trasporti/servizi/2:2983/
Comune di Bologna,Trasporti,Ottenere un permesso di parcheggio,Rendere disponibile l'output del servizio in formato elettronico,Servizio Nazionale,http://www.comune.bologna.it/trasporti/servizi/2:2983/
Comune di Bologna,Trasporti,Ottenere un permesso di parcheggio,Fornire una notifica automatica al completamento del servizio,Servizio Nazionale,http://www.comune.bologna.it/trasporti/servizi/2:2983/
Comune di Firenze,Trasporti,Ottenere un permesso di parcheggio,Rendere il servizio effettivo disponibile online,Servizio Nazionale,http://mobilita.comune.fi.it/muoversi/muoversi/parcheggi.html
Comune di Firenze,Trasporti,Ottenere un permesso di parcheggio,Chiarire esplicitamente la durata prevista del processo,Servizio Nazionale,http://mobilita.comune.fi.it/muoversi/muoversi/parcheggi.html
Comune di Firenze,Trasporti,Ottenere un permesso di parcheggio,Rendere chiari e facilmente accessibili i tempi previsti per l'erogazione,Servizio Nazionale,http://mobilita.comune.fi.it/muoversi/muoversi/parcheggi.html
Comune di Firenze,Trasporti,Ottenere un permesso di parcheggio,Definire e comunicare chiaramente il limite massimo di tempo per l'erogazione del servizio,Servizio Nazionale,http://mobilita.comune.fi.it/muoversi/muoversi/parcheggi.html
Comune di Firenze,Trasporti,Ottenere un permesso di parcheggio,Consentire l'autenticazione online per accedere al servizio,Servizio Nazionale,http://mobilita.comune.fi.it/muoversi/muoversi/parcheggi.html
Comune di Firenze,Trasporti,Ottenere un permesso di parcheggio,Permettere l'uso dell'identità digitale nazionale per l'autenticazione,Servizio Nazionale,http://mobilita.comune.fi.it/muoversi/muoversi/parcheggi.html
Comune di Firenze,Trasporti,Ottenere un permesso di parcheggio,Consentire l'accesso ad altri servizi correlati senza dover effettuare nuovamente l'autenticazione,Servizio Nazionale,http://mobilita.comune.fi.it/muoversi/muoversi/parcheggi.html
Comune di Firenze,Trasporti,Ottenere un permesso di parcheggio,Permettere agli utenti di utilizzare un'identità digitale privata per l'autenticazione,Servizio Nazionale,http://mobilita.comune.fi.it/muoversi/muoversi/parcheggi.html
Comune di Firenze,Trasporti,Ottenere un permesso di parcheggio,Consentire il precompilamento automatico dei dati personali già disponibili,Servizio Nazionale,http://mobilita.comune.fi.it/muoversi/muoversi/parcheggi.html
Comune di Firenze,Trasporti,Ottenere un permesso di parcheggio,Fornire una conferma automatica di ricezione delle richieste inviate dagli utenti,Servizio Nazionale,http://mobilita.comune.fi.it/muoversi/muoversi/parcheggi.html
Comune di Firenze,Trasporti,Ottenere un permesso di parcheggio,Rendere disponibile l'output del servizio in formato elettronico,Servizio Nazionale,http://mobilita.comune.fi.it/muoversi/muoversi/parcheggi.html
Comune di Firenze,Trasporti,Ottenere un permesso di parcheggio,Fornire una notifica automatica al completamento del servizio,Servizio Nazionale,http://mobilita.comune.fi.it/muoversi/muoversi/parcheggi.html
Comune di Firenze,Trasporti,Ottenere un permesso di parcheggio,Garantire che il servizio sia ottimizzato per l'accesso da dispositivi mobili,Servizio Nazionale,http://mobilita.comune.fi.it/muoversi/muoversi/parcheggi.html
Comune di Bari,Trasporti,Ottenere un permesso di parcheggio,Chiarire esplicitamente la durata prevista del processo,Servizio Nazionale,http://www.amtab.it/it/muvt-app
Comune di Bari,Trasporti,Ottenere un permesso di parcheggio,Permettere l'uso dell'identità digitale nazionale per l'autenticazione,Servizio Nazionale,http://www.amtab.it/it/muvt-app
Comune di Bari,Trasporti,Ottenere un permesso di parcheggio,Consentire l'accesso ad altri servizi correlati senza dover effettuare nuovamente l'autenticazione,Servizio Nazionale,http://www.amtab.it/it/muvt-app
Comune di Bari,Trasporti,Ottenere un permesso di parcheggio,Permettere agli utenti di utilizzare un'identità digitale privata per l'autenticazione,Servizio Nazionale,http://www.amtab.it/it/muvt-app
Comune di Bari,Trasporti,Ottenere un permesso di parcheggio,Chiarire esplicitamente quali informazioni personali sono richieste agli utenti,Servizio Nazionale,http://www.amtab.it/it/muvt-app
Comune di Bari,Trasporti,Ottenere un permesso di parcheggio,Consentire il precompilamento automatico dei dati personali già disponibili,Servizio Nazionale,http://www.amtab.it/it/muvt-app
Comune di Bari,Trasporti,Ottenere un permesso di parcheggio,Fornire una conferma automatica di ricezione delle richieste inviate dagli utenti,Servizio Nazionale,http://www.amtab.it/it/muvt-app
Comune di Catania,Trasporti,Ottenere un permesso di parcheggio,Chiarire esplicitamente la durata prevista del processo,Servizio Nazionale,https://www.amts.ct.it/tariffe-abbonamenti-sosta
Comune di Catania,Trasporti,Ottenere un permesso di parcheggio,Rendere chiari e facilmente accessibili i tempi previsti per l'erogazione,Servizio Nazionale,https://www.amts.ct.it/tariffe-abbonamenti-sosta
Comune di Catania,Trasporti,Ottenere un permesso di parcheggio,Definire e comunicare chiaramente il limite massimo di tempo per l'erogazione del servizio,Servizio Nazionale,https://www.amts.ct.it/tariffe-abbonamenti-sosta
Comune di Catania,Trasporti,Ottenere un permesso di parcheggio,Permettere l'uso dell'identità digitale nazionale per l'autenticazione,Servizio Nazionale,https://www.amts.ct.it/tariffe-abbonamenti-sosta
Comune di Catania,Trasporti,Ottenere un permesso di parcheggio,Consentire l'accesso ad altri servizi correlati senza dover effettuare nuovamente l'autenticazione,Servizio Nazionale,https://www.amts.ct.it/tariffe-abbonamenti-sosta
Comune di Catania,Trasporti,Ottenere un permesso di parcheggio,Permettere agli utenti di utilizzare un'identità digitale privata per l'autenticazione,Servizio Nazionale,https://www.amts.ct.it/tariffe-abbonamenti-sosta
Comune di Catania,Trasporti,Ottenere un permesso di parcheggio,Fornire una conferma automatica di ricezione delle richieste inviate dagli utenti,Servizio Nazionale,https://www.amts.ct.it/tariffe-abbonamenti-sosta
Comune di Verona,Trasporti,Ottenere un permesso di parcheggio,Chiarire esplicitamente la durata prevista del processo,Servizio Nazionale,https://www.comune.verona.it/nqcontent.cfm?a_id=3174&tt=verona_agid
Comune di Verona,Trasporti,Ottenere un permesso di parcheggio,Rendere chiari e facilmente accessibili i tempi previsti per l'erogazione,Servizio Nazionale,https://www.comune.verona.it/nqcontent.cfm?a_id=3174&tt=verona_agid
Comune di Verona,Trasporti,Ottenere un permesso di parcheggio,Definire e comunicare chiaramente il limite massimo di tempo per l'erogazione del servizio,Servizio Nazionale,https://www.comune.verona.it/nqcontent.cfm?a_id=3174&tt=verona_agid
Comune di Verona,Trasporti,Ottenere un permesso di parcheggio,Consentire l'accesso ad altri servizi correlati senza dover effettuare nuovamente l'autenticazione,Servizio Nazionale,https://www.comune.verona.it/nqcontent.cfm?a_id=3174&tt=verona_agid
Comune di Verona,Trasporti,Ottenere un permesso di parcheggio,Permettere agli utenti di utilizzare un'identità digitale privata per l'autenticazione,Servizio Nazionale,https://www.comune.verona.it/nqcontent.cfm?a_id=3174&tt=verona_agid
Comune di Verona,Trasporti,Ottenere un permesso di parcheggio,Consentire il precompilamento automatico dei dati personali già disponibili,Servizio Nazionale,https://www.comune.verona.it/nqcontent.cfm?a_id=3174&tt=verona_agid
Comune di Venezia,Trasporti,Ottenere un permesso di parcheggio,Rendere il servizio effettivo disponibile online,Servizio Nazionale,http://avm.avmspa.it/it/content/parcheggi-0/#P_VENEZIA
Comune di Venezia,Trasporti,Ottenere un permesso di parcheggio,Chiarire esplicitamente la durata prevista del processo,Servizio Nazionale,http://avm.avmspa.it/it/content/parcheggi-0/#P_VENEZIA
Comune di Venezia,Trasporti,Ottenere un permesso di parcheggio,Rendere chiari e facilmente accessibili i tempi previsti per l'erogazione,Servizio Nazionale,http://avm.avmspa.it/it/content/parcheggi-0/#P_VENEZIA
Comune di Venezia,Trasporti,Ottenere un permesso di parcheggio,Definire e comunicare chiaramente il limite massimo di tempo per l'erogazione del servizio,Servizio Nazionale,http://avm.avmspa.it/it/content/parcheggi-0/#P_VENEZIA
Comune di Venezia,Trasporti,Ottenere un permesso di parcheggio,Consentire l'autenticazione online per accedere al servizio,Servizio Nazionale,http://avm.avmspa.it/it/content/parcheggi-0/#P_VENEZIA
Comune di Venezia,Trasporti,Ottenere un permesso di parcheggio,Permettere l'uso dell'identità digitale nazionale per l'autenticazione,Servizio Nazionale,http://avm.avmspa.it/it/content/parcheggi-0/#P_VENEZIA
Comune di Venezia,Trasporti,Ottenere un permesso di parcheggio,Consentire l'accesso ad altri servizi correlati senza dover effettuare nuovamente l'autenticazione,Servizio Nazionale,http://avm.avmspa.it/it/content/parcheggi-0/#P_VENEZIA
Comune di Venezia,Trasporti,Ottenere un permesso di parcheggio,Permettere agli utenti di utilizzare un'identità digitale privata per l'autenticazione,Servizio Nazionale,http://avm.avmspa.it/it/content/parcheggi-0/#P_VENEZIA
Comune di Venezia,Trasporti,Ottenere un permesso di parcheggio,Chiarire esplicitamente quali informazioni personali sono richieste agli utenti,Servizio Nazionale,http://avm.avmspa.it/it/content/parcheggi-0/#P_VENEZIA
Comune di Venezia,Trasporti,Ottenere un permesso di parcheggio,Consentire il precompilamento automatico dei dati personali già disponibili,Servizio Nazionale,http://avm.avmspa.it/it/content/parcheggi-0/#P_VENEZIA
Comune di Venezia,Trasporti,Ottenere un permesso di parcheggio,Fornire una conferma automatica di ricezione delle richieste inviate dagli utenti,Servizio Nazionale,http://avm.avmspa.it/it/content/parcheggi-0/#P_VENEZIA
Comune di Venezia,Trasporti,Ottenere un permesso di parcheggio,Rendere disponibile l'output del servizio in formato elettronico,Servizio Nazionale,http://avm.avmspa.it/it/content/parcheggi-0/#P_VENEZIA
Comune di Venezia,Trasporti,Ottenere un permesso di parcheggio,Fornire una notifica automatica al completamento del servizio,Servizio Nazionale,http://avm.avmspa.it/it/content/parcheggi-0/#P_VENEZIA
Comune di Messina,Trasporti,Ottenere un permesso di parcheggio,Chiarire esplicitamente la durata prevista del processo,Servizio Nazionale,http://www.comunemessina.gov.it/mob-urbana-viabilita/mobilita-urbana-e-viabilita/
Comune di Messina,Trasporti,Ottenere un permesso di parcheggio,Consentire l'accesso ad altri servizi correlati senza dover effettuare nuovamente l'autenticazione,Servizio Nazionale,http://www.comunemessina.gov.it/mob-urbana-viabilita/mobilita-urbana-e-viabilita/
Comune di Messina,Trasporti,Ottenere un permesso di parcheggio,Permettere agli utenti di utilizzare un'identità digitale privata per l'autenticazione,Servizio Nazionale,http://www.comunemessina.gov.it/mob-urbana-viabilita/mobilita-urbana-e-viabilita/
Comune di Messina,Trasporti,Ottenere un permesso di parcheggio,Consentire il precompilamento automatico dei dati personali già disponibili,Servizio Nazionale,http://www.comunemessina.gov.it/mob-urbana-viabilita/mobilita-urbana-e-viabilita/
Comune di Messina,Trasporti,Ottenere un permesso di parcheggio,Fornire una notifica automatica al completamento del servizio,Servizio Nazionale,http://www.comunemessina.gov.it/mob-urbana-viabilita/mobilita-urbana-e-viabilita/
Comune di Messina,Trasporti,Ottenere un permesso di parcheggio,Garantire che il servizio sia ottimizzato per l'accesso da dispositivi mobili,Servizio Nazionale,http://www.comunemessina.gov.it/mob-urbana-viabilita/mobilita-urbana-e-viabilita/
Comune di Padova,Trasporti,Ottenere un permesso di parcheggio,Chiarire esplicitamente la durata prevista del processo,Servizio Nazionale,http://www.padovanet.it/ambiente-e-territorio/parcheggi
Comune di Padova,Trasporti,Ottenere un permesso di parcheggio,Rendere chiari e facilmente accessibili i tempi previsti per l'erogazione,Servizio Nazionale,http://www.padovanet.it/ambiente-e-territorio/parcheggi
Comune di Padova,Trasporti,Ottenere un permesso di parcheggio,Definire e comunicare chiaramente il limite massimo di tempo per l'erogazione del servizio,Servizio Nazionale,http://www.padovanet.it/ambiente-e-territorio/parcheggi
Comune di Padova,Trasporti,Ottenere un permesso di parcheggio,Consentire l'accesso ad altri servizi correlati senza dover effettuare nuovamente l'autenticazione,Servizio Nazionale,http://www.padovanet.it/ambiente-e-territorio/parcheggi
Comune di Padova,Trasporti,Ottenere un permesso di parcheggio,Permettere agli utenti di utilizzare un'identità digitale privata per l'autenticazione,Servizio Nazionale,http://www.padovanet.it/ambiente-e-territorio/parcheggi
Comune di Padova,Trasporti,Ottenere un permesso di parcheggio,Consentire il precompilamento automatico dei dati personali già disponibili,Servizio Nazionale,http://www.padovanet.it/ambiente-e-territorio/parcheggi
Comune di Trieste,Trasporti,Ottenere un permesso di parcheggio,Rendere il servizio effettivo disponibile online,Servizio Nazionale,https://www.comune.trieste.it/it/mobilita-13695/parcheggi-13698
Comune di Trieste,Trasporti,Ottenere un permesso di parcheggio,Chiarire esplicitamente la durata prevista del processo,Servizio Nazionale,https://www.comune.trieste.it/it/mobilita-13695/parcheggi-13698
Comune di Trieste,Trasporti,Ottenere un permesso di parcheggio,Rendere chiari e facilmente accessibili i tempi previsti per l'erogazione,Servizio Nazionale,https://www.comune.trieste.it/it/mobilita-13695/parcheggi-13698
Comune di Trieste,Trasporti,Ottenere un permesso di parcheggio,Definire e comunicare chiaramente il limite massimo di tempo per l'erogazione del servizio,Servizio Nazionale,https://www.comune.trieste.it/it/mobilita-13695/parcheggi-13698
Comune di Trieste,Trasporti,Ottenere un permesso di parcheggio,Esplicitare chiaramente se è necessaria l'autenticazione per accedere al servizio,Servizio Nazionale,https://www.comune.trieste.it/it/mobilita-13695/parcheggi-13698
Comune di Trieste,Trasporti,Ottenere un permesso di parcheggio,Consentire l'autenticazione online per accedere al servizio,Servizio Nazionale,https://www.comune.trieste.it/it/mobilita-13695/parcheggi-13698
Comune di Trieste,Trasporti,Ottenere un permesso di parcheggio,Permettere l'uso dell'identità digitale nazionale per l'autenticazione,Servizio Nazionale,https://www.comune.trieste.it/it/mobilita-13695/parcheggi-13698
Comune di Trieste,Trasporti,Ottenere un permesso di parcheggio,Consentire l'accesso ad altri servizi correlati senza dover effettuare nuovamente l'autenticazione,Servizio Nazionale,https://www.comune.trieste.it/it/mobilita-13695/parcheggi-13698
Comune di Trieste,Trasporti,Ottenere un permesso di parcheggio,Permettere agli utenti di utilizzare un'identità digitale privata per l'autenticazione,Servizio Nazionale,https://www.comune.trieste.it/it/mobilita-13695/parcheggi-13698
Comune di Trieste,Trasporti,Ottenere un permesso di parcheggio,Chiarire esplicitamente quali informazioni personali sono richieste agli utenti,Servizio Nazionale,https://www.comune.trieste.it/it/mobilita-13695/parcheggi-13698
Comune di Trieste,Trasporti,Ottenere un permesso di parcheggio,Consentire il precompilamento automatico dei dati personali già disponibili,Servizio Nazionale,https://www.comune.trieste.it/it/mobilita-13695/parcheggi-13698
Comune di Trieste,Trasporti,Ottenere un permesso di parcheggio,Fornire una conferma automatica di ricezione delle richieste inviate dagli utenti,Servizio Nazionale,https://www.comune.trieste.it/it/mobilita-13695/parcheggi-13698
Comune di Trieste,Trasporti,Ottenere un permesso di parcheggio,Rendere disponibile l'output del servizio in formato elettronico,Servizio Nazionale,https://www.comune.trieste.it/it/mobilita-13695/parcheggi-13698
Comune di Trieste,Trasporti,Ottenere un permesso di parcheggio,Fornire una notifica automatica al completamento del servizio,Servizio Nazionale,https://www.comune.trieste.it/it/mobilita-13695/parcheggi-13698
Comune di Brescia,Trasporti,Ottenere un permesso di parcheggio,Chiarire esplicitamente la durata prevista del processo,Servizio Nazionale,http://www.comune.brescia.it/servizi/mobilitaetraffico/settMob/parcheggi/Pagine/default.aspx
Comune di Brescia,Trasporti,Ottenere un permesso di parcheggio,Consentire l'accesso ad altri servizi correlati senza dover effettuare nuovamente l'autenticazione,Servizio Nazionale,http://www.comune.brescia.it/servizi/mobilitaetraffico/settMob/parcheggi/Pagine/default.aspx
Comune di Brescia,Trasporti,Ottenere un permesso di parcheggio,Permettere agli utenti di utilizzare un'identità digitale privata per l'autenticazione,Servizio Nazionale,http://www.comune.brescia.it/servizi/mobilitaetraffico/settMob/parcheggi/Pagine/default.aspx
Comune di Brescia,Trasporti,Ottenere un permesso di parcheggio,Consentire il precompilamento automatico dei dati personali già disponibili,Servizio Nazionale,http://www.comune.brescia.it/servizi/mobilitaetraffico/settMob/parcheggi/Pagine/default.aspx
Comune di Brescia,Trasporti,Ottenere un permesso di parcheggio,Fornire una notifica automatica al completamento del servizio,Servizio Nazionale,http://www.comune.brescia.it/servizi/mobilitaetraffico/settMob/parcheggi/Pagine/default.aspx
Comune di Parma,Trasporti,Ottenere un permesso di parcheggio,Chiarire esplicitamente la durata prevista del processo,Servizio Nazionale,https://www.infomobility.pr.it/transito-e-sosta/
Comune di Parma,Trasporti,Ottenere un permesso di parcheggio,Rendere chiari e facilmente accessibili i tempi previsti per l'erogazione,Servizio Nazionale,https://www.infomobility.pr.it/transito-e-sosta/
Comune di Parma,Trasporti,Ottenere un permesso di parcheggio,Definire e comunicare chiaramente il limite massimo di tempo per l'erogazione del servizio,Servizio Nazionale,https://www.infomobility.pr.it/transito-e-sosta/
Comune di Parma,Trasporti,Ottenere un permesso di parcheggio,Consentire l'accesso ad altri servizi correlati senza dover effettuare nuovamente l'autenticazione,Servizio Nazionale,https://www.infomobility.pr.it/transito-e-sosta/
Comune di Parma,Trasporti,Ottenere un permesso di parcheggio,Permettere agli utenti di utilizzare un'identità digitale privata per l'autenticazione,Servizio Nazionale,https://www.infomobility.pr.it/transito-e-sosta/
Comune di Parma,Trasporti,Ottenere un permesso di parcheggio,Fornire una notifica automatica al completamento del servizio,Servizio Nazionale,https://www.infomobility.pr.it/transito-e-sosta/
Comune di Prato,Trasporti,Ottenere un permesso di parcheggio,Rendere il servizio effettivo disponibile online,Servizio Nazionale,https://www.comune.prato.it/it/muoversi/parcheggi/pagina163.html
Comune di Prato,Trasporti,Ottenere un permesso di parcheggio,Chiarire esplicitamente la durata prevista del processo,Servizio Nazionale,https://www.comune.prato.it/it/muoversi/parcheggi/pagina163.html
Comune di Prato,Trasporti,Ottenere un permesso di parcheggio,Rendere chiari e facilmente accessibili i tempi previsti per l'erogazione,Servizio Nazionale,https://www.comune.prato.it/it/muoversi/parcheggi/pagina163.html
Comune di Prato,Trasporti,Ottenere un permesso di parcheggio,Definire e comunicare chiaramente il limite massimo di tempo per l'erogazione del servizio,Servizio Nazionale,https://www.comune.prato.it/it/muoversi/parcheggi/pagina163.html
Comune di Prato,Trasporti,Ottenere un permesso di parcheggio,Esplicitare chiaramente se è necessaria l'autenticazione per accedere al servizio,Servizio Nazionale,https://www.comune.prato.it/it/muoversi/parcheggi/pagina163.html
Comune di Prato,Trasporti,Ottenere un permesso di parcheggio,Consentire l'autenticazione online per accedere al servizio,Servizio Nazionale,https://www.comune.prato.it/it/muoversi/parcheggi/pagina163.html
Comune di Prato,Trasporti,Ottenere un permesso di parcheggio,Permettere l'uso dell'identità digitale nazionale per l'autenticazione,Servizio Nazionale,https://www.comune.prato.it/it/muoversi/parcheggi/pagina163.html
Comune di Prato,Trasporti,Ottenere un permesso di parcheggio,Consentire l'accesso ad altri servizi correlati senza dover effettuare nuovamente l'autenticazione,Servizio Nazionale,https://www.comune.prato.it/it/muoversi/parcheggi/pagina163.html
Comune di Prato,Trasporti,Ottenere un permesso di parcheggio,Permettere agli utenti di utilizzare un'identità digitale privata per l'autenticazione,Servizio Nazionale,https://www.comune.prato.it/it/muoversi/parcheggi/pagina163.html
Comune di Prato,Trasporti,Ottenere un permesso di parcheggio,Chiarire esplicitamente quali informazioni personali sono richieste agli utenti,Servizio Nazionale,https://www.comune.prato.it/it/muoversi/parcheggi/pagina163.html
Comune di Prato,Trasporti,Ottenere un permesso di parcheggio,Consentire il precompilamento automatico dei dati personali già disponibili,Servizio Nazionale,https://www.comune.prato.it/it/muoversi/parcheggi/pagina163.html
Comune di Prato,Trasporti,Ottenere un permesso di parcheggio,Fornire una conferma automatica di ricezione delle richieste inviate dagli utenti,Servizio Nazionale,https://www.comune.prato.it/it/muoversi/parcheggi/pagina163.html
Comune di Prato,Trasporti,Ottenere un permesso di parcheggio,Rendere disponibile l'output del servizio in formato elettronico,Servizio Nazionale,https://www.comune.prato.it/it/muoversi/parcheggi/pagina163.html
Comune di Prato,Trasporti,Ottenere un permesso di parcheggio,Fornire una notifica automatica al completamento del servizio,Servizio Nazionale,https://www.comune.prato.it/it/muoversi/parcheggi/pagina163.html
Comune di Taranto,Trasporti,Ottenere un permesso di parcheggio,Chiarire esplicitamente la durata prevista del processo,Servizio Nazionale,https://pass.brav.it/Taranto/Frontoffice
Comune di Taranto,Trasporti,Ottenere un permesso di parcheggio,Rendere chiari e facilmente accessibili i tempi previsti per l'erogazione,Servizio Nazionale,https://pass.brav.it/Taranto/Frontoffice
Comune di Taranto,Trasporti,Ottenere un permesso di parcheggio,Definire e comunicare chiaramente il limite massimo di tempo per l'erogazione del servizio,Servizio Nazionale,https://pass.brav.it/Taranto/Frontoffice
Comune di Taranto,Trasporti,Ottenere un permesso di parcheggio,Consentire l'accesso ad altri servizi correlati senza dover effettuare nuovamente l'autenticazione,Servizio Nazionale,https://pass.brav.it/Taranto/Frontoffice
Comune di Taranto,Trasporti,Ottenere un permesso di parcheggio,Permettere agli utenti di utilizzare un'identità digitale privata per l'autenticazione,Servizio Nazionale,https://pass.brav.it/Taranto/Frontoffice
Comune di Taranto,Trasporti,Ottenere un permesso di parcheggio,Consentire il precompilamento automatico dei dati personali già disponibili,Servizio Nazionale,https://pass.brav.it/Taranto/Frontoffice
Comune di Taranto,Trasporti,Ottenere un permesso di parcheggio,Fornire una conferma automatica di ricezione delle richieste inviate dagli utenti,Servizio Nazionale,https://pass.brav.it/Taranto/Frontoffice
Comune di Taranto,Trasporti,Ottenere un permesso di parcheggio,Rendere disponibile l'output del servizio in formato elettronico,Servizio Nazionale,https://pass.brav.it/Taranto/Frontoffice
Comune di Taranto,Trasporti,Ottenere un permesso di parcheggio,Fornire una notifica automatica al completamento del servizio,Servizio Nazionale,https://pass.brav.it/Taranto/Frontoffice
Comune di Modena,Trasporti,Ottenere un permesso di parcheggio,Rendere il servizio effettivo disponibile online,Servizio Nazionale,https://www.comune.modena.it/servizi/mobilita-e-trasporti/parcheggiare-in-citta-il-piano-sosta
Comune di Modena,Trasporti,Ottenere un permesso di parcheggio,Chiarire esplicitamente la durata prevista del processo,Servizio Nazionale,https://www.comune.modena.it/servizi/mobilita-e-trasporti/parcheggiare-in-citta-il-piano-sosta
Comune di Modena,Trasporti,Ottenere un permesso di parcheggio,Rendere chiari e facilmente accessibili i tempi previsti per l'erogazione,Servizio Nazionale,https://www.comune.modena.it/servizi/mobilita-e-trasporti/parcheggiare-in-citta-il-piano-sosta
Comune di Modena,Trasporti,Ottenere un permesso di parcheggio,Definire e comunicare chiaramente il limite massimo di tempo per l'erogazione del servizio,Servizio Nazionale,https://www.comune.modena.it/servizi/mobilita-e-trasporti/parcheggiare-in-citta-il-piano-sosta
Comune di Modena,Trasporti,Ottenere un permesso di parcheggio,Permettere l'uso dell'identità digitale nazionale per l'autenticazione,Servizio Nazionale,https://www.comune.modena.it/servizi/mobilita-e-trasporti/parcheggiare-in-citta-il-piano-sosta
Comune di Modena,Trasporti,Ottenere un permesso di parcheggio,Consentire l'accesso ad altri servizi correlati senza dover effettuare nuovamente l'autenticazione,Servizio Nazionale,https://www.comune.modena.it/servizi/mobilita-e-trasporti/parcheggiare-in-citta-il-piano-sosta
Comune di Modena,Trasporti,Ottenere un permesso di parcheggio,Permettere agli utenti di utilizzare un'identità digitale privata per l'autenticazione,Servizio Nazionale,https://www.comune.modena.it/servizi/mobilita-e-trasporti/parcheggiare-in-citta-il-piano-sosta
Comune di Modena,Trasporti,Ottenere un permesso di parcheggio,Consentire il precompilamento automatico dei dati personali già disponibili,Servizio Nazionale,https://www.comune.modena.it/servizi/mobilita-e-trasporti/parcheggiare-in-citta-il-piano-sosta
Comune di Modena,Trasporti,Ottenere un permesso di parcheggio,Fornire una conferma automatica di ricezione delle richieste inviate dagli utenti,Servizio Nazionale,https://www.comune.modena.it/servizi/mobilita-e-trasporti/parcheggiare-in-citta-il-piano-sosta
Comune di Modena,Trasporti,Ottenere un permesso di parcheggio,Rendere disponibile l'output del servizio in formato elettronico,Servizio Nazionale,https://www.comune.modena.it/servizi/mobilita-e-trasporti/parcheggiare-in-citta-il-piano-sosta
Comune di Modena,Trasporti,Ottenere un permesso di parcheggio,Fornire una notifica automatica al completamento del servizio,Servizio Nazionale,https://www.comune.modena.it/servizi/mobilita-e-trasporti/parcheggiare-in-citta-il-piano-sosta
Associazione Nazionale Automobilistica,Trasporti,Dichiarare la tassa sul veicolo/strada,Chiarire esplicitamente la durata prevista del processo,Servizio Nazionale,http://www.aci.it/i-servizi/servizi-online/bollo-auto.html
Associazione Nazionale Automobilistica,Trasporti,Dichiarare la tassa sul veicolo/strada,Definire e comunicare chiaramente il limite massimo di tempo per l'erogazione del servizio,Servizio Nazionale,http://www.aci.it/i-servizi/servizi-online/bollo-auto.html
Associazione Nazionale Automobilistica,Trasporti,Dichiarare la tassa sul veicolo/strada,Consentire l'accesso ad altri servizi correlati senza dover effettuare nuovamente l'autenticazione,Servizio Nazionale,http://www.aci.it/i-servizi/servizi-online/bollo-auto.html
Associazione Nazionale Automobilistica,Trasporti,Dichiarare la tassa sul veicolo/strada,Permettere agli utenti di utilizzare un'identità digitale privata per l'autenticazione,Servizio Nazionale,http://www.aci.it/i-servizi/servizi-online/bollo-auto.html
Associazione Nazionale Automobilistica,Trasporti,Dichiarare la tassa sul veicolo/strada,Fornire una notifica automatica al completamento del servizio,Servizio Nazionale,http://www.aci.it/i-servizi/servizi-online/bollo-auto.html
Associazione Nazionale Automobilistica,Trasporti,Dichiarare la tassa sul veicolo/strada,Garantire che il servizio sia ottimizzato per l'accesso da dispositivi mobili,Servizio Nazionale,http://www.aci.it/i-servizi/servizi-online/bollo-auto.html
Autostrade per l'Italia,Trasporti,Ottenere un permesso per strade a pedaggio o vignette,Chiarire esplicitamente la durata prevista del processo,Servizio Nazionale,https://www.autostrade.it/it/il-pedaggio/dispositivi-di-telepedaggio
Autostrade per l'Italia,Trasporti,Ottenere un permesso per strade a pedaggio o vignette,Definire e comunicare chiaramente il limite massimo di tempo per l'erogazione del servizio,Servizio Nazionale,https://www.autostrade.it/it/il-pedaggio/dispositivi-di-telepedaggio
Autostrade per l'Italia,Trasporti,Ottenere un permesso per strade a pedaggio o vignette,Permettere l'uso dell'identità digitale nazionale per l'autenticazione,Servizio Nazionale,https://www.autostrade.it/it/il-pedaggio/dispositivi-di-telepedaggio
Autostrade per l'Italia,Trasporti,Ottenere un permesso per strade a pedaggio o vignette,Consentire l'accesso ad altri servizi correlati senza dover effettuare nuovamente l'autenticazione,Servizio Nazionale,https://www.autostrade.it/it/il-pedaggio/dispositivi-di-telepedaggio
Autostrade per l'Italia,Trasporti,Ottenere un permesso per strade a pedaggio o vignette,Permettere agli utenti di utilizzare un'identità digitale privata per l'autenticazione,Servizio Nazionale,https://www.autostrade.it/it/il-pedaggio/dispositivi-di-telepedaggio
Autostrade per l'Italia,Trasporti,Ottenere un permesso per strade a pedaggio o vignette,Consentire il precompilamento automatico dei dati personali già disponibili,Servizio Nazionale,https://www.autostrade.it/it/il-pedaggio/dispositivi-di-telepedaggio
Autostrade per l'Italia,Trasporti,Ottenere un permesso per strade a pedaggio o vignette,Rendere disponibile l'output del servizio in formato elettronico,Servizio Nazionale,https://www.autostrade.it/it/il-pedaggio/dispositivi-di-telepedaggio
Comune di Milano,Trasporti,Verificare le informazioni e pianificare un viaggio (coinvolgendo più tipi di trasporto pubblico),Garantire che il servizio sia ottimizzato per l'accesso da dispositivi mobili,Servizio Nazionale,https://www.atm.it/it/Pagine/default.aspx
Trenitalia,Trasporti,Ottenere biglietti per il trasporto pubblico (tariffa standard),Chiarire esplicitamente la durata prevista del processo,Servizio Nazionale,https://www.trenitalia.com/
Trenitalia,Trasporti,Ottenere biglietti per il trasporto pubblico (tariffa standard),Rendere chiari e facilmente accessibili i tempi previsti per l'erogazione,Servizio Nazionale,https://www.trenitalia.com/
Trenitalia,Trasporti,Ottenere biglietti per il trasporto pubblico (tariffa standard),Definire e comunicare chiaramente il limite massimo di tempo per l'erogazione del servizio,Servizio Nazionale,https://www.trenitalia.com/
Trenitalia,Trasporti,Ottenere biglietti per il trasporto pubblico (tariffa standard),Esplicitare chiaramente se è necessaria l'autenticazione per accedere al servizio,Servizio Nazionale,https://www.trenitalia.com/
Trenitalia,Trasporti,Ottenere biglietti per il trasporto pubblico (tariffa standard),Consentire l'autenticazione online per accedere al servizio,Servizio Nazionale,https://www.trenitalia.com/
Trenitalia,Trasporti,Ottenere biglietti per il trasporto pubblico (tariffa standard),Permettere l'uso dell'identità digitale nazionale per l'autenticazione,Servizio Nazionale,https://www.trenitalia.com/
Trenitalia,Trasporti,Ottenere biglietti per il trasporto pubblico (tariffa standard),Consentire l'accesso ad altri servizi correlati senza dover effettuare nuovamente l'autenticazione,Servizio Nazionale,https://www.trenitalia.com/
Trenitalia,Trasporti,Ottenere biglietti per il trasporto pubblico (tariffa standard),Permettere agli utenti di utilizzare un'identità digitale privata per l'autenticazione,Servizio Nazionale,https://www.trenitalia.com/
Trenitalia,Trasporti,Ottenere biglietti per il trasporto pubblico (tariffa standard),Consentire il precompilamento automatico dei dati personali già disponibili,Servizio Nazionale,https://www.trenitalia.com/
Comune di Roma,Trasporti,Ottenere biglietti per il trasporto pubblico (tariffa standard),Chiarire esplicitamente la durata prevista del processo,Servizio Nazionale,https://www.atac.roma.it/
Comune di Roma,Trasporti,Ottenere biglietti per il trasporto pubblico (tariffa standard),Rendere chiari e facilmente accessibili i tempi previsti per l'erogazione,Servizio Nazionale,https://www.atac.roma.it/
Comune di Roma,Trasporti,Ottenere biglietti per il trasporto pubblico (tariffa standard),Definire e comunicare chiaramente il limite massimo di tempo per l'erogazione del servizio,Servizio Nazionale,https://www.atac.roma.it/
Comune di Roma,Trasporti,Ottenere biglietti per il trasporto pubblico (tariffa standard),Permettere l'uso dell'identità digitale nazionale per l'autenticazione,Servizio Nazionale,https://www.atac.roma.it/
Comune di Roma,Trasporti,Ottenere biglietti per il trasporto pubblico (tariffa standard),Consentire l'accesso ad altri servizi correlati senza dover effettuare nuovamente l'autenticazione,Servizio Nazionale,https://www.atac.roma.it/
Comune di Roma,Trasporti,Ottenere biglietti per il trasporto pubblico (tariffa standard),Permettere agli utenti di utilizzare un'identità digitale privata per l'autenticazione,Servizio Nazionale,https://www.atac.roma.it/
Comune di Roma,Trasporti,Ottenere biglietti per il trasporto pubblico (tariffa standard),Consentire il precompilamento automatico dei dati personali già disponibili,Servizio Nazionale,https://www.atac.roma.it/
Comune di Roma,Trasporti,Ottenere biglietti per il trasporto pubblico (tariffa standard),Rendere disponibile l'output del servizio in formato elettronico,Servizio Nazionale,https://www.atac.roma.it/
Comune di Roma,Trasporti,Ottenere biglietti per il trasporto pubblico (tariffa standard),Fornire una notifica automatica al completamento del servizio,Servizio Nazionale,https://www.atac.roma.it/
Comune di Milano,Trasporti,Ottenere biglietti per il trasporto pubblico (tariffa standard),Chiarire esplicitamente la durata prevista del processo,Servizio Nazionale,https://www.atm.it/it/Pagine/default.aspx
Comune di Milano,Trasporti,Ottenere biglietti per il trasporto pubblico (tariffa standard),Rendere chiari e facilmente accessibili i tempi previsti per l'erogazione,Servizio Nazionale,https://www.atm.it/it/Pagine/default.aspx
Comune di Milano,Trasporti,Ottenere biglietti per il trasporto pubblico (tariffa standard),Definire e comunicare chiaramente il limite massimo di tempo per l'erogazione del servizio,Servizio Nazionale,https://www.atm.it/it/Pagine/default.aspx
Comune di Milano,Trasporti,Ottenere biglietti per il trasporto pubblico (tariffa standard),Permettere l'uso dell'identità digitale nazionale per l'autenticazione,Servizio Nazionale,https://www.atm.it/it/Pagine/default.aspx
Comune di Milano,Trasporti,Ottenere biglietti per il trasporto pubblico (tariffa standard),Consentire l'accesso ad altri servizi correlati senza dover effettuare nuovamente l'autenticazione,Servizio Nazionale,https://www.atm.it/it/Pagine/default.aspx
Comune di Milano,Trasporti,Ottenere biglietti per il trasporto pubblico (tariffa standard),Permettere agli utenti di utilizzare un'identità digitale privata per l'autenticazione,Servizio Nazionale,https://www.atm.it/it/Pagine/default.aspx
Comune di Milano,Trasporti,Ottenere biglietti per il trasporto pubblico (tariffa standard),Consentire il precompilamento automatico dei dati personali già disponibili,Servizio Nazionale,https://www.atm.it/it/Pagine/default.aspx
Comune di Milano,Trasporti,Ottenere biglietti per il trasporto pubblico (tariffa standard),Garantire che il servizio sia ottimizzato per l'accesso da dispositivi mobili,Servizio Nazionale,https://www.atm.it/it/Pagine/default.aspx
Trenitalia,Trasporti,Fare ricorso e richiedere un rimborso del biglietto,Chiarire esplicitamente la durata prevista del processo,Servizio Nazionale,https://www.trenitalia.com/en/info_contacts/refund-for-journey-cancellation.html
Trenitalia,Trasporti,Fare ricorso e richiedere un rimborso del biglietto,Rendere chiari e facilmente accessibili i tempi previsti per l'erogazione,Servizio Nazionale,https://www.trenitalia.com/en/info_contacts/refund-for-journey-cancellation.html
Trenitalia,Trasporti,Fare ricorso e richiedere un rimborso del biglietto,Permettere l'uso dell'identità digitale nazionale per l'autenticazione,Servizio Nazionale,https://www.trenitalia.com/en/info_contacts/refund-for-journey-cancellation.html
Trenitalia,Trasporti,Fare ricorso e richiedere un rimborso del biglietto,Consentire l'accesso ad altri servizi correlati senza dover effettuare nuovamente l'autenticazione,Servizio Nazionale,https://www.trenitalia.com/en/info_contacts/refund-for-journey-cancellation.html
Trenitalia,Trasporti,Fare ricorso e richiedere un rimborso del biglietto,Permettere agli utenti di utilizzare un'identità digitale privata per l'autenticazione,Servizio Nazionale,https://www.trenitalia.com/en/info_contacts/refund-for-journey-cancellation.html
Trenitalia,Trasporti,Fare ricorso e richiedere un rimborso del biglietto,Consentire il precompilamento automatico dei dati personali già disponibili,Servizio Nazionale,https://www.trenitalia.com/en/info_contacts/refund-for-journey-cancellation.html
Trenitalia,Trasporti,Fare ricorso e richiedere un rimborso del biglietto,Garantire che il servizio sia ottimizzato per l'accesso da dispositivi mobili,Servizio Nazionale,https://www.trenitalia.com/en/info_contacts/refund-for-journey-cancellation.html
Comune di Roma,Trasporti,Fare ricorso e richiedere un rimborso del biglietto,Rendere il servizio effettivo disponibile online,Servizio Nazionale,https://www.atac.roma.it/customer-experience/multe-e-rimborsi
Comune di Roma,Trasporti,Fare ricorso e richiedere un rimborso del biglietto,Chiarire esplicitamente la durata prevista del processo,Servizio Nazionale,https://www.atac.roma.it/customer-experience/multe-e-rimborsi
Comune di Roma,Trasporti,Fare ricorso e richiedere un rimborso del biglietto,Rendere chiari e facilmente accessibili i tempi previsti per l'erogazione,Servizio Nazionale,https://www.atac.roma.it/customer-experience/multe-e-rimborsi
Comune di Roma,Trasporti,Fare ricorso e richiedere un rimborso del biglietto,Definire e comunicare chiaramente il limite massimo di tempo per l'erogazione del servizio,Servizio Nazionale,https://www.atac.roma.it/customer-experience/multe-e-rimborsi
Comune di Roma,Trasporti,Fare ricorso e richiedere un rimborso del biglietto,Esplicitare chiaramente se è necessaria l'autenticazione per accedere al servizio,Servizio Nazionale,https://www.atac.roma.it/customer-experience/multe-e-rimborsi
Comune di Roma,Trasporti,Fare ricorso e richiedere un rimborso del biglietto,Consentire l'autenticazione online per accedere al servizio,Servizio Nazionale,https://www.atac.roma.it/customer-experience/multe-e-rimborsi
Comune di Roma,Trasporti,Fare ricorso e richiedere un rimborso del biglietto,Permettere l'uso dell'identità digitale nazionale per l'autenticazione,Servizio Nazionale,https://www.atac.roma.it/customer-experience/multe-e-rimborsi
Comune di Roma,Trasporti,Fare ricorso e richiedere un rimborso del biglietto,Consentire l'accesso ad altri servizi correlati senza dover effettuare nuovamente l'autenticazione,Servizio Nazionale,https://www.atac.roma.it/customer-experience/multe-e-rimborsi
Comune di Roma,Trasporti,Fare ricorso e richiedere un rimborso del biglietto,Permettere agli utenti di utilizzare un'identità digitale privata per l'autenticazione,Servizio Nazionale,https://www.atac.roma.it/customer-experience/multe-e-rimborsi
Comune di Roma,Trasporti,Fare ricorso e richiedere un rimborso del biglietto,Chiarire esplicitamente quali informazioni personali sono richieste agli utenti,Servizio Nazionale,https://www.atac.roma.it/customer-experience/multe-e-rimborsi
Comune di Roma,Trasporti,Fare ricorso e richiedere un rimborso del biglietto,Consentire il precompilamento automatico dei dati personali già disponibili,Servizio Nazionale,https://www.atac.roma.it/customer-experience/multe-e-rimborsi
Comune di Roma,Trasporti,Fare ricorso e richiedere un rimborso del biglietto,Fornire una conferma automatica di ricezione delle richieste inviate dagli utenti,Servizio Nazionale,https://www.atac.roma.it/customer-experience/multe-e-rimborsi
Comune di Roma,Trasporti,Fare ricorso e richiedere un rimborso del biglietto,Rendere disponibile l'output del servizio in formato elettronico,Servizio Nazionale,https://www.atac.roma.it/customer-experience/multe-e-rimborsi
Comune di Roma,Trasporti,Fare ricorso e richiedere un rimborso del biglietto,Fornire una notifica automatica al completamento del servizio,Servizio Nazionale,https://www.atac.roma.it/customer-experience/multe-e-rimborsi
Comune di Milano,Trasporti,Fare ricorso e richiedere un rimborso del biglietto,Chiarire esplicitamente la durata prevista del processo,Servizio Nazionale,https://www.atm.it/it/Pagine/default.aspx
Comune di Milano,Trasporti,Fare ricorso e richiedere un rimborso del biglietto,Rendere chiari e facilmente accessibili i tempi previsti per l'erogazione,Servizio Nazionale,https://www.atm.it/it/Pagine/default.aspx
Comune di Milano,Trasporti,Fare ricorso e richiedere un rimborso del biglietto,Definire e comunicare chiaramente il limite massimo di tempo per l'erogazione del servizio,Servizio Nazionale,https://www.atm.it/it/Pagine/default.aspx
Comune di Milano,Trasporti,Fare ricorso e richiedere un rimborso del biglietto,Permettere l'uso dell'identità digitale nazionale per l'autenticazione,Servizio Nazionale,https://www.atm.it/it/Pagine/default.aspx
Comune di Milano,Trasporti,Fare ricorso e richiedere un rimborso del biglietto,Consentire l'accesso ad altri servizi correlati senza dover effettuare nuovamente l'autenticazione,Servizio Nazionale,https://www.atm.it/it/Pagine/default.aspx
Comune di Milano,Trasporti,Fare ricorso e richiedere un rimborso del biglietto,Permettere agli utenti di utilizzare un'identità digitale privata per l'autenticazione,Servizio Nazionale,https://www.atm.it/it/Pagine/default.aspx
Comune di Milano,Trasporti,Fare ricorso e richiedere un rimborso del biglietto,Consentire il precompilamento automatico dei dati personali già disponibili,Servizio Nazionale,https://www.atm.it/it/Pagine/default.aspx
Comune di Milano,Trasporti,Fare ricorso e richiedere un rimborso del biglietto,Rendere disponibile l'output del servizio in formato elettronico,Servizio Nazionale,https://www.atm.it/it/Pagine/default.aspx
Comune di Milano,Trasporti,Fare ricorso e richiedere un rimborso del biglietto,Fornire una notifica automatica al completamento del servizio,Servizio Nazionale,https://www.atm.it/it/Pagine/default.aspx
Comune di Milano,Trasporti,Fare ricorso e richiedere un rimborso del biglietto,Garantire che il servizio sia ottimizzato per l'accesso da dispositivi mobili,Servizio Nazionale,https://www.atm.it/it/Pagine/default.aspx
Dipartimento del Tesoro (MEF),Avvio di impresa,Ottenere consulenza su come esplorare le possibilità finanziarie,Garantire che il servizio sia ottimizzato per l'accesso da dispositivi mobili,Servizio Nazionale,http://www.dt.mef.gov.it/it/attivita_istituzionali/interventi_finanziari/
Agenzia delle Entrate,Avvio di impresa,Ottenere un certificato di assenza di carichi pendenti,Chiarire esplicitamente la durata prevista del processo,Servizio Nazionale,https://www.agenziaentrate.gov.it/portale/web/guest/certificato-unico-debiti-tributari-che-cos-%25c3%25a8-imprese
Agenzia delle Entrate,Avvio di impresa,Ottenere un certificato di assenza di carichi pendenti,Consentire l'accesso ad altri servizi correlati senza dover effettuare nuovamente l'autenticazione,Servizio Nazionale,https://www.agenziaentrate.gov.it/portale/web/guest/certificato-unico-debiti-tributari-che-cos-%25c3%25a8-imprese
Agenzia delle Entrate,Avvio di impresa,Ottenere un certificato di assenza di carichi pendenti,Fornire una notifica automatica al completamento del servizio,Servizio Nazionale,https://www.agenziaentrate.gov.it/portale/web/guest/certificato-unico-debiti-tributari-che-cos-%25c3%25a8-imprese
Agenzia delle Entrate,Avvio di impresa,Ottenere un certificato di assenza di carichi pendenti,Garantire che il servizio sia ottimizzato per l'accesso da dispositivi mobili,Servizio Nazionale,https://www.agenziaentrate.gov.it/portale/web/guest/certificato-unico-debiti-tributari-che-cos-%25c3%25a8-imprese
Unioncamere,Avvio di impresa,Registrare l'azienda per la prima volta,Fornire una notifica automatica al completamento del servizio,Servizio Nazionale,https://www.registroimprese.it/comunicazione-unica-d-impresa
Unioncamere,Avvio di impresa,Registrare l'azienda per la prima volta,Fornire una notifica automatica al completamento del servizio,Servizio Nazionale,https://registroimprese.infocamere.it/web/guest/l-anagrafe-nazionale-delle-imprese
Unioncamere,Avvio di impresa,Registrare l'azienda per la prima volta,Fornire una notifica automatica al completamento del servizio,Servizio Nazionale,https://dire.registroimprese.it/
Unioncamere,Avvio di impresa,Ottenere una carta/numero di identificazione fiscale,Fornire una notifica automatica al completamento del servizio,Servizio Nazionale,https://www.registroimprese.it/comunicazione-unica-d-impresa
Unioncamere,Avvio di impresa,Ottenere un numero di raccoglitore IVA,Fornire una notifica automatica al completamento del servizio,Servizio Nazionale,https://www.registroimprese.it/comunicazione-unica-d-impresa
Unioncamere,Avvio di impresa,Registrarsi presso l'ufficio di sicurezza sociale,Fornire una notifica automatica al completamento del servizio,Servizio Nazionale,http://www.registroimprese.it/comunicazione-unica-d-impresa
Unioncamere,Avvio di impresa,Registrare la tua azienda come datore di lavoro,Chiarire esplicitamente la durata prevista del processo,Servizio Nazionale,http://www.registroimprese.it/comunicazione-unica-d-impresa
Unioncamere,Avvio di impresa,Registrare la tua azienda come datore di lavoro,Rendere chiari e facilmente accessibili i tempi previsti per l'erogazione,Servizio Nazionale,http://www.registroimprese.it/comunicazione-unica-d-impresa
Unioncamere,Avvio di impresa,Registrare la tua azienda come datore di lavoro,Fornire una notifica automatica al completamento del servizio,Servizio Nazionale,http://www.registroimprese.it/comunicazione-unica-d-impresa
Unioncamere,Avvio di impresa,Registrare il dipendente prima del primo giorno di lavoro,Chiarire esplicitamente la durata prevista del processo,Servizio Nazionale,http://starweb.infocamere.it/starweb/index.jsp
Unioncamere,Avvio di impresa,Registrare il dipendente prima del primo giorno di lavoro,Rendere chiari e facilmente accessibili i tempi previsti per l'erogazione,Servizio Nazionale,http://starweb.infocamere.it/starweb/index.jsp
Unioncamere,Avvio di impresa,Registrare il dipendente prima del primo giorno di lavoro,Fornire una notifica automatica al completamento del servizio,Servizio Nazionale,http://starweb.infocamere.it/starweb/index.jsp
Unioncamere,Avvio di impresa,Registrare il dipendente prima del primo giorno di lavoro,Garantire che il servizio sia ottimizzato per l'accesso da dispositivi mobili,Servizio Nazionale,http://starweb.infocamere.it/starweb/index.jsp
Ministero del Lavoro e delle Politiche Sociali,Avvio di impresa,Verificare le condizioni di lavoro per l'impiego dei dipendenti,Garantire che il servizio sia ottimizzato per l'accesso da dispositivi mobili,Servizio Nazionale,http://www.lavoro.gov.it/temi-e-priorita/salute-e-sicurezza/Pagine/default.aspx
INPS - Istituto Nazionale della Previdenza Sociale,Avvio di impresa,Richiedere un certificato di copertura (modulo PD A1),Chiarire esplicitamente la durata prevista del processo,Servizio Nazionale,https://www.inps.it/it/it/dettaglio-scheda.it.schede-servizio-strumento.schede-servizi.rilascio-certificazione-a1-per-attivit-lavorative-in-stati-ue-see-svizzera.html
INPS - Istituto Nazionale della Previdenza Sociale,Avvio di impresa,Richiedere un certificato di copertura (modulo PD A1),Rendere chiari e facilmente accessibili i tempi previsti per l'erogazione,Servizio Nazionale,https://www.inps.it/it/it/dettaglio-scheda.it.schede-servizio-strumento.schede-servizi.rilascio-certificazione-a1-per-attivit-lavorative-in-stati-ue-see-svizzera.html
INPS - Istituto Nazionale della Previdenza Sociale,Avvio di impresa,Richiedere un certificato di copertura (modulo PD A1),Definire e comunicare chiaramente il limite massimo di tempo per l'erogazione del servizio,Servizio Nazionale,https://www.inps.it/it/it/dettaglio-scheda.it.schede-servizio-strumento.schede-servizi.rilascio-certificazione-a1-per-attivit-lavorative-in-stati-ue-see-svizzera.html
INPS - Istituto Nazionale della Previdenza Sociale,Avvio di impresa,Richiedere un certificato di copertura (modulo PD A1),Consentire l'accesso ad altri servizi correlati senza dover effettuare nuovamente l'autenticazione,Servizio Nazionale,https://www.inps.it/it/it/dettaglio-scheda.it.schede-servizio-strumento.schede-servizi.rilascio-certificazione-a1-per-attivit-lavorative-in-stati-ue-see-svizzera.html
INPS - Istituto Nazionale della Previdenza Sociale,Avvio di impresa,Richiedere un certificato di copertura (modulo PD A1),Permettere agli utenti di utilizzare un'identità digitale privata per l'autenticazione,Servizio Nazionale,https://www.inps.it/it/it/dettaglio-scheda.it.schede-servizio-strumento.schede-servizi.rilascio-certificazione-a1-per-attivit-lavorative-in-stati-ue-see-svizzera.html
Comune di Roma,Avvio di impresa,Ottenere un permesso di inquinamento/ambientale,Chiarire esplicitamente la durata prevista del processo,Servizio Nazionale,https://www.comune.roma.it/web/it/scheda-servizi.page?contentId=INF623090
Comune di Roma,Avvio di impresa,Ottenere un permesso di inquinamento/ambientale,Permettere agli utenti di utilizzare un'identità digitale privata per l'autenticazione,Servizio Nazionale,https://www.comune.roma.it/web/it/scheda-servizi.page?contentId=INF623090
Comune di Roma,Avvio di impresa,Ottenere un permesso di inquinamento/ambientale,Consentire il precompilamento automatico dei dati personali già disponibili,Servizio Nazionale,https://www.comune.roma.it/web/it/scheda-servizi.page?contentId=INF623090
Comune di Roma,Avvio di impresa,Ottenere un permesso di inquinamento/ambientale,Fornire una notifica automatica al completamento del servizio,Servizio Nazionale,https://www.comune.roma.it/web/it/scheda-servizi.page?contentId=INF623090
Comune di Milano,Avvio di impresa,Ottenere un permesso di inquinamento/ambientale,Chiarire esplicitamente la durata prevista del processo,Servizio Nazionale,https://www.comune.milano.it/aree-tematiche/ambiente/valutazione-e-autorizzazioni-ambientali/autorizzazioni-ambientali
Comune di Milano,Avvio di impresa,Ottenere un permesso di inquinamento/ambientale,Permettere agli utenti di utilizzare un'identità digitale privata per l'autenticazione,Servizio Nazionale,https://www.comune.milano.it/aree-tematiche/ambiente/valutazione-e-autorizzazioni-ambientali/autorizzazioni-ambientali
Comune di Milano,Avvio di impresa,Ottenere un permesso di inquinamento/ambientale,Consentire il precompilamento automatico dei dati personali già disponibili,Servizio Nazionale,https://www.comune.milano.it/aree-tematiche/ambiente/valutazione-e-autorizzazioni-ambientali/autorizzazioni-ambientali
Comune di Milano,Avvio di impresa,Ottenere un permesso di inquinamento/ambientale,Fornire una notifica automatica al completamento del servizio,Servizio Nazionale,https://www.comune.milano.it/aree-tematiche/ambiente/valutazione-e-autorizzazioni-ambientali/autorizzazioni-ambientali
Comune di Napoli,Avvio di impresa,Ottenere un permesso di inquinamento/ambientale,Chiarire esplicitamente la durata prevista del processo,Servizio Nazionale,https://www.cittametropolitana.na.it/autorizzazione-unica-ambientale
Comune di Napoli,Avvio di impresa,Ottenere un permesso di inquinamento/ambientale,Permettere agli utenti di utilizzare un'identità digitale privata per l'autenticazione,Servizio Nazionale,https://www.cittametropolitana.na.it/autorizzazione-unica-ambientale
Comune di Napoli,Avvio di impresa,Ottenere un permesso di inquinamento/ambientale,Consentire il precompilamento automatico dei dati personali già disponibili,Servizio Nazionale,https://www.cittametropolitana.na.it/autorizzazione-unica-ambientale
Comune di Napoli,Avvio di impresa,Ottenere un permesso di inquinamento/ambientale,Fornire una conferma automatica di ricezione delle richieste inviate dagli utenti,Servizio Nazionale,https://www.cittametropolitana.na.it/autorizzazione-unica-ambientale
Comune di Napoli,Avvio di impresa,Ottenere un permesso di inquinamento/ambientale,Fornire una notifica automatica al completamento del servizio,Servizio Nazionale,https://www.cittametropolitana.na.it/autorizzazione-unica-ambientale
Comune di Napoli,Avvio di impresa,Ottenere un permesso di inquinamento/ambientale,Garantire che il servizio sia ottimizzato per l'accesso da dispositivi mobili,Servizio Nazionale,https://www.cittametropolitana.na.it/autorizzazione-unica-ambientale
Comune di Torino,Avvio di impresa,Ottenere un permesso di inquinamento/ambientale,Chiarire esplicitamente la durata prevista del processo,Servizio Nazionale,http://www.torinometropoli.it/cms/ambiente/aua/aua
Comune di Torino,Avvio di impresa,Ottenere un permesso di inquinamento/ambientale,Permettere agli utenti di utilizzare un'identità digitale privata per l'autenticazione,Servizio Nazionale,http://www.torinometropoli.it/cms/ambiente/aua/aua
Comune di Torino,Avvio di impresa,Ottenere un permesso di inquinamento/ambientale,Fornire una conferma automatica di ricezione delle richieste inviate dagli utenti,Servizio Nazionale,http://www.torinometropoli.it/cms/ambiente/aua/aua
Comune di Torino,Avvio di impresa,Ottenere un permesso di inquinamento/ambientale,Fornire una notifica automatica al completamento del servizio,Servizio Nazionale,http://www.torinometropoli.it/cms/ambiente/aua/aua
Comune di Palermo,Avvio di impresa,Ottenere un permesso di inquinamento/ambientale,Chiarire esplicitamente la durata prevista del processo,Servizio Nazionale,https://www.comune.palermo.it/js/server/uploads/trasparenza_all/_27042017112431.pdf
Comune di Palermo,Avvio di impresa,Ottenere un permesso di inquinamento/ambientale,Esplicitare chiaramente se è necessaria l'autenticazione per accedere al servizio,Servizio Nazionale,https://www.comune.palermo.it/js/server/uploads/trasparenza_all/_27042017112431.pdf
Comune di Palermo,Avvio di impresa,Ottenere un permesso di inquinamento/ambientale,Consentire l'autenticazione online per accedere al servizio,Servizio Nazionale,https://www.comune.palermo.it/js/server/uploads/trasparenza_all/_27042017112431.pdf
Comune di Palermo,Avvio di impresa,Ottenere un permesso di inquinamento/ambientale,Permettere l'uso dell'identità digitale nazionale per l'autenticazione,Servizio Nazionale,https://www.comune.palermo.it/js/server/uploads/trasparenza_all/_27042017112431.pdf
Comune di Palermo,Avvio di impresa,Ottenere un permesso di inquinamento/ambientale,Consentire l'accesso ad altri servizi correlati senza dover effettuare nuovamente l'autenticazione,Servizio Nazionale,https://www.comune.palermo.it/js/server/uploads/trasparenza_all/_27042017112431.pdf
Comune di Palermo,Avvio di impresa,Ottenere un permesso di inquinamento/ambientale,Permettere agli utenti di utilizzare un'identità digitale privata per l'autenticazione,Servizio Nazionale,https://www.comune.palermo.it/js/server/uploads/trasparenza_all/_27042017112431.pdf
Comune di Palermo,Avvio di impresa,Ottenere un permesso di inquinamento/ambientale,Consentire il precompilamento automatico dei dati personali già disponibili,Servizio Nazionale,https://www.comune.palermo.it/js/server/uploads/trasparenza_all/_27042017112431.pdf
Comune di Palermo,Avvio di impresa,Ottenere un permesso di inquinamento/ambientale,Fornire una conferma automatica di ricezione delle richieste inviate dagli utenti,Servizio Nazionale,https://www.comune.palermo.it/js/server/uploads/trasparenza_all/_27042017112431.pdf
Comune di Palermo,Avvio di impresa,Ottenere un permesso di inquinamento/ambientale,Fornire una notifica automatica al completamento del servizio,Servizio Nazionale,https://www.comune.palermo.it/js/server/uploads/trasparenza_all/_27042017112431.pdf
Comune di Palermo,Avvio di impresa,Ottenere un permesso di inquinamento/ambientale,Garantire che il servizio sia ottimizzato per l'accesso da dispositivi mobili,Servizio Nazionale,https://www.comune.palermo.it/js/server/uploads/trasparenza_all/_27042017112431.pdf
Ministero del Lavoro e delle Politiche Sociali,Carriera,Registrarsi come disoccupato,Chiarire esplicitamente la durata prevista del processo,Servizio Nazionale,https://www.cliclavoro.gov.it/pages/it/my_homepage/guide/orientamento_al_lavoro/
Ministero del Lavoro e delle Politiche Sociali,Carriera,Registrarsi come disoccupato,Rendere chiari e facilmente accessibili i tempi previsti per l'erogazione,Servizio Nazionale,https://www.cliclavoro.gov.it/pages/it/my_homepage/guide/orientamento_al_lavoro/
Ministero del Lavoro e delle Politiche Sociali,Carriera,Registrarsi come disoccupato,Definire e comunicare chiaramente il limite massimo di tempo per l'erogazione del servizio,Servizio Nazionale,https://www.cliclavoro.gov.it/pages/it/my_homepage/guide/orientamento_al_lavoro/
Ministero del Lavoro e delle Politiche Sociali,Carriera,Registrarsi come disoccupato,Permettere agli utenti di utilizzare un'identità digitale privata per l'autenticazione,Servizio Nazionale,https://www.cliclavoro.gov.it/pages/it/my_homepage/guide/orientamento_al_lavoro/
INPS - Istituto Nazionale della Previdenza Sociale,Carriera,Richiedere i benefici di disoccupazione,Definire e comunicare chiaramente il limite massimo di tempo per l'erogazione del servizio,Servizio Nazionale,https://www.inps.it/prestazioni-servizi/come-richiedere-le-indennita-di-disoccupazione
INPS - Istituto Nazionale della Previdenza Sociale,Carriera,Richiedere i benefici di disoccupazione,Consentire l'accesso ad altri servizi correlati senza dover effettuare nuovamente l'autenticazione,Servizio Nazionale,https://www.inps.it/prestazioni-servizi/come-richiedere-le-indennita-di-disoccupazione
INPS - Istituto Nazionale della Previdenza Sociale,Carriera,Richiedere i benefici di disoccupazione,Permettere agli utenti di utilizzare un'identità digitale privata per l'autenticazione,Servizio Nazionale,https://www.inps.it/prestazioni-servizi/come-richiedere-le-indennita-di-disoccupazione
INPS - Istituto Nazionale della Previdenza Sociale,Carriera,Richiedere i benefici di disoccupazione,Garantire che il servizio sia ottimizzato per l'accesso da dispositivi mobili,Servizio Nazionale,https://www.inps.it/prestazioni-servizi/come-richiedere-le-indennita-di-disoccupazione
INPS - Istituto Nazionale della Previdenza Sociale,Carriera,Richiedere i benefici di disoccupazione,Chiarire esplicitamente la durata prevista del processo,Servizio Nazionale,https://www.inps.it/it/en/lavoro/disoccupazione.html
INPS - Istituto Nazionale della Previdenza Sociale,Carriera,Richiedere i benefici di disoccupazione,Rendere chiari e facilmente accessibili i tempi previsti per l'erogazione,Servizio Nazionale,https://www.inps.it/it/en/lavoro/disoccupazione.html
INPS - Istituto Nazionale della Previdenza Sociale,Carriera,Richiedere i benefici di disoccupazione,Definire e comunicare chiaramente il limite massimo di tempo per l'erogazione del servizio,Servizio Nazionale,https://www.inps.it/it/en/lavoro/disoccupazione.html
INPS - Istituto Nazionale della Previdenza Sociale,Carriera,Richiedere i benefici di disoccupazione,Consentire l'accesso ad altri servizi correlati senza dover effettuare nuovamente l'autenticazione,Servizio Nazionale,https://www.inps.it/it/en/lavoro/disoccupazione.html
INPS - Istituto Nazionale della Previdenza Sociale,Carriera,Richiedere i benefici di disoccupazione,Permettere agli utenti di utilizzare un'identità digitale privata per l'autenticazione,Servizio Nazionale,https://www.inps.it/it/en/lavoro/disoccupazione.html
INPS - Istituto Nazionale della Previdenza Sociale,Carriera,Richiedere i benefici di disoccupazione,Chiarire esplicitamente quali informazioni personali sono richieste agli utenti,Servizio Nazionale,https://www.inps.it/it/en/lavoro/disoccupazione.html
INPS - Istituto Nazionale della Previdenza Sociale,Carriera,Richiedere i benefici di disoccupazione,Consentire il precompilamento automatico dei dati personali già disponibili,Servizio Nazionale,https://www.inps.it/it/en/lavoro/disoccupazione.html
INPS - Istituto Nazionale della Previdenza Sociale,Carriera,Richiedere i benefici di disoccupazione,Fornire una conferma automatica di ricezione delle richieste inviate dagli utenti,Servizio Nazionale,https://www.inps.it/it/en/lavoro/disoccupazione.html
INPS - Istituto Nazionale della Previdenza Sociale,Carriera,Richiedere i benefici di disoccupazione,Definire e comunicare chiaramente il limite massimo di tempo per l'erogazione del servizio,Servizio Nazionale,https://www.inps.it/inps-comunica/dossier/la-naspi/cose-e-come-funziona-la-naspi/i-requisiti-per-chiedere-la-naspi
INPS - Istituto Nazionale della Previdenza Sociale,Carriera,Richiedere i benefici di disoccupazione,Consentire l'accesso ad altri servizi correlati senza dover effettuare nuovamente l'autenticazione,Servizio Nazionale,https://www.inps.it/inps-comunica/dossier/la-naspi/cose-e-come-funziona-la-naspi/i-requisiti-per-chiedere-la-naspi
INPS - Istituto Nazionale della Previdenza Sociale,Carriera,Richiedere i benefici di disoccupazione,Permettere agli utenti di utilizzare un'identità digitale privata per l'autenticazione,Servizio Nazionale,https://www.inps.it/inps-comunica/dossier/la-naspi/cose-e-come-funziona-la-naspi/i-requisiti-per-chiedere-la-naspi
INPS - Istituto Nazionale della Previdenza Sociale,Carriera,Richiedere i benefici di disoccupazione,Garantire che il servizio sia ottimizzato per l'accesso da dispositivi mobili,Servizio Nazionale,https://www.inps.it/inps-comunica/dossier/la-naspi/cose-e-come-funziona-la-naspi/i-requisiti-per-chiedere-la-naspi
INPS - Istituto Nazionale della Previdenza Sociale,Carriera,Presentare ricorso contro la decisione di non concessione dei benefici di disoccupazione,Chiarire esplicitamente la durata prevista del processo,Servizio Nazionale,https://www.inps.it/inps-comunica/dossier/la-naspi/cose-e-come-funziona-la-naspi/i-requisiti-per-chiedere-la-naspi
INPS - Istituto Nazionale della Previdenza Sociale,Carriera,Presentare ricorso contro la decisione di non concessione dei benefici di disoccupazione,Rendere chiari e facilmente accessibili i tempi previsti per l'erogazione,Servizio Nazionale,https://www.inps.it/inps-comunica/dossier/la-naspi/cose-e-come-funziona-la-naspi/i-requisiti-per-chiedere-la-naspi
INPS - Istituto Nazionale della Previdenza Sociale,Carriera,Presentare ricorso contro la decisione di non concessione dei benefici di disoccupazione,Definire e comunicare chiaramente il limite massimo di tempo per l'erogazione del servizio,Servizio Nazionale,https://www.inps.it/inps-comunica/dossier/la-naspi/cose-e-come-funziona-la-naspi/i-requisiti-per-chiedere-la-naspi
INPS - Istituto Nazionale della Previdenza Sociale,Carriera,Presentare ricorso contro la decisione di non concessione dei benefici di disoccupazione,Permettere agli utenti di utilizzare un'identità digitale privata per l'autenticazione,Servizio Nazionale,https://www.inps.it/inps-comunica/dossier/la-naspi/cose-e-come-funziona-la-naspi/i-requisiti-per-chiedere-la-naspi
INPS - Istituto Nazionale della Previdenza Sociale,Carriera,Presentare ricorso contro la decisione di non concessione dei benefici di disoccupazione,Chiarire esplicitamente quali informazioni personali sono richieste agli utenti,Servizio Nazionale,https://www.inps.it/inps-comunica/dossier/la-naspi/cose-e-come-funziona-la-naspi/i-requisiti-per-chiedere-la-naspi
INPS - Istituto Nazionale della Previdenza Sociale,Carriera,Presentare ricorso contro la decisione di non concessione dei benefici di disoccupazione,Consentire il precompilamento automatico dei dati personali già disponibili,Servizio Nazionale,https://www.inps.it/inps-comunica/dossier/la-naspi/cose-e-come-funziona-la-naspi/i-requisiti-per-chiedere-la-naspi
INPS - Istituto Nazionale della Previdenza Sociale,Carriera,Presentare ricorso contro la decisione di non concessione dei benefici di disoccupazione,Fornire una conferma automatica di ricezione delle richieste inviate dagli utenti,Servizio Nazionale,https://www.inps.it/inps-comunica/dossier/la-naspi/cose-e-come-funziona-la-naspi/i-requisiti-per-chiedere-la-naspi
INPS - Istituto Nazionale della Previdenza Sociale,Carriera,Presentare ricorso contro la decisione di non concessione dei benefici di disoccupazione,Garantire che il servizio sia ottimizzato per l'accesso da dispositivi mobili,Servizio Nazionale,https://www.inps.it/inps-comunica/dossier/la-naspi/cose-e-come-funziona-la-naspi/i-requisiti-per-chiedere-la-naspi
INPS - Istituto Nazionale della Previdenza Sociale,Carriera,Presentare ricorso contro la decisione di non concessione dei benefici di disoccupazione,Chiarire esplicitamente la durata prevista del processo,Servizio Nazionale,https://serviziweb2.inps.it/PassiWeb/jsp/login.jsp?uri=https%3A%2F%2Fserviziweb2.inps.it%2FPassiWeb%2FProfileGateway%3Furi%3Dhttps%253A%252F%252Fservizi2.inps.it%252Fservizi%252FRicorsiOnLine%252FDefault.aspx%253FS%253DS%26include%3Dfalse%26userType%3D1.23.31.96.99.999&S=S
INPS - Istituto Nazionale della Previdenza Sociale,Carriera,Presentare ricorso contro la decisione di non concessione dei benefici di disoccupazione,Rendere chiari e facilmente accessibili i tempi previsti per l'erogazione,Servizio Nazionale,https://serviziweb2.inps.it/PassiWeb/jsp/login.jsp?uri=https%3A%2F%2Fserviziweb2.inps.it%2FPassiWeb%2FProfileGateway%3Furi%3Dhttps%253A%252F%252Fservizi2.inps.it%252Fservizi%252FRicorsiOnLine%252FDefault.aspx%253FS%253DS%26include%3Dfalse%26userType%3D1.23.31.96.99.999&S=S
INPS - Istituto Nazionale della Previdenza Sociale,Carriera,Presentare ricorso contro la decisione di non concessione dei benefici di disoccupazione,Definire e comunicare chiaramente il limite massimo di tempo per l'erogazione del servizio,Servizio Nazionale,https://serviziweb2.inps.it/PassiWeb/jsp/login.jsp?uri=https%3A%2F%2Fserviziweb2.inps.it%2FPassiWeb%2FProfileGateway%3Furi%3Dhttps%253A%252F%252Fservizi2.inps.it%252Fservizi%252FRicorsiOnLine%252FDefault.aspx%253FS%253DS%26include%3Dfalse%26userType%3D1.23.31.96.99.999&S=S
INPS - Istituto Nazionale della Previdenza Sociale,Carriera,Presentare ricorso contro la decisione di non concessione dei benefici di disoccupazione,Permettere agli utenti di utilizzare un'identità digitale privata per l'autenticazione,Servizio Nazionale,https://serviziweb2.inps.it/PassiWeb/jsp/login.jsp?uri=https%3A%2F%2Fserviziweb2.inps.it%2FPassiWeb%2FProfileGateway%3Furi%3Dhttps%253A%252F%252Fservizi2.inps.it%252Fservizi%252FRicorsiOnLine%252FDefault.aspx%253FS%253DS%26include%3Dfalse%26userType%3D1.23.31.96.99.999&S=S
INPS - Istituto Nazionale della Previdenza Sociale,Carriera,Presentare ricorso contro la decisione di non concessione dei benefici di disoccupazione,Chiarire esplicitamente quali informazioni personali sono richieste agli utenti,Servizio Nazionale,https://serviziweb2.inps.it/PassiWeb/jsp/login.jsp?uri=https%3A%2F%2Fserviziweb2.inps.it%2FPassiWeb%2FProfileGateway%3Furi%3Dhttps%253A%252F%252Fservizi2.inps.it%252Fservizi%252FRicorsiOnLine%252FDefault.aspx%253FS%253DS%26include%3Dfalse%26userType%3D1.23.31.96.99.999&S=S
INPS - Istituto Nazionale della Previdenza Sociale,Carriera,Presentare ricorso contro la decisione di non concessione dei benefici di disoccupazione,Consentire il precompilamento automatico dei dati personali già disponibili,Servizio Nazionale,https://serviziweb2.inps.it/PassiWeb/jsp/login.jsp?uri=https%3A%2F%2Fserviziweb2.inps.it%2FPassiWeb%2FProfileGateway%3Furi%3Dhttps%253A%252F%252Fservizi2.inps.it%252Fservizi%252FRicorsiOnLine%252FDefault.aspx%253FS%253DS%26include%3Dfalse%26userType%3D1.23.31.96.99.999&S=S
INPS - Istituto Nazionale della Previdenza Sociale,Carriera,Presentare ricorso contro la decisione di non concessione dei benefici di disoccupazione,Fornire una conferma automatica di ricezione delle richieste inviate dagli utenti,Servizio Nazionale,https://serviziweb2.inps.it/PassiWeb/jsp/login.jsp?uri=https%3A%2F%2Fserviziweb2.inps.it%2FPassiWeb%2FProfileGateway%3Furi%3Dhttps%253A%252F%252Fservizi2.inps.it%252Fservizi%252FRicorsiOnLine%252FDefault.aspx%253FS%253DS%26include%3Dfalse%26userType%3D1.23.31.96.99.999&S=S
INPS - Istituto Nazionale della Previdenza Sociale,Carriera,Presentare ricorso contro la decisione di non concessione dei benefici di disoccupazione,Chiarire esplicitamente la durata prevista del processo,Servizio Nazionale,https://www.inps.it/prestazioni-servizi/gestione-dei-ricorsi-amministrativi-rivolti-agli-organismi-centrali-in-materia-di-entrate-contributive
INPS - Istituto Nazionale della Previdenza Sociale,Carriera,Presentare ricorso contro la decisione di non concessione dei benefici di disoccupazione,Rendere chiari e facilmente accessibili i tempi previsti per l'erogazione,Servizio Nazionale,https://www.inps.it/prestazioni-servizi/gestione-dei-ricorsi-amministrativi-rivolti-agli-organismi-centrali-in-materia-di-entrate-contributive
INPS - Istituto Nazionale della Previdenza Sociale,Carriera,Presentare ricorso contro la decisione di non concessione dei benefici di disoccupazione,Definire e comunicare chiaramente il limite massimo di tempo per l'erogazione del servizio,Servizio Nazionale,https://www.inps.it/prestazioni-servizi/gestione-dei-ricorsi-amministrativi-rivolti-agli-organismi-centrali-in-materia-di-entrate-contributive
INPS - Istituto Nazionale della Previdenza Sociale,Carriera,Presentare ricorso contro la decisione di non concessione dei benefici di disoccupazione,Permettere agli utenti di utilizzare un'identità digitale privata per l'autenticazione,Servizio Nazionale,https://www.inps.it/prestazioni-servizi/gestione-dei-ricorsi-amministrativi-rivolti-agli-organismi-centrali-in-materia-di-entrate-contributive
INPS - Istituto Nazionale della Previdenza Sociale,Carriera,Presentare ricorso contro la decisione di non concessione dei benefici di disoccupazione,Chiarire esplicitamente quali informazioni personali sono richieste agli utenti,Servizio Nazionale,https://www.inps.it/prestazioni-servizi/gestione-dei-ricorsi-amministrativi-rivolti-agli-organismi-centrali-in-materia-di-entrate-contributive
INPS - Istituto Nazionale della Previdenza Sociale,Carriera,Presentare ricorso contro la decisione di non concessione dei benefici di disoccupazione,Consentire il precompilamento automatico dei dati personali già disponibili,Servizio Nazionale,https://www.inps.it/prestazioni-servizi/gestione-dei-ricorsi-amministrativi-rivolti-agli-organismi-centrali-in-materia-di-entrate-contributive
INPS - Istituto Nazionale della Previdenza Sociale,Carriera,Presentare ricorso contro la decisione di non concessione dei benefici di disoccupazione,Fornire una conferma automatica di ricezione delle richieste inviate dagli utenti,Servizio Nazionale,https://www.inps.it/prestazioni-servizi/gestione-dei-ricorsi-amministrativi-rivolti-agli-organismi-centrali-in-materia-di-entrate-contributive
INPS - Istituto Nazionale della Previdenza Sociale,Carriera,Presentare ricorso contro la decisione di non concessione dei benefici di disoccupazione,Garantire che il servizio sia ottimizzato per l'accesso da dispositivi mobili,Servizio Nazionale,https://www.inps.it/prestazioni-servizi/gestione-dei-ricorsi-amministrativi-rivolti-agli-organismi-centrali-in-materia-di-entrate-contributive
Ministero del Lavoro e delle Politiche Sociali,Carriera,Verificare l'idoneità per benefici di disoccupazione aggiuntivi,Rendere le informazioni sul servizio disponibili online,Servizio Nazionale,http://www.lavoro.gov.it/notizie/Pagine/DM-Individuazione-dei-lavoratori-svantaggiati-e-molto-svantaggiati.aspx
Ministero del Lavoro e delle Politiche Sociali,Carriera,Verificare l'idoneità per benefici di disoccupazione aggiuntivi,Rendere il servizio effettivo disponibile online,Servizio Nazionale,http://www.lavoro.gov.it/notizie/Pagine/DM-Individuazione-dei-lavoratori-svantaggiati-e-molto-svantaggiati.aspx
Ministero del Lavoro e delle Politiche Sociali,Carriera,Verificare l'idoneità per benefici di disoccupazione aggiuntivi,Garantire che il servizio sia ottimizzato per l'accesso da dispositivi mobili,Servizio Nazionale,http://www.lavoro.gov.it/notizie/Pagine/DM-Individuazione-dei-lavoratori-svantaggiati-e-molto-svantaggiati.aspx
Ministero del Lavoro e delle Politiche Sociali,Carriera,Verificare l'idoneità per benefici di disoccupazione aggiuntivi,Rendere le informazioni sul servizio disponibili online,Servizio Nazionale,http://www.lavoro.gov.it/temi-e-priorita/poverta-ed-esclusione-sociale/focus-on/Reddito-di-Inclusione-ReI/Pagine/default.aspx
Ministero del Lavoro e delle Politiche Sociali,Carriera,Verificare l'idoneità per benefici di disoccupazione aggiuntivi,Rendere il servizio effettivo disponibile online,Servizio Nazionale,http://www.lavoro.gov.it/temi-e-priorita/poverta-ed-esclusione-sociale/focus-on/Reddito-di-Inclusione-ReI/Pagine/default.aspx
Ministero del Lavoro e delle Politiche Sociali,Carriera,Verificare l'idoneità per benefici di disoccupazione aggiuntivi,Garantire che il servizio sia ottimizzato per l'accesso da dispositivi mobili,Servizio Nazionale,http://www.lavoro.gov.it/temi-e-priorita/poverta-ed-esclusione-sociale/focus-on/Reddito-di-Inclusione-ReI/Pagine/default.aspx
Comune di Torino,Carriera,Ottenere consulenza su come organizzare i benefici abitativi,Rendere il servizio effettivo disponibile online,Servizio Nazionale,http://www.comune.torino.it/informacasa/politiche_casa/
Comune di Torino,Carriera,Ottenere consulenza su come organizzare i benefici abitativi,Garantire che il servizio sia ottimizzato per l'accesso da dispositivi mobili,Servizio Nazionale,http://www.comune.torino.it/informacasa/politiche_casa/
Comune di Catania,Carriera,Ottenere consulenza su come organizzare i benefici abitativi,Rendere le informazioni sul servizio disponibili online,Servizio Nazionale,Information not found
Comune di Catania,Carriera,Ottenere consulenza su come organizzare i benefici abitativi,Rendere il servizio effettivo disponibile online,Servizio Nazionale,Information not found
Comune di Catania,Carriera,Ottenere consulenza su come organizzare i benefici abitativi,Garantire che il servizio/le informazioni sul servizio siano disponibili tramite i portali rilevanti,Servizio Nazionale,Information not found
Comune di Venezia,Carriera,Ottenere consulenza su come organizzare i benefici abitativi,Rendere le informazioni sul servizio disponibili online,Servizio Nazionale,https://dime-venezia.sad.ve.it/servizio/bandi-locazione
Comune di Venezia,Carriera,Ottenere consulenza su come organizzare i benefici abitativi,Rendere il servizio effettivo disponibile online,Servizio Nazionale,https://dime-venezia.sad.ve.it/servizio/bandi-locazione
Comune di Venezia,Carriera,Ottenere consulenza su come organizzare i benefici abitativi,Garantire che il servizio/le informazioni sul servizio siano disponibili tramite i portali rilevanti,Servizio Nazionale,https://dime-venezia.sad.ve.it/servizio/bandi-locazione
Dipartimento del Tesoro (MEF),Carriera,Ottenere consulenza su come organizzare la consulenza sul debito,Garantire che il servizio sia ottimizzato per l'accesso da dispositivi mobili,Servizio Nazionale,http://casa.governo.it/tematiche/acquistare/sospensione_rate_mutui.html
ABI - Associazione Bancaria Italiana,Carriera,Ottenere consulenza su come organizzare la consulenza sul debito,Garantire che il servizio sia ottimizzato per l'accesso da dispositivi mobili,Servizio Nazionale,https://www.abi.it/Pagine/Mercati/Crediti/Crediti-alle-persone/Mutui/Fondo-di-garanzia-mutui-prima-casa.aspx?LinkFrom=Consumatori
Dipartimento del Tesoro (MEF),Carriera,Ottenere consulenza su come organizzare la consulenza sul debito,Garantire che il servizio sia ottimizzato per l'accesso da dispositivi mobili,Servizio Nazionale,http://www.dt.mef.gov.it/it/attivita_istituzionali/interventi_finanziari/misure_casa/fondo_mutui/
INPS - Istituto Nazionale della Previdenza Sociale,Carriera,Richiedere un rimborso fiscale o altre indennità influenzate dalla disoccupazione,Chiarire esplicitamente la durata prevista del processo,Servizio Nazionale,https://www.inps.it/NuovoportaleINPS/default.aspx?itemdir=50589
INPS - Istituto Nazionale della Previdenza Sociale,Carriera,Richiedere un rimborso fiscale o altre indennità influenzate dalla disoccupazione,Rendere chiari e facilmente accessibili i tempi previsti per l'erogazione,Servizio Nazionale,https://www.inps.it/NuovoportaleINPS/default.aspx?itemdir=50589
INPS - Istituto Nazionale della Previdenza Sociale,Carriera,Richiedere un rimborso fiscale o altre indennità influenzate dalla disoccupazione,Definire e comunicare chiaramente il limite massimo di tempo per l'erogazione del servizio,Servizio Nazionale,https://www.inps.it/NuovoportaleINPS/default.aspx?itemdir=50589
INPS - Istituto Nazionale della Previdenza Sociale,Carriera,Richiedere un rimborso fiscale o altre indennità influenzate dalla disoccupazione,Consentire l'accesso ad altri servizi correlati senza dover effettuare nuovamente l'autenticazione,Servizio Nazionale,https://www.inps.it/NuovoportaleINPS/default.aspx?itemdir=50589
INPS - Istituto Nazionale della Previdenza Sociale,Carriera,Richiedere un rimborso fiscale o altre indennità influenzate dalla disoccupazione,Permettere agli utenti di utilizzare un'identità digitale privata per l'autenticazione,Servizio Nazionale,https://www.inps.it/NuovoportaleINPS/default.aspx?itemdir=50589
INPS - Istituto Nazionale della Previdenza Sociale,Carriera,Richiedere un rimborso fiscale o altre indennità influenzate dalla disoccupazione,Rendere disponibile l'output del servizio in formato elettronico,Servizio Nazionale,https://www.inps.it/NuovoportaleINPS/default.aspx?itemdir=50589
INPS - Istituto Nazionale della Previdenza Sociale,Carriera,Richiedere un rimborso fiscale o altre indennità influenzate dalla disoccupazione,Fornire una notifica automatica al completamento del servizio,Servizio Nazionale,https://www.inps.it/NuovoportaleINPS/default.aspx?itemdir=50589
Agenzia delle Entrate,Carriera,Richiedere un rimborso fiscale o altre indennità influenzate dalla disoccupazione,Chiarire esplicitamente la durata prevista del processo,Servizio Nazionale,https://www.agenziaentrate.gov.it/portale/web/guest/schede/rimborsi/richiesta-rimborso/rimborsi-istanza
Agenzia delle Entrate,Carriera,Richiedere un rimborso fiscale o altre indennità influenzate dalla disoccupazione,Rendere chiari e facilmente accessibili i tempi previsti per l'erogazione,Servizio Nazionale,https://www.agenziaentrate.gov.it/portale/web/guest/schede/rimborsi/richiesta-rimborso/rimborsi-istanza
Agenzia delle Entrate,Carriera,Richiedere un rimborso fiscale o altre indennità influenzate dalla disoccupazione,Definire e comunicare chiaramente il limite massimo di tempo per l'erogazione del servizio,Servizio Nazionale,https://www.agenziaentrate.gov.it/portale/web/guest/schede/rimborsi/richiesta-rimborso/rimborsi-istanza
Agenzia delle Entrate,Carriera,Richiedere un rimborso fiscale o altre indennità influenzate dalla disoccupazione,Consentire l'accesso ad altri servizi correlati senza dover effettuare nuovamente l'autenticazione,Servizio Nazionale,https://www.agenziaentrate.gov.it/portale/web/guest/schede/rimborsi/richiesta-rimborso/rimborsi-istanza
Agenzia delle Entrate,Carriera,Richiedere un rimborso fiscale o altre indennità influenzate dalla disoccupazione,Permettere agli utenti di utilizzare un'identità digitale privata per l'autenticazione,Servizio Nazionale,https://www.agenziaentrate.gov.it/portale/web/guest/schede/rimborsi/richiesta-rimborso/rimborsi-istanza
Agenzia delle Entrate,Carriera,Richiedere un rimborso fiscale o altre indennità influenzate dalla disoccupazione,Rendere disponibile l'output del servizio in formato elettronico,Servizio Nazionale,https://www.agenziaentrate.gov.it/portale/web/guest/schede/rimborsi/richiesta-rimborso/rimborsi-istanza
Agenzia delle Entrate,Carriera,Richiedere un rimborso fiscale o altre indennità influenzate dalla disoccupazione,Fornire una notifica automatica al completamento del servizio,Servizio Nazionale,https://www.agenziaentrate.gov.it/portale/web/guest/schede/rimborsi/richiesta-rimborso/rimborsi-istanza
ANSAP,Carriera,Verificare gli obblighi per mantenere i benefici di disoccupazione,Garantire che il servizio sia ottimizzato per l'accesso da dispositivi mobili,Servizio Nazionale,https://www.ansap.it/public/userfiles/files/1ANNO%202020/NASPI/NASPI%202020.pdf
INPS - Istituto Nazionale della Previdenza Sociale,Carriera,Presentare prove che dimostrano che stai cercando lavoro,Chiarire esplicitamente la durata prevista del processo,Servizio Nazionale,https://www.inps.it/nuovoportaleinps/default.aspx?itemdir=50593#h3heading4
INPS - Istituto Nazionale della Previdenza Sociale,Carriera,Presentare prove che dimostrano che stai cercando lavoro,Rendere chiari e facilmente accessibili i tempi previsti per l'erogazione,Servizio Nazionale,https://www.inps.it/nuovoportaleinps/default.aspx?itemdir=50593#h3heading4
INPS - Istituto Nazionale della Previdenza Sociale,Carriera,Presentare prove che dimostrano che stai cercando lavoro,Definire e comunicare chiaramente il limite massimo di tempo per l'erogazione del servizio,Servizio Nazionale,https://www.inps.it/nuovoportaleinps/default.aspx?itemdir=50593#h3heading4
INPS - Istituto Nazionale della Previdenza Sociale,Carriera,Presentare prove che dimostrano che stai cercando lavoro,Esplicitare chiaramente se è necessaria l'autenticazione per accedere al servizio,Servizio Nazionale,https://www.inps.it/nuovoportaleinps/default.aspx?itemdir=50593#h3heading4
INPS - Istituto Nazionale della Previdenza Sociale,Carriera,Presentare prove che dimostrano che stai cercando lavoro,Consentire l'autenticazione online per accedere al servizio,Servizio Nazionale,https://www.inps.it/nuovoportaleinps/default.aspx?itemdir=50593#h3heading4
INPS - Istituto Nazionale della Previdenza Sociale,Carriera,Presentare prove che dimostrano che stai cercando lavoro,Permettere l'uso dell'identità digitale nazionale per l'autenticazione,Servizio Nazionale,https://www.inps.it/nuovoportaleinps/default.aspx?itemdir=50593#h3heading4
INPS - Istituto Nazionale della Previdenza Sociale,Carriera,Presentare prove che dimostrano che stai cercando lavoro,Consentire l'accesso ad altri servizi correlati senza dover effettuare nuovamente l'autenticazione,Servizio Nazionale,https://www.inps.it/nuovoportaleinps/default.aspx?itemdir=50593#h3heading4
INPS - Istituto Nazionale della Previdenza Sociale,Carriera,Presentare prove che dimostrano che stai cercando lavoro,Permettere agli utenti di utilizzare un'identità digitale privata per l'autenticazione,Servizio Nazionale,https://www.inps.it/nuovoportaleinps/default.aspx?itemdir=50593#h3heading4
INPS - Istituto Nazionale della Previdenza Sociale,Carriera,Presentare prove che dimostrano che stai cercando lavoro,Chiarire esplicitamente quali informazioni personali sono richieste agli utenti,Servizio Nazionale,https://www.inps.it/nuovoportaleinps/default.aspx?itemdir=50593#h3heading4
INPS - Istituto Nazionale della Previdenza Sociale,Carriera,Presentare prove che dimostrano che stai cercando lavoro,Consentire il precompilamento automatico dei dati personali già disponibili,Servizio Nazionale,https://www.inps.it/nuovoportaleinps/default.aspx?itemdir=50593#h3heading4
INPS - Istituto Nazionale della Previdenza Sociale,Carriera,Presentare prove che dimostrano che stai cercando lavoro,Fornire una conferma automatica di ricezione delle richieste inviate dagli utenti,Servizio Nazionale,https://www.inps.it/nuovoportaleinps/default.aspx?itemdir=50593#h3heading4
INPS - Istituto Nazionale della Previdenza Sociale,Carriera,Presentare prove che dimostrano che stai cercando lavoro,Rendere disponibile l'output del servizio in formato elettronico,Servizio Nazionale,https://www.inps.it/nuovoportaleinps/default.aspx?itemdir=50593#h3heading4
INPS - Istituto Nazionale della Previdenza Sociale,Carriera,Presentare prove che dimostrano che stai cercando lavoro,Fornire una notifica automatica al completamento del servizio,Servizio Nazionale,https://www.inps.it/nuovoportaleinps/default.aspx?itemdir=50593#h3heading4
INPS - Istituto Nazionale della Previdenza Sociale,Carriera,Registrare circostanze che impediscono di cercare lavoro,Chiarire esplicitamente la durata prevista del processo,Servizio Nazionale,https://www.inps.it/nuovoportaleinps/default.aspx?itemdir=50593#h3heading4
INPS - Istituto Nazionale della Previdenza Sociale,Carriera,Registrare circostanze che impediscono di cercare lavoro,Rendere chiari e facilmente accessibili i tempi previsti per l'erogazione,Servizio Nazionale,https://www.inps.it/nuovoportaleinps/default.aspx?itemdir=50593#h3heading4
INPS - Istituto Nazionale della Previdenza Sociale,Carriera,Registrare circostanze che impediscono di cercare lavoro,Definire e comunicare chiaramente il limite massimo di tempo per l'erogazione del servizio,Servizio Nazionale,https://www.inps.it/nuovoportaleinps/default.aspx?itemdir=50593#h3heading4
INPS - Istituto Nazionale della Previdenza Sociale,Carriera,Registrare circostanze che impediscono di cercare lavoro,Consentire l'accesso ad altri servizi correlati senza dover effettuare nuovamente l'autenticazione,Servizio Nazionale,https://www.inps.it/nuovoportaleinps/default.aspx?itemdir=50593#h3heading4
INPS - Istituto Nazionale della Previdenza Sociale,Carriera,Registrare circostanze che impediscono di cercare lavoro,Permettere agli utenti di utilizzare un'identità digitale privata per l'autenticazione,Servizio Nazionale,https://www.inps.it/nuovoportaleinps/default.aspx?itemdir=50593#h3heading4
INPS - Istituto Nazionale della Previdenza Sociale,Carriera,Registrare circostanze che impediscono di cercare lavoro,Fornire una conferma automatica di ricezione delle richieste inviate dagli utenti,Servizio Nazionale,https://www.inps.it/nuovoportaleinps/default.aspx?itemdir=50593#h3heading4
INPS - Istituto Nazionale della Previdenza Sociale,Carriera,Registrare circostanze che impediscono di cercare lavoro,Rendere disponibile l'output del servizio in formato elettronico,Servizio Nazionale,https://www.inps.it/nuovoportaleinps/default.aspx?itemdir=50593#h3heading4
INPS - Istituto Nazionale della Previdenza Sociale,Carriera,Registrare circostanze che impediscono di cercare lavoro,Fornire una notifica automatica al completamento del servizio,Servizio Nazionale,https://www.inps.it/nuovoportaleinps/default.aspx?itemdir=50593#h3heading4
Ministero del Lavoro e delle Politiche Sociali,Carriera,Ottenere consulenza su come trovare un lavoro,Garantire che il servizio sia ottimizzato per l'accesso da dispositivi mobili,Servizio Nazionale,https://www.lavoro.gov.it/temi-e-priorita/occupazione/Pagine/orientamento.aspx
INPS - Istituto Nazionale della Previdenza Sociale,Carriera,Registrare l'occupazione per interrompere i benefici di disoccupazione,Chiarire esplicitamente la durata prevista del processo,Servizio Nazionale,https://serviziweb2.inps.it/PassiWeb/jsp/login.jsp?uri=https%3A%2F%2Fserviziweb2.inps.it%2FAspicomWEB%2FgestionePreliminareDomanda.do%3Fmethod%3DcontrollaPresenzaDomande%26idNav%3DASC_02%26S%3DS%26p%3D4&S=S
INPS - Istituto Nazionale della Previdenza Sociale,Carriera,Registrare l'occupazione per interrompere i benefici di disoccupazione,Rendere chiari e facilmente accessibili i tempi previsti per l'erogazione,Servizio Nazionale,https://serviziweb2.inps.it/PassiWeb/jsp/login.jsp?uri=https%3A%2F%2Fserviziweb2.inps.it%2FAspicomWEB%2FgestionePreliminareDomanda.do%3Fmethod%3DcontrollaPresenzaDomande%26idNav%3DASC_02%26S%3DS%26p%3D4&S=S
INPS - Istituto Nazionale della Previdenza Sociale,Carriera,Registrare l'occupazione per interrompere i benefici di disoccupazione,Definire e comunicare chiaramente il limite massimo di tempo per l'erogazione del servizio,Servizio Nazionale,https://serviziweb2.inps.it/PassiWeb/jsp/login.jsp?uri=https%3A%2F%2Fserviziweb2.inps.it%2FAspicomWEB%2FgestionePreliminareDomanda.do%3Fmethod%3DcontrollaPresenzaDomande%26idNav%3DASC_02%26S%3DS%26p%3D4&S=S
INPS - Istituto Nazionale della Previdenza Sociale,Carriera,Registrare l'occupazione per interrompere i benefici di disoccupazione,Consentire l'accesso ad altri servizi correlati senza dover effettuare nuovamente l'autenticazione,Servizio Nazionale,https://serviziweb2.inps.it/PassiWeb/jsp/login.jsp?uri=https%3A%2F%2Fserviziweb2.inps.it%2FAspicomWEB%2FgestionePreliminareDomanda.do%3Fmethod%3DcontrollaPresenzaDomande%26idNav%3DASC_02%26S%3DS%26p%3D4&S=S
INPS - Istituto Nazionale della Previdenza Sociale,Carriera,Registrare l'occupazione per interrompere i benefici di disoccupazione,Permettere agli utenti di utilizzare un'identità digitale privata per l'autenticazione,Servizio Nazionale,https://serviziweb2.inps.it/PassiWeb/jsp/login.jsp?uri=https%3A%2F%2Fserviziweb2.inps.it%2FAspicomWEB%2FgestionePreliminareDomanda.do%3Fmethod%3DcontrollaPresenzaDomande%26idNav%3DASC_02%26S%3DS%26p%3D4&S=S
INPS - Istituto Nazionale della Previdenza Sociale,Carriera,Registrare l'occupazione per interrompere i benefici di disoccupazione,Fornire una conferma automatica di ricezione delle richieste inviate dagli utenti,Servizio Nazionale,https://serviziweb2.inps.it/PassiWeb/jsp/login.jsp?uri=https%3A%2F%2Fserviziweb2.inps.it%2FAspicomWEB%2FgestionePreliminareDomanda.do%3Fmethod%3DcontrollaPresenzaDomande%26idNav%3DASC_02%26S%3DS%26p%3D4&S=S
INPS - Istituto Nazionale della Previdenza Sociale,Carriera,Registrare l'occupazione per interrompere i benefici di disoccupazione,Rendere disponibile l'output del servizio in formato elettronico,Servizio Nazionale,https://serviziweb2.inps.it/PassiWeb/jsp/login.jsp?uri=https%3A%2F%2Fserviziweb2.inps.it%2FAspicomWEB%2FgestionePreliminareDomanda.do%3Fmethod%3DcontrollaPresenzaDomande%26idNav%3DASC_02%26S%3DS%26p%3D4&S=S
INPS - Istituto Nazionale della Previdenza Sociale,Carriera,Registrare l'occupazione per interrompere i benefici di disoccupazione,Fornire una notifica automatica al completamento del servizio,Servizio Nazionale,https://serviziweb2.inps.it/PassiWeb/jsp/login.jsp?uri=https%3A%2F%2Fserviziweb2.inps.it%2FAspicomWEB%2FgestionePreliminareDomanda.do%3Fmethod%3DcontrollaPresenzaDomande%26idNav%3DASC_02%26S%3DS%26p%3D4&S=S
Agenzia delle Entrate,Carriera,Dichiarare le tasse sul reddito personale,Chiarire esplicitamente la durata prevista del processo,Servizio Nazionale,https://www.agenziaentrate.gov.it/portale/Cittadini/Dichiarazioni
Agenzia delle Entrate,Carriera,Dichiarare le tasse sul reddito personale,Definire e comunicare chiaramente il limite massimo di tempo per l'erogazione del servizio,Servizio Nazionale,https://www.agenziaentrate.gov.it/portale/Cittadini/Dichiarazioni
Agenzia delle Entrate,Carriera,Dichiarare le tasse sul reddito personale,Consentire l'accesso ad altri servizi correlati senza dover effettuare nuovamente l'autenticazione,Servizio Nazionale,https://www.agenziaentrate.gov.it/portale/Cittadini/Dichiarazioni
Agenzia delle Entrate,Carriera,Dichiarare le tasse sul reddito personale,Permettere agli utenti di utilizzare un'identità digitale privata per l'autenticazione,Servizio Nazionale,https://www.agenziaentrate.gov.it/portale/Cittadini/Dichiarazioni
Agenzia delle Entrate,Carriera,Dichiarare le tasse sul reddito personale,Chiarire esplicitamente la durata prevista del processo,Servizio Nazionale,https://www.agenziaentrate.gov.it/portale/web/guest/dichiarazione-redditi-persone-fisiche-2020/infogen-dichiarazione-redditi-persone-fisiche-2020
Agenzia delle Entrate,Carriera,Dichiarare le tasse sul reddito personale,Definire e comunicare chiaramente il limite massimo di tempo per l'erogazione del servizio,Servizio Nazionale,https://www.agenziaentrate.gov.it/portale/web/guest/dichiarazione-redditi-persone-fisiche-2020/infogen-dichiarazione-redditi-persone-fisiche-2020
Agenzia delle Entrate,Carriera,Dichiarare le tasse sul reddito personale,Permettere agli utenti di utilizzare un'identità digitale privata per l'autenticazione,Servizio Nazionale,https://www.agenziaentrate.gov.it/portale/web/guest/dichiarazione-redditi-persone-fisiche-2020/infogen-dichiarazione-redditi-persone-fisiche-2020
Agenzia delle Entrate,Carriera,Dichiarare le tasse sul reddito personale,Chiarire esplicitamente la durata prevista del processo,Servizio Nazionale,https://infoprecompilata.agenziaentrate.gov.it/portale/web/guest/home
Agenzia delle Entrate,Carriera,Dichiarare le tasse sul reddito personale,Definire e comunicare chiaramente il limite massimo di tempo per l'erogazione del servizio,Servizio Nazionale,https://infoprecompilata.agenziaentrate.gov.it/portale/web/guest/home
Agenzia delle Entrate,Carriera,Dichiarare le tasse sul reddito personale,Consentire l'accesso ad altri servizi correlati senza dover effettuare nuovamente l'autenticazione,Servizio Nazionale,https://infoprecompilata.agenziaentrate.gov.it/portale/web/guest/home
Agenzia delle Entrate,Carriera,Dichiarare le tasse sul reddito personale,Permettere agli utenti di utilizzare un'identità digitale privata per l'autenticazione,Servizio Nazionale,https://infoprecompilata.agenziaentrate.gov.it/portale/web/guest/home
INPS - Istituto Nazionale della Previdenza Sociale,Carriera,Ottenere informazioni personalizzate sulla propria futura pensione,Chiarire esplicitamente la durata prevista del processo,Servizio Nazionale,https://www.inps.it/nuovoportaleinps/default.aspx?itemdir=50033
INPS - Istituto Nazionale della Previdenza Sociale,Carriera,Ottenere informazioni personalizzate sulla propria futura pensione,Rendere chiari e facilmente accessibili i tempi previsti per l'erogazione,Servizio Nazionale,https://www.inps.it/nuovoportaleinps/default.aspx?itemdir=50033
INPS - Istituto Nazionale della Previdenza Sociale,Carriera,Ottenere informazioni personalizzate sulla propria futura pensione,Definire e comunicare chiaramente il limite massimo di tempo per l'erogazione del servizio,Servizio Nazionale,https://www.inps.it/nuovoportaleinps/default.aspx?itemdir=50033
INPS - Istituto Nazionale della Previdenza Sociale,Carriera,Ottenere informazioni personalizzate sulla propria futura pensione,Permettere agli utenti di utilizzare un'identità digitale privata per l'autenticazione,Servizio Nazionale,https://www.inps.it/nuovoportaleinps/default.aspx?itemdir=50033
INPS - Istituto Nazionale della Previdenza Sociale,Carriera,Ottenere informazioni personalizzate sulla propria futura pensione,Fornire una conferma automatica di ricezione delle richieste inviate dagli utenti,Servizio Nazionale,https://www.inps.it/nuovoportaleinps/default.aspx?itemdir=50033
INPS - Istituto Nazionale della Previdenza Sociale,Carriera,Ottenere informazioni personalizzate sulla propria futura pensione,Fornire una notifica automatica al completamento del servizio,Servizio Nazionale,https://www.inps.it/nuovoportaleinps/default.aspx?itemdir=50033
INPS - Istituto Nazionale della Previdenza Sociale,Carriera,Richiedere la pensione di stato,Chiarire esplicitamente la durata prevista del processo,Servizio Nazionale,https://www.inps.it/NuovoportaleINPS/default.aspx?sPathID=%3B0%3B42716%3B43033%3B43430%3B&lastMenu=43522&iMenu=1&itemDir=43912
INPS - Istituto Nazionale della Previdenza Sociale,Carriera,Richiedere la pensione di stato,Rendere chiari e facilmente accessibili i tempi previsti per l'erogazione,Servizio Nazionale,https://www.inps.it/NuovoportaleINPS/default.aspx?sPathID=%3B0%3B42716%3B43033%3B43430%3B&lastMenu=43522&iMenu=1&itemDir=43912
INPS - Istituto Nazionale della Previdenza Sociale,Carriera,Richiedere la pensione di stato,Definire e comunicare chiaramente il limite massimo di tempo per l'erogazione del servizio,Servizio Nazionale,https://www.inps.it/NuovoportaleINPS/default.aspx?sPathID=%3B0%3B42716%3B43033%3B43430%3B&lastMenu=43522&iMenu=1&itemDir=43912
INPS - Istituto Nazionale della Previdenza Sociale,Carriera,Richiedere la pensione di stato,Consentire l'accesso ad altri servizi correlati senza dover effettuare nuovamente l'autenticazione,Servizio Nazionale,https://www.inps.it/NuovoportaleINPS/default.aspx?sPathID=%3B0%3B42716%3B43033%3B43430%3B&lastMenu=43522&iMenu=1&itemDir=43912
INPS - Istituto Nazionale della Previdenza Sociale,Carriera,Richiedere la pensione di stato,Chiarire esplicitamente la durata prevista del processo,Servizio Nazionale,https://www.inps.it/nuovoportaleinps/default.aspx?itemdir=50299
INPS - Istituto Nazionale della Previdenza Sociale,Carriera,Richiedere la pensione di stato,Rendere chiari e facilmente accessibili i tempi previsti per l'erogazione,Servizio Nazionale,https://www.inps.it/nuovoportaleinps/default.aspx?itemdir=50299
INPS - Istituto Nazionale della Previdenza Sociale,Carriera,Richiedere la pensione di stato,Definire e comunicare chiaramente il limite massimo di tempo per l'erogazione del servizio,Servizio Nazionale,https://www.inps.it/nuovoportaleinps/default.aspx?itemdir=50299
INPS - Istituto Nazionale della Previdenza Sociale,Carriera,Richiedere la pensione di stato,Consentire l'accesso ad altri servizi correlati senza dover effettuare nuovamente l'autenticazione,Servizio Nazionale,https://www.inps.it/nuovoportaleinps/default.aspx?itemdir=50299
INPS - Istituto Nazionale della Previdenza Sociale,Carriera,Verificare il diritto alla pensione quando si trasferisce all'estero o si ritorna da un altro paese,Garantire che il servizio sia ottimizzato per l'accesso da dispositivi mobili,Servizio Nazionale,https://www.inps.it/prestazioni-servizi/riscatto-dei-periodi-di-lavoro-compiuti-all-estero
INPS - Istituto Nazionale della Previdenza Sociale,Famiglia,Verificare le condizioni per il congedo parentale,Garantire che il servizio sia ottimizzato per l'accesso da dispositivi mobili,Servizio Nazionale,https://www.inps.it/prestazioni-servizi/indennita-per-congedo-di-maternita-e-di-paternita-alternativo-per-lavoratrici-e-lavoratori-dipendenti
Comune di Roma,Famiglia,Registrare l'autorità genitoriale (es. con il tribunale in caso di non matrimonio),Rendere il servizio effettivo disponibile online,Servizio Nazionale,https://www.comune.roma.it/web/it/scheda-servizi.page?contentId=INF40771
Comune di Roma,Famiglia,Registrare l'autorità genitoriale (es. con il tribunale in caso di non matrimonio),Chiarire esplicitamente la durata prevista del processo,Servizio Nazionale,https://www.comune.roma.it/web/it/scheda-servizi.page?contentId=INF40771
Comune di Roma,Famiglia,Registrare l'autorità genitoriale (es. con il tribunale in caso di non matrimonio),Rendere chiari e facilmente accessibili i tempi previsti per l'erogazione,Servizio Nazionale,https://www.comune.roma.it/web/it/scheda-servizi.page?contentId=INF40771
Comune di Roma,Famiglia,Registrare l'autorità genitoriale (es. con il tribunale in caso di non matrimonio),Definire e comunicare chiaramente il limite massimo di tempo per l'erogazione del servizio,Servizio Nazionale,https://www.comune.roma.it/web/it/scheda-servizi.page?contentId=INF40771
Comune di Roma,Famiglia,Registrare l'autorità genitoriale (es. con il tribunale in caso di non matrimonio),Consentire l'autenticazione online per accedere al servizio,Servizio Nazionale,https://www.comune.roma.it/web/it/scheda-servizi.page?contentId=INF40771
Comune di Roma,Famiglia,Registrare l'autorità genitoriale (es. con il tribunale in caso di non matrimonio),Permettere l'uso dell'identità digitale nazionale per l'autenticazione,Servizio Nazionale,https://www.comune.roma.it/web/it/scheda-servizi.page?contentId=INF40771
Comune di Roma,Famiglia,Registrare l'autorità genitoriale (es. con il tribunale in caso di non matrimonio),Permettere agli utenti di utilizzare un'identità digitale privata per l'autenticazione,Servizio Nazionale,https://www.comune.roma.it/web/it/scheda-servizi.page?contentId=INF40771
Comune di Roma,Famiglia,Registrare l'autorità genitoriale (es. con il tribunale in caso di non matrimonio),Chiarire esplicitamente quali informazioni personali sono richieste agli utenti,Servizio Nazionale,https://www.comune.roma.it/web/it/scheda-servizi.page?contentId=INF40771
Comune di Roma,Famiglia,Registrare l'autorità genitoriale (es. con il tribunale in caso di non matrimonio),Consentire il precompilamento automatico dei dati personali già disponibili,Servizio Nazionale,https://www.comune.roma.it/web/it/scheda-servizi.page?contentId=INF40771
Comune di Roma,Famiglia,Registrare l'autorità genitoriale (es. con il tribunale in caso di non matrimonio),Rendere disponibile l'output del servizio in formato elettronico,Servizio Nazionale,https://www.comune.roma.it/web/it/scheda-servizi.page?contentId=INF40771
Comune di Roma,Famiglia,Registrare l'autorità genitoriale (es. con il tribunale in caso di non matrimonio),Fornire una notifica automatica al completamento del servizio,Servizio Nazionale,https://www.comune.roma.it/web/it/scheda-servizi.page?contentId=INF40771
Comune di Milano,Famiglia,Registrare l'autorità genitoriale (es. con il tribunale in caso di non matrimonio),Rendere il servizio effettivo disponibile online,Servizio Nazionale,https://www.comune.milano.it/servizi/riconoscimento-di-un-figlio-nato-fuori-dal-matrimonio
Comune di Milano,Famiglia,Registrare l'autorità genitoriale (es. con il tribunale in caso di non matrimonio),Chiarire esplicitamente la durata prevista del processo,Servizio Nazionale,https://www.comune.milano.it/servizi/riconoscimento-di-un-figlio-nato-fuori-dal-matrimonio
Comune di Milano,Famiglia,Registrare l'autorità genitoriale (es. con il tribunale in caso di non matrimonio),Rendere chiari e facilmente accessibili i tempi previsti per l'erogazione,Servizio Nazionale,https://www.comune.milano.it/servizi/riconoscimento-di-un-figlio-nato-fuori-dal-matrimonio
Comune di Milano,Famiglia,Registrare l'autorità genitoriale (es. con il tribunale in caso di non matrimonio),Definire e comunicare chiaramente il limite massimo di tempo per l'erogazione del servizio,Servizio Nazionale,https://www.comune.milano.it/servizi/riconoscimento-di-un-figlio-nato-fuori-dal-matrimonio
Comune di Milano,Famiglia,Registrare l'autorità genitoriale (es. con il tribunale in caso di non matrimonio),Consentire l'autenticazione online per accedere al servizio,Servizio Nazionale,https://www.comune.milano.it/servizi/riconoscimento-di-un-figlio-nato-fuori-dal-matrimonio
Comune di Milano,Famiglia,Registrare l'autorità genitoriale (es. con il tribunale in caso di non matrimonio),Permettere l'uso dell'identità digitale nazionale per l'autenticazione,Servizio Nazionale,https://www.comune.milano.it/servizi/riconoscimento-di-un-figlio-nato-fuori-dal-matrimonio
Comune di Milano,Famiglia,Registrare l'autorità genitoriale (es. con il tribunale in caso di non matrimonio),Permettere agli utenti di utilizzare un'identità digitale privata per l'autenticazione,Servizio Nazionale,https://www.comune.milano.it/servizi/riconoscimento-di-un-figlio-nato-fuori-dal-matrimonio
Comune di Milano,Famiglia,Registrare l'autorità genitoriale (es. con il tribunale in caso di non matrimonio),Chiarire esplicitamente quali informazioni personali sono richieste agli utenti,Servizio Nazionale,https://www.comune.milano.it/servizi/riconoscimento-di-un-figlio-nato-fuori-dal-matrimonio
Comune di Milano,Famiglia,Registrare l'autorità genitoriale (es. con il tribunale in caso di non matrimonio),Consentire il precompilamento automatico dei dati personali già disponibili,Servizio Nazionale,https://www.comune.milano.it/servizi/riconoscimento-di-un-figlio-nato-fuori-dal-matrimonio
Comune di Milano,Famiglia,Registrare l'autorità genitoriale (es. con il tribunale in caso di non matrimonio),Rendere disponibile l'output del servizio in formato elettronico,Servizio Nazionale,https://www.comune.milano.it/servizi/riconoscimento-di-un-figlio-nato-fuori-dal-matrimonio
Comune di Milano,Famiglia,Registrare l'autorità genitoriale (es. con il tribunale in caso di non matrimonio),Fornire una notifica automatica al completamento del servizio,Servizio Nazionale,https://www.comune.milano.it/servizi/riconoscimento-di-un-figlio-nato-fuori-dal-matrimonio
Comune di Napoli,Famiglia,Registrare l'autorità genitoriale (es. con il tribunale in caso di non matrimonio),Rendere il servizio effettivo disponibile online,Servizio Nazionale,https://www.comune.napoli.it/flex/cm/pages/ServeBLOB.php/L/IT/IDPagina/36451
Comune di Napoli,Famiglia,Registrare l'autorità genitoriale (es. con il tribunale in caso di non matrimonio),Chiarire esplicitamente la durata prevista del processo,Servizio Nazionale,https://www.comune.napoli.it/flex/cm/pages/ServeBLOB.php/L/IT/IDPagina/36451
Comune di Napoli,Famiglia,Registrare l'autorità genitoriale (es. con il tribunale in caso di non matrimonio),Rendere chiari e facilmente accessibili i tempi previsti per l'erogazione,Servizio Nazionale,https://www.comune.napoli.it/flex/cm/pages/ServeBLOB.php/L/IT/IDPagina/36451
Comune di Napoli,Famiglia,Registrare l'autorità genitoriale (es. con il tribunale in caso di non matrimonio),Definire e comunicare chiaramente il limite massimo di tempo per l'erogazione del servizio,Servizio Nazionale,https://www.comune.napoli.it/flex/cm/pages/ServeBLOB.php/L/IT/IDPagina/36451
Comune di Napoli,Famiglia,Registrare l'autorità genitoriale (es. con il tribunale in caso di non matrimonio),Consentire l'autenticazione online per accedere al servizio,Servizio Nazionale,https://www.comune.napoli.it/flex/cm/pages/ServeBLOB.php/L/IT/IDPagina/36451
Comune di Napoli,Famiglia,Registrare l'autorità genitoriale (es. con il tribunale in caso di non matrimonio),Permettere l'uso dell'identità digitale nazionale per l'autenticazione,Servizio Nazionale,https://www.comune.napoli.it/flex/cm/pages/ServeBLOB.php/L/IT/IDPagina/36451
Comune di Napoli,Famiglia,Registrare l'autorità genitoriale (es. con il tribunale in caso di non matrimonio),Permettere agli utenti di utilizzare un'identità digitale privata per l'autenticazione,Servizio Nazionale,https://www.comune.napoli.it/flex/cm/pages/ServeBLOB.php/L/IT/IDPagina/36451
Comune di Napoli,Famiglia,Registrare l'autorità genitoriale (es. con il tribunale in caso di non matrimonio),Chiarire esplicitamente quali informazioni personali sono richieste agli utenti,Servizio Nazionale,https://www.comune.napoli.it/flex/cm/pages/ServeBLOB.php/L/IT/IDPagina/36451
Comune di Napoli,Famiglia,Registrare l'autorità genitoriale (es. con il tribunale in caso di non matrimonio),Consentire il precompilamento automatico dei dati personali già disponibili,Servizio Nazionale,https://www.comune.napoli.it/flex/cm/pages/ServeBLOB.php/L/IT/IDPagina/36451
Comune di Napoli,Famiglia,Registrare l'autorità genitoriale (es. con il tribunale in caso di non matrimonio),Rendere disponibile l'output del servizio in formato elettronico,Servizio Nazionale,https://www.comune.napoli.it/flex/cm/pages/ServeBLOB.php/L/IT/IDPagina/36451
Comune di Napoli,Famiglia,Registrare l'autorità genitoriale (es. con il tribunale in caso di non matrimonio),Fornire una notifica automatica al completamento del servizio,Servizio Nazionale,https://www.comune.napoli.it/flex/cm/pages/ServeBLOB.php/L/IT/IDPagina/36451
Comune di Torino,Famiglia,Registrare l'autorità genitoriale (es. con il tribunale in caso di non matrimonio),Rendere il servizio effettivo disponibile online,Servizio Nazionale,http://www.comune.torino.it/anagrafe/sc_riconoscimento.shtml
Comune di Torino,Famiglia,Registrare l'autorità genitoriale (es. con il tribunale in caso di non matrimonio),Chiarire esplicitamente la durata prevista del processo,Servizio Nazionale,http://www.comune.torino.it/anagrafe/sc_riconoscimento.shtml
Comune di Torino,Famiglia,Registrare l'autorità genitoriale (es. con il tribunale in caso di non matrimonio),Consentire l'autenticazione online per accedere al servizio,Servizio Nazionale,http://www.comune.torino.it/anagrafe/sc_riconoscimento.shtml
Comune di Torino,Famiglia,Registrare l'autorità genitoriale (es. con il tribunale in caso di non matrimonio),Permettere l'uso dell'identità digitale nazionale per l'autenticazione,Servizio Nazionale,http://www.comune.torino.it/anagrafe/sc_riconoscimento.shtml
Comune di Torino,Famiglia,Registrare l'autorità genitoriale (es. con il tribunale in caso di non matrimonio),Permettere agli utenti di utilizzare un'identità digitale privata per l'autenticazione,Servizio Nazionale,http://www.comune.torino.it/anagrafe/sc_riconoscimento.shtml
Comune di Torino,Famiglia,Registrare l'autorità genitoriale (es. con il tribunale in caso di non matrimonio),Chiarire esplicitamente quali informazioni personali sono richieste agli utenti,Servizio Nazionale,http://www.comune.torino.it/anagrafe/sc_riconoscimento.shtml
Comune di Torino,Famiglia,Registrare l'autorità genitoriale (es. con il tribunale in caso di non matrimonio),Consentire il precompilamento automatico dei dati personali già disponibili,Servizio Nazionale,http://www.comune.torino.it/anagrafe/sc_riconoscimento.shtml
Comune di Torino,Famiglia,Registrare l'autorità genitoriale (es. con il tribunale in caso di non matrimonio),Rendere disponibile l'output del servizio in formato elettronico,Servizio Nazionale,http://www.comune.torino.it/anagrafe/sc_riconoscimento.shtml
Comune di Torino,Famiglia,Registrare l'autorità genitoriale (es. con il tribunale in caso di non matrimonio),Fornire una notifica automatica al completamento del servizio,Servizio Nazionale,http://www.comune.torino.it/anagrafe/sc_riconoscimento.shtml
Comune di Palermo,Famiglia,Registrare l'autorità genitoriale (es. con il tribunale in caso di non matrimonio),Rendere il servizio effettivo disponibile online,Servizio Nazionale,https://www.comune.palermo.it/stato-civile-dettaglio.php?cat=292
Comune di Palermo,Famiglia,Registrare l'autorità genitoriale (es. con il tribunale in caso di non matrimonio),Chiarire esplicitamente la durata prevista del processo,Servizio Nazionale,https://www.comune.palermo.it/stato-civile-dettaglio.php?cat=292
Comune di Palermo,Famiglia,Registrare l'autorità genitoriale (es. con il tribunale in caso di non matrimonio),Rendere chiari e facilmente accessibili i tempi previsti per l'erogazione,Servizio Nazionale,https://www.comune.palermo.it/stato-civile-dettaglio.php?cat=292
Comune di Palermo,Famiglia,Registrare l'autorità genitoriale (es. con il tribunale in caso di non matrimonio),Definire e comunicare chiaramente il limite massimo di tempo per l'erogazione del servizio,Servizio Nazionale,https://www.comune.palermo.it/stato-civile-dettaglio.php?cat=292
Comune di Palermo,Famiglia,Registrare l'autorità genitoriale (es. con il tribunale in caso di non matrimonio),Consentire l'autenticazione online per accedere al servizio,Servizio Nazionale,https://www.comune.palermo.it/stato-civile-dettaglio.php?cat=292
Comune di Palermo,Famiglia,Registrare l'autorità genitoriale (es. con il tribunale in caso di non matrimonio),Permettere l'uso dell'identità digitale nazionale per l'autenticazione,Servizio Nazionale,https://www.comune.palermo.it/stato-civile-dettaglio.php?cat=292
Comune di Palermo,Famiglia,Registrare l'autorità genitoriale (es. con il tribunale in caso di non matrimonio),Permettere agli utenti di utilizzare un'identità digitale privata per l'autenticazione,Servizio Nazionale,https://www.comune.palermo.it/stato-civile-dettaglio.php?cat=292
Comune di Palermo,Famiglia,Registrare l'autorità genitoriale (es. con il tribunale in caso di non matrimonio),Chiarire esplicitamente quali informazioni personali sono richieste agli utenti,Servizio Nazionale,https://www.comune.palermo.it/stato-civile-dettaglio.php?cat=292
Comune di Palermo,Famiglia,Registrare l'autorità genitoriale (es. con il tribunale in caso di non matrimonio),Consentire il precompilamento automatico dei dati personali già disponibili,Servizio Nazionale,https://www.comune.palermo.it/stato-civile-dettaglio.php?cat=292
Comune di Palermo,Famiglia,Registrare l'autorità genitoriale (es. con il tribunale in caso di non matrimonio),Rendere disponibile l'output del servizio in formato elettronico,Servizio Nazionale,https://www.comune.palermo.it/stato-civile-dettaglio.php?cat=292
Comune di Palermo,Famiglia,Registrare l'autorità genitoriale (es. con il tribunale in caso di non matrimonio),Fornire una notifica automatica al completamento del servizio,Servizio Nazionale,https://www.comune.palermo.it/stato-civile-dettaglio.php?cat=292
Comune di Genova,Famiglia,Registrare l'autorità genitoriale (es. con il tribunale in caso di non matrimonio),Rendere le informazioni sul servizio disponibili online,Servizio Nazionale,https://www.comune.genova.it/servizi/anagrafe-e-stato-civile/dichiarazione-di-nascita
Comune di Genova,Famiglia,Registrare l'autorità genitoriale (es. con il tribunale in caso di non matrimonio),Rendere il servizio effettivo disponibile online,Servizio Nazionale,https://www.comune.genova.it/servizi/anagrafe-e-stato-civile/dichiarazione-di-nascita
Comune di Genova,Famiglia,Registrare l'autorità genitoriale (es. con il tribunale in caso di non matrimonio),Chiarire esplicitamente la durata prevista del processo,Servizio Nazionale,https://www.comune.genova.it/servizi/anagrafe-e-stato-civile/dichiarazione-di-nascita
Comune di Genova,Famiglia,Registrare l'autorità genitoriale (es. con il tribunale in caso di non matrimonio),Rendere chiari e facilmente accessibili i tempi previsti per l'erogazione,Servizio Nazionale,https://www.comune.genova.it/servizi/anagrafe-e-stato-civile/dichiarazione-di-nascita
Comune di Genova,Famiglia,Registrare l'autorità genitoriale (es. con il tribunale in caso di non matrimonio),Definire e comunicare chiaramente il limite massimo di tempo per l'erogazione del servizio,Servizio Nazionale,https://www.comune.genova.it/servizi/anagrafe-e-stato-civile/dichiarazione-di-nascita
Comune di Genova,Famiglia,Registrare l'autorità genitoriale (es. con il tribunale in caso di non matrimonio),Consentire l'autenticazione online per accedere al servizio,Servizio Nazionale,https://www.comune.genova.it/servizi/anagrafe-e-stato-civile/dichiarazione-di-nascita
Comune di Genova,Famiglia,Registrare l'autorità genitoriale (es. con il tribunale in caso di non matrimonio),Permettere l'uso dell'identità digitale nazionale per l'autenticazione,Servizio Nazionale,https://www.comune.genova.it/servizi/anagrafe-e-stato-civile/dichiarazione-di-nascita
Comune di Genova,Famiglia,Registrare l'autorità genitoriale (es. con il tribunale in caso di non matrimonio),Permettere agli utenti di utilizzare un'identità digitale privata per l'autenticazione,Servizio Nazionale,https://www.comune.genova.it/servizi/anagrafe-e-stato-civile/dichiarazione-di-nascita
Comune di Genova,Famiglia,Registrare l'autorità genitoriale (es. con il tribunale in caso di non matrimonio),Chiarire esplicitamente quali informazioni personali sono richieste agli utenti,Servizio Nazionale,https://www.comune.genova.it/servizi/anagrafe-e-stato-civile/dichiarazione-di-nascita
Comune di Genova,Famiglia,Registrare l'autorità genitoriale (es. con il tribunale in caso di non matrimonio),Consentire il precompilamento automatico dei dati personali già disponibili,Servizio Nazionale,https://www.comune.genova.it/servizi/anagrafe-e-stato-civile/dichiarazione-di-nascita
Comune di Genova,Famiglia,Registrare l'autorità genitoriale (es. con il tribunale in caso di non matrimonio),Garantire che il servizio sia ottimizzato per l'accesso da dispositivi mobili,Servizio Nazionale,https://www.comune.genova.it/servizi/anagrafe-e-stato-civile/dichiarazione-di-nascita
Comune di Bologna,Famiglia,Registrare l'autorità genitoriale (es. con il tribunale in caso di non matrimonio),Rendere il servizio effettivo disponibile online,Servizio Nazionale,http://www.comune.bologna.it/cittadino/servizi/9:2930/2328/
Comune di Bologna,Famiglia,Registrare l'autorità genitoriale (es. con il tribunale in caso di non matrimonio),Chiarire esplicitamente la durata prevista del processo,Servizio Nazionale,http://www.comune.bologna.it/cittadino/servizi/9:2930/2328/
Comune di Bologna,Famiglia,Registrare l'autorità genitoriale (es. con il tribunale in caso di non matrimonio),Rendere chiari e facilmente accessibili i tempi previsti per l'erogazione,Servizio Nazionale,http://www.comune.bologna.it/cittadino/servizi/9:2930/2328/
Comune di Bologna,Famiglia,Registrare l'autorità genitoriale (es. con il tribunale in caso di non matrimonio),Definire e comunicare chiaramente il limite massimo di tempo per l'erogazione del servizio,Servizio Nazionale,http://www.comune.bologna.it/cittadino/servizi/9:2930/2328/
Comune di Bologna,Famiglia,Registrare l'autorità genitoriale (es. con il tribunale in caso di non matrimonio),Consentire l'autenticazione online per accedere al servizio,Servizio Nazionale,http://www.comune.bologna.it/cittadino/servizi/9:2930/2328/
Comune di Bologna,Famiglia,Registrare l'autorità genitoriale (es. con il tribunale in caso di non matrimonio),Permettere l'uso dell'identità digitale nazionale per l'autenticazione,Servizio Nazionale,http://www.comune.bologna.it/cittadino/servizi/9:2930/2328/
Comune di Bologna,Famiglia,Registrare l'autorità genitoriale (es. con il tribunale in caso di non matrimonio),Permettere agli utenti di utilizzare un'identità digitale privata per l'autenticazione,Servizio Nazionale,http://www.comune.bologna.it/cittadino/servizi/9:2930/2328/
Comune di Bologna,Famiglia,Registrare l'autorità genitoriale (es. con il tribunale in caso di non matrimonio),Chiarire esplicitamente quali informazioni personali sono richieste agli utenti,Servizio Nazionale,http://www.comune.bologna.it/cittadino/servizi/9:2930/2328/
Comune di Bologna,Famiglia,Registrare l'autorità genitoriale (es. con il tribunale in caso di non matrimonio),Consentire il precompilamento automatico dei dati personali già disponibili,Servizio Nazionale,http://www.comune.bologna.it/cittadino/servizi/9:2930/2328/
Comune di Bologna,Famiglia,Registrare l'autorità genitoriale (es. con il tribunale in caso di non matrimonio),Rendere disponibile l'output del servizio in formato elettronico,Servizio Nazionale,http://www.comune.bologna.it/cittadino/servizi/9:2930/2328/
Comune di Bologna,Famiglia,Registrare l'autorità genitoriale (es. con il tribunale in caso di non matrimonio),Fornire una notifica automatica al completamento del servizio,Servizio Nazionale,http://www.comune.bologna.it/cittadino/servizi/9:2930/2328/
Comune di Firenze,Famiglia,Registrare l'autorità genitoriale (es. con il tribunale in caso di non matrimonio),Rendere il servizio effettivo disponibile online,Servizio Nazionale,https://servizi.comune.fi.it/servizi/scheda-servizio/nascita-dichiarazione-di-nascita-di-filiazione-nel-matrimonio
Comune di Firenze,Famiglia,Registrare l'autorità genitoriale (es. con il tribunale in caso di non matrimonio),Chiarire esplicitamente la durata prevista del processo,Servizio Nazionale,https://servizi.comune.fi.it/servizi/scheda-servizio/nascita-dichiarazione-di-nascita-di-filiazione-nel-matrimonio
Comune di Firenze,Famiglia,Registrare l'autorità genitoriale (es. con il tribunale in caso di non matrimonio),Rendere chiari e facilmente accessibili i tempi previsti per l'erogazione,Servizio Nazionale,https://servizi.comune.fi.it/servizi/scheda-servizio/nascita-dichiarazione-di-nascita-di-filiazione-nel-matrimonio
Comune di Firenze,Famiglia,Registrare l'autorità genitoriale (es. con il tribunale in caso di non matrimonio),Definire e comunicare chiaramente il limite massimo di tempo per l'erogazione del servizio,Servizio Nazionale,https://servizi.comune.fi.it/servizi/scheda-servizio/nascita-dichiarazione-di-nascita-di-filiazione-nel-matrimonio
Comune di Firenze,Famiglia,Registrare l'autorità genitoriale (es. con il tribunale in caso di non matrimonio),Consentire l'autenticazione online per accedere al servizio,Servizio Nazionale,https://servizi.comune.fi.it/servizi/scheda-servizio/nascita-dichiarazione-di-nascita-di-filiazione-nel-matrimonio
Comune di Firenze,Famiglia,Registrare l'autorità genitoriale (es. con il tribunale in caso di non matrimonio),Permettere l'uso dell'identità digitale nazionale per l'autenticazione,Servizio Nazionale,https://servizi.comune.fi.it/servizi/scheda-servizio/nascita-dichiarazione-di-nascita-di-filiazione-nel-matrimonio
Comune di Firenze,Famiglia,Registrare l'autorità genitoriale (es. con il tribunale in caso di non matrimonio),Permettere agli utenti di utilizzare un'identità digitale privata per l'autenticazione,Servizio Nazionale,https://servizi.comune.fi.it/servizi/scheda-servizio/nascita-dichiarazione-di-nascita-di-filiazione-nel-matrimonio
Comune di Firenze,Famiglia,Registrare l'autorità genitoriale (es. con il tribunale in caso di non matrimonio),Chiarire esplicitamente quali informazioni personali sono richieste agli utenti,Servizio Nazionale,https://servizi.comune.fi.it/servizi/scheda-servizio/nascita-dichiarazione-di-nascita-di-filiazione-nel-matrimonio
Comune di Firenze,Famiglia,Registrare l'autorità genitoriale (es. con il tribunale in caso di non matrimonio),Consentire il precompilamento automatico dei dati personali già disponibili,Servizio Nazionale,https://servizi.comune.fi.it/servizi/scheda-servizio/nascita-dichiarazione-di-nascita-di-filiazione-nel-matrimonio
Comune di Firenze,Famiglia,Registrare l'autorità genitoriale (es. con il tribunale in caso di non matrimonio),Rendere disponibile l'output del servizio in formato elettronico,Servizio Nazionale,https://servizi.comune.fi.it/servizi/scheda-servizio/nascita-dichiarazione-di-nascita-di-filiazione-nel-matrimonio
Comune di Firenze,Famiglia,Registrare l'autorità genitoriale (es. con il tribunale in caso di non matrimonio),Fornire una notifica automatica al completamento del servizio,Servizio Nazionale,https://servizi.comune.fi.it/servizi/scheda-servizio/nascita-dichiarazione-di-nascita-di-filiazione-nel-matrimonio
Comune di Bari,Famiglia,Registrare l'autorità genitoriale (es. con il tribunale in caso di non matrimonio),Rendere il servizio effettivo disponibile online,Servizio Nazionale,https://www.comune.bari.it/web/egov/-/dichiarazione-o-denuncia-di-nascita
Comune di Bari,Famiglia,Registrare l'autorità genitoriale (es. con il tribunale in caso di non matrimonio),Chiarire esplicitamente la durata prevista del processo,Servizio Nazionale,https://www.comune.bari.it/web/egov/-/dichiarazione-o-denuncia-di-nascita
Comune di Bari,Famiglia,Registrare l'autorità genitoriale (es. con il tribunale in caso di non matrimonio),Rendere chiari e facilmente accessibili i tempi previsti per l'erogazione,Servizio Nazionale,https://www.comune.bari.it/web/egov/-/dichiarazione-o-denuncia-di-nascita
Comune di Bari,Famiglia,Registrare l'autorità genitoriale (es. con il tribunale in caso di non matrimonio),Definire e comunicare chiaramente il limite massimo di tempo per l'erogazione del servizio,Servizio Nazionale,https://www.comune.bari.it/web/egov/-/dichiarazione-o-denuncia-di-nascita
Comune di Bari,Famiglia,Registrare l'autorità genitoriale (es. con il tribunale in caso di non matrimonio),Consentire l'autenticazione online per accedere al servizio,Servizio Nazionale,https://www.comune.bari.it/web/egov/-/dichiarazione-o-denuncia-di-nascita
Comune di Bari,Famiglia,Registrare l'autorità genitoriale (es. con il tribunale in caso di non matrimonio),Permettere l'uso dell'identità digitale nazionale per l'autenticazione,Servizio Nazionale,https://www.comune.bari.it/web/egov/-/dichiarazione-o-denuncia-di-nascita
Comune di Bari,Famiglia,Registrare l'autorità genitoriale (es. con il tribunale in caso di non matrimonio),Permettere agli utenti di utilizzare un'identità digitale privata per l'autenticazione,Servizio Nazionale,https://www.comune.bari.it/web/egov/-/dichiarazione-o-denuncia-di-nascita
Comune di Bari,Famiglia,Registrare l'autorità genitoriale (es. con il tribunale in caso di non matrimonio),Chiarire esplicitamente quali informazioni personali sono richieste agli utenti,Servizio Nazionale,https://www.comune.bari.it/web/egov/-/dichiarazione-o-denuncia-di-nascita
Comune di Bari,Famiglia,Registrare l'autorità genitoriale (es. con il tribunale in caso di non matrimonio),Consentire il precompilamento automatico dei dati personali già disponibili,Servizio Nazionale,https://www.comune.bari.it/web/egov/-/dichiarazione-o-denuncia-di-nascita
Comune di Bari,Famiglia,Registrare l'autorità genitoriale (es. con il tribunale in caso di non matrimonio),Rendere disponibile l'output del servizio in formato elettronico,Servizio Nazionale,https://www.comune.bari.it/web/egov/-/dichiarazione-o-denuncia-di-nascita
Comune di Bari,Famiglia,Registrare l'autorità genitoriale (es. con il tribunale in caso di non matrimonio),Fornire una notifica automatica al completamento del servizio,Servizio Nazionale,https://www.comune.bari.it/web/egov/-/dichiarazione-o-denuncia-di-nascita
Comune di Venezia,Famiglia,Registrare l'autorità genitoriale (es. con il tribunale in caso di non matrimonio),Rendere il servizio effettivo disponibile online,Servizio Nazionale,https://www.comune.venezia.it/it/content/dichiarazione-nascita
Comune di Venezia,Famiglia,Registrare l'autorità genitoriale (es. con il tribunale in caso di non matrimonio),Chiarire esplicitamente la durata prevista del processo,Servizio Nazionale,https://www.comune.venezia.it/it/content/dichiarazione-nascita
Comune di Venezia,Famiglia,Registrare l'autorità genitoriale (es. con il tribunale in caso di non matrimonio),Rendere chiari e facilmente accessibili i tempi previsti per l'erogazione,Servizio Nazionale,https://www.comune.venezia.it/it/content/dichiarazione-nascita
Comune di Venezia,Famiglia,Registrare l'autorità genitoriale (es. con il tribunale in caso di non matrimonio),Consentire l'autenticazione online per accedere al servizio,Servizio Nazionale,https://www.comune.venezia.it/it/content/dichiarazione-nascita
Comune di Venezia,Famiglia,Registrare l'autorità genitoriale (es. con il tribunale in caso di non matrimonio),Permettere l'uso dell'identità digitale nazionale per l'autenticazione,Servizio Nazionale,https://www.comune.venezia.it/it/content/dichiarazione-nascita
Comune di Venezia,Famiglia,Registrare l'autorità genitoriale (es. con il tribunale in caso di non matrimonio),Permettere agli utenti di utilizzare un'identità digitale privata per l'autenticazione,Servizio Nazionale,https://www.comune.venezia.it/it/content/dichiarazione-nascita
Comune di Venezia,Famiglia,Registrare l'autorità genitoriale (es. con il tribunale in caso di non matrimonio),Chiarire esplicitamente quali informazioni personali sono richieste agli utenti,Servizio Nazionale,https://www.comune.venezia.it/it/content/dichiarazione-nascita
Comune di Venezia,Famiglia,Registrare l'autorità genitoriale (es. con il tribunale in caso di non matrimonio),Consentire il precompilamento automatico dei dati personali già disponibili,Servizio Nazionale,https://www.comune.venezia.it/it/content/dichiarazione-nascita
Comune di Venezia,Famiglia,Registrare l'autorità genitoriale (es. con il tribunale in caso di non matrimonio),Rendere disponibile l'output del servizio in formato elettronico,Servizio Nazionale,https://www.comune.venezia.it/it/content/dichiarazione-nascita
Comune di Venezia,Famiglia,Registrare l'autorità genitoriale (es. con il tribunale in caso di non matrimonio),Fornire una notifica automatica al completamento del servizio,Servizio Nazionale,https://www.comune.venezia.it/it/content/dichiarazione-nascita
Comune di Messina,Famiglia,Registrare l'autorità genitoriale (es. con il tribunale in caso di non matrimonio),Rendere le informazioni sul servizio disponibili online,Servizio Nazionale,https://sportellotelematico.comune.messina.it/action%3As_italia%3Adichiarazione.nascita
Comune di Messina,Famiglia,Registrare l'autorità genitoriale (es. con il tribunale in caso di non matrimonio),Rendere il servizio effettivo disponibile online,Servizio Nazionale,https://sportellotelematico.comune.messina.it/action%3As_italia%3Adichiarazione.nascita
Comune di Messina,Famiglia,Registrare l'autorità genitoriale (es. con il tribunale in caso di non matrimonio),Chiarire esplicitamente la durata prevista del processo,Servizio Nazionale,https://sportellotelematico.comune.messina.it/action%3As_italia%3Adichiarazione.nascita
Comune di Messina,Famiglia,Registrare l'autorità genitoriale (es. con il tribunale in caso di non matrimonio),Rendere chiari e facilmente accessibili i tempi previsti per l'erogazione,Servizio Nazionale,https://sportellotelematico.comune.messina.it/action%3As_italia%3Adichiarazione.nascita
Comune di Messina,Famiglia,Registrare l'autorità genitoriale (es. con il tribunale in caso di non matrimonio),Definire e comunicare chiaramente il limite massimo di tempo per l'erogazione del servizio,Servizio Nazionale,https://sportellotelematico.comune.messina.it/action%3As_italia%3Adichiarazione.nascita
Comune di Messina,Famiglia,Registrare l'autorità genitoriale (es. con il tribunale in caso di non matrimonio),Consentire l'autenticazione online per accedere al servizio,Servizio Nazionale,https://sportellotelematico.comune.messina.it/action%3As_italia%3Adichiarazione.nascita
Comune di Messina,Famiglia,Registrare l'autorità genitoriale (es. con il tribunale in caso di non matrimonio),Permettere l'uso dell'identità digitale nazionale per l'autenticazione,Servizio Nazionale,https://sportellotelematico.comune.messina.it/action%3As_italia%3Adichiarazione.nascita
Comune di Messina,Famiglia,Registrare l'autorità genitoriale (es. con il tribunale in caso di non matrimonio),Permettere agli utenti di utilizzare un'identità digitale privata per l'autenticazione,Servizio Nazionale,https://sportellotelematico.comune.messina.it/action%3As_italia%3Adichiarazione.nascita
Comune di Messina,Famiglia,Registrare l'autorità genitoriale (es. con il tribunale in caso di non matrimonio),Chiarire esplicitamente quali informazioni personali sono richieste agli utenti,Servizio Nazionale,https://sportellotelematico.comune.messina.it/action%3As_italia%3Adichiarazione.nascita
Comune di Messina,Famiglia,Registrare l'autorità genitoriale (es. con il tribunale in caso di non matrimonio),Consentire il precompilamento automatico dei dati personali già disponibili,Servizio Nazionale,https://sportellotelematico.comune.messina.it/action%3As_italia%3Adichiarazione.nascita
Comune di Messina,Famiglia,Registrare l'autorità genitoriale (es. con il tribunale in caso di non matrimonio),Garantire che il servizio sia ottimizzato per l'accesso da dispositivi mobili,Servizio Nazionale,https://sportellotelematico.comune.messina.it/action%3As_italia%3Adichiarazione.nascita
Comune di Trieste,Famiglia,Registrare l'autorità genitoriale (es. con il tribunale in caso di non matrimonio),Rendere il servizio effettivo disponibile online,Servizio Nazionale,https://www.comune.trieste.it/it/servizi-227101/dichiarazione-di-nascita-210479
Comune di Trieste,Famiglia,Registrare l'autorità genitoriale (es. con il tribunale in caso di non matrimonio),Chiarire esplicitamente la durata prevista del processo,Servizio Nazionale,https://www.comune.trieste.it/it/servizi-227101/dichiarazione-di-nascita-210479
Comune di Trieste,Famiglia,Registrare l'autorità genitoriale (es. con il tribunale in caso di non matrimonio),Rendere chiari e facilmente accessibili i tempi previsti per l'erogazione,Servizio Nazionale,https://www.comune.trieste.it/it/servizi-227101/dichiarazione-di-nascita-210479
Comune di Trieste,Famiglia,Registrare l'autorità genitoriale (es. con il tribunale in caso di non matrimonio),Definire e comunicare chiaramente il limite massimo di tempo per l'erogazione del servizio,Servizio Nazionale,https://www.comune.trieste.it/it/servizi-227101/dichiarazione-di-nascita-210479
Comune di Trieste,Famiglia,Registrare l'autorità genitoriale (es. con il tribunale in caso di non matrimonio),Consentire l'autenticazione online per accedere al servizio,Servizio Nazionale,https://www.comune.trieste.it/it/servizi-227101/dichiarazione-di-nascita-210479
Comune di Trieste,Famiglia,Registrare l'autorità genitoriale (es. con il tribunale in caso di non matrimonio),Permettere l'uso dell'identità digitale nazionale per l'autenticazione,Servizio Nazionale,https://www.comune.trieste.it/it/servizi-227101/dichiarazione-di-nascita-210479
Comune di Trieste,Famiglia,Registrare l'autorità genitoriale (es. con il tribunale in caso di non matrimonio),Permettere agli utenti di utilizzare un'identità digitale privata per l'autenticazione,Servizio Nazionale,https://www.comune.trieste.it/it/servizi-227101/dichiarazione-di-nascita-210479
Comune di Trieste,Famiglia,Registrare l'autorità genitoriale (es. con il tribunale in caso di non matrimonio),Chiarire esplicitamente quali informazioni personali sono richieste agli utenti,Servizio Nazionale,https://www.comune.trieste.it/it/servizi-227101/dichiarazione-di-nascita-210479
Comune di Trieste,Famiglia,Registrare l'autorità genitoriale (es. con il tribunale in caso di non matrimonio),Consentire il precompilamento automatico dei dati personali già disponibili,Servizio Nazionale,https://www.comune.trieste.it/it/servizi-227101/dichiarazione-di-nascita-210479
Comune di Trieste,Famiglia,Registrare l'autorità genitoriale (es. con il tribunale in caso di non matrimonio),Garantire che il servizio sia ottimizzato per l'accesso da dispositivi mobili,Servizio Nazionale,https://www.comune.trieste.it/it/servizi-227101/dichiarazione-di-nascita-210479
Comune di Brescia,Famiglia,Registrare l'autorità genitoriale (es. con il tribunale in caso di non matrimonio),Rendere il servizio effettivo disponibile online,Servizio Nazionale,https://www.comune.brescia.it/servizi/certificatiedocumenti/statocivile/Nascita/Pagine/denuncia-nascita.aspx
Comune di Brescia,Famiglia,Registrare l'autorità genitoriale (es. con il tribunale in caso di non matrimonio),Chiarire esplicitamente la durata prevista del processo,Servizio Nazionale,https://www.comune.brescia.it/servizi/certificatiedocumenti/statocivile/Nascita/Pagine/denuncia-nascita.aspx
Comune di Brescia,Famiglia,Registrare l'autorità genitoriale (es. con il tribunale in caso di non matrimonio),Rendere chiari e facilmente accessibili i tempi previsti per l'erogazione,Servizio Nazionale,https://www.comune.brescia.it/servizi/certificatiedocumenti/statocivile/Nascita/Pagine/denuncia-nascita.aspx
Comune di Brescia,Famiglia,Registrare l'autorità genitoriale (es. con il tribunale in caso di non matrimonio),Definire e comunicare chiaramente il limite massimo di tempo per l'erogazione del servizio,Servizio Nazionale,https://www.comune.brescia.it/servizi/certificatiedocumenti/statocivile/Nascita/Pagine/denuncia-nascita.aspx
Comune di Brescia,Famiglia,Registrare l'autorità genitoriale (es. con il tribunale in caso di non matrimonio),Consentire l'autenticazione online per accedere al servizio,Servizio Nazionale,https://www.comune.brescia.it/servizi/certificatiedocumenti/statocivile/Nascita/Pagine/denuncia-nascita.aspx
Comune di Brescia,Famiglia,Registrare l'autorità genitoriale (es. con il tribunale in caso di non matrimonio),Permettere l'uso dell'identità digitale nazionale per l'autenticazione,Servizio Nazionale,https://www.comune.brescia.it/servizi/certificatiedocumenti/statocivile/Nascita/Pagine/denuncia-nascita.aspx
Comune di Brescia,Famiglia,Registrare l'autorità genitoriale (es. con il tribunale in caso di non matrimonio),Permettere agli utenti di utilizzare un'identità digitale privata per l'autenticazione,Servizio Nazionale,https://www.comune.brescia.it/servizi/certificatiedocumenti/statocivile/Nascita/Pagine/denuncia-nascita.aspx
Comune di Brescia,Famiglia,Registrare l'autorità genitoriale (es. con il tribunale in caso di non matrimonio),Chiarire esplicitamente quali informazioni personali sono richieste agli utenti,Servizio Nazionale,https://www.comune.brescia.it/servizi/certificatiedocumenti/statocivile/Nascita/Pagine/denuncia-nascita.aspx
Comune di Brescia,Famiglia,Registrare l'autorità genitoriale (es. con il tribunale in caso di non matrimonio),Consentire il precompilamento automatico dei dati personali già disponibili,Servizio Nazionale,https://www.comune.brescia.it/servizi/certificatiedocumenti/statocivile/Nascita/Pagine/denuncia-nascita.aspx
Comune di Brescia,Famiglia,Registrare l'autorità genitoriale (es. con il tribunale in caso di non matrimonio),Rendere disponibile l'output del servizio in formato elettronico,Servizio Nazionale,https://www.comune.brescia.it/servizi/certificatiedocumenti/statocivile/Nascita/Pagine/denuncia-nascita.aspx
Comune di Brescia,Famiglia,Registrare l'autorità genitoriale (es. con il tribunale in caso di non matrimonio),Fornire una notifica automatica al completamento del servizio,Servizio Nazionale,https://www.comune.brescia.it/servizi/certificatiedocumenti/statocivile/Nascita/Pagine/denuncia-nascita.aspx
Comune di Parma,Famiglia,Registrare l'autorità genitoriale (es. con il tribunale in caso di non matrimonio),Chiarire esplicitamente la durata prevista del processo,Servizio Nazionale,https://www.comune.parma.it/servizi/Stato-Civile/Atti-di-nascita_A2_C7_P108_Q1.aspx
Comune di Parma,Famiglia,Registrare l'autorità genitoriale (es. con il tribunale in caso di non matrimonio),Rendere chiari e facilmente accessibili i tempi previsti per l'erogazione,Servizio Nazionale,https://www.comune.parma.it/servizi/Stato-Civile/Atti-di-nascita_A2_C7_P108_Q1.aspx
Comune di Parma,Famiglia,Registrare l'autorità genitoriale (es. con il tribunale in caso di non matrimonio),Definire e comunicare chiaramente il limite massimo di tempo per l'erogazione del servizio,Servizio Nazionale,https://www.comune.parma.it/servizi/Stato-Civile/Atti-di-nascita_A2_C7_P108_Q1.aspx
Comune di Parma,Famiglia,Registrare l'autorità genitoriale (es. con il tribunale in caso di non matrimonio),Consentire l'autenticazione online per accedere al servizio,Servizio Nazionale,https://www.comune.parma.it/servizi/Stato-Civile/Atti-di-nascita_A2_C7_P108_Q1.aspx
Comune di Parma,Famiglia,Registrare l'autorità genitoriale (es. con il tribunale in caso di non matrimonio),Permettere l'uso dell'identità digitale nazionale per l'autenticazione,Servizio Nazionale,https://www.comune.parma.it/servizi/Stato-Civile/Atti-di-nascita_A2_C7_P108_Q1.aspx
Comune di Parma,Famiglia,Registrare l'autorità genitoriale (es. con il tribunale in caso di non matrimonio),Permettere agli utenti di utilizzare un'identità digitale privata per l'autenticazione,Servizio Nazionale,https://www.comune.parma.it/servizi/Stato-Civile/Atti-di-nascita_A2_C7_P108_Q1.aspx
Comune di Parma,Famiglia,Registrare l'autorità genitoriale (es. con il tribunale in caso di non matrimonio),Chiarire esplicitamente quali informazioni personali sono richieste agli utenti,Servizio Nazionale,https://www.comune.parma.it/servizi/Stato-Civile/Atti-di-nascita_A2_C7_P108_Q1.aspx
Comune di Parma,Famiglia,Registrare l'autorità genitoriale (es. con il tribunale in caso di non matrimonio),Consentire il precompilamento automatico dei dati personali già disponibili,Servizio Nazionale,https://www.comune.parma.it/servizi/Stato-Civile/Atti-di-nascita_A2_C7_P108_Q1.aspx
INPS - Istituto Nazionale della Previdenza Sociale,Famiglia,Richiedere l'assegno per i figli,Chiarire esplicitamente la durata prevista del processo,Servizio Nazionale,https://www.inps.it/prestazioni-servizi/premio-alla-nascita-800-euro
INPS - Istituto Nazionale della Previdenza Sociale,Famiglia,Richiedere l'assegno per i figli,Definire e comunicare chiaramente il limite massimo di tempo per l'erogazione del servizio,Servizio Nazionale,https://www.inps.it/prestazioni-servizi/premio-alla-nascita-800-euro
INPS - Istituto Nazionale della Previdenza Sociale,Famiglia,Richiedere l'assegno per i figli,Consentire l'accesso ad altri servizi correlati senza dover effettuare nuovamente l'autenticazione,Servizio Nazionale,https://www.inps.it/prestazioni-servizi/premio-alla-nascita-800-euro
INPS - Istituto Nazionale della Previdenza Sociale,Famiglia,Richiedere l'assegno per i figli,Permettere agli utenti di utilizzare un'identità digitale privata per l'autenticazione,Servizio Nazionale,https://www.inps.it/prestazioni-servizi/premio-alla-nascita-800-euro
INPS - Istituto Nazionale della Previdenza Sociale,Famiglia,Richiedere l'assegno per i figli,Garantire che il servizio sia ottimizzato per l'accesso da dispositivi mobili,Servizio Nazionale,https://www.inps.it/prestazioni-servizi/premio-alla-nascita-800-euro
Comune di Roma,Famiglia,Registrarsi presso il registro civile/locale per sposarsi o per chiudere un'unione civile,Rendere il servizio effettivo disponibile online,Servizio Nazionale,https://www.comune.roma.it/web/it/scheda-servizi.page?contentId=INF144603
Comune di Roma,Famiglia,Registrarsi presso il registro civile/locale per sposarsi o per chiudere un'unione civile,Chiarire esplicitamente la durata prevista del processo,Servizio Nazionale,https://www.comune.roma.it/web/it/scheda-servizi.page?contentId=INF144603
Comune di Roma,Famiglia,Registrarsi presso il registro civile/locale per sposarsi o per chiudere un'unione civile,Rendere chiari e facilmente accessibili i tempi previsti per l'erogazione,Servizio Nazionale,https://www.comune.roma.it/web/it/scheda-servizi.page?contentId=INF144603
Comune di Roma,Famiglia,Registrarsi presso il registro civile/locale per sposarsi o per chiudere un'unione civile,Definire e comunicare chiaramente il limite massimo di tempo per l'erogazione del servizio,Servizio Nazionale,https://www.comune.roma.it/web/it/scheda-servizi.page?contentId=INF144603
Comune di Roma,Famiglia,Registrarsi presso il registro civile/locale per sposarsi o per chiudere un'unione civile,Esplicitare chiaramente se è necessaria l'autenticazione per accedere al servizio,Servizio Nazionale,https://www.comune.roma.it/web/it/scheda-servizi.page?contentId=INF144603
Comune di Roma,Famiglia,Registrarsi presso il registro civile/locale per sposarsi o per chiudere un'unione civile,Consentire l'autenticazione online per accedere al servizio,Servizio Nazionale,https://www.comune.roma.it/web/it/scheda-servizi.page?contentId=INF144603
Comune di Roma,Famiglia,Registrarsi presso il registro civile/locale per sposarsi o per chiudere un'unione civile,Permettere l'uso dell'identità digitale nazionale per l'autenticazione,Servizio Nazionale,https://www.comune.roma.it/web/it/scheda-servizi.page?contentId=INF144603
Comune di Roma,Famiglia,Registrarsi presso il registro civile/locale per sposarsi o per chiudere un'unione civile,Permettere agli utenti di utilizzare un'identità digitale privata per l'autenticazione,Servizio Nazionale,https://www.comune.roma.it/web/it/scheda-servizi.page?contentId=INF144603
Comune di Roma,Famiglia,Registrarsi presso il registro civile/locale per sposarsi o per chiudere un'unione civile,Consentire il precompilamento automatico dei dati personali già disponibili,Servizio Nazionale,https://www.comune.roma.it/web/it/scheda-servizi.page?contentId=INF144603
Comune di Roma,Famiglia,Registrarsi presso il registro civile/locale per sposarsi o per chiudere un'unione civile,Rendere disponibile l'output del servizio in formato elettronico,Servizio Nazionale,https://www.comune.roma.it/web/it/scheda-servizi.page?contentId=INF144603
Comune di Roma,Famiglia,Registrarsi presso il registro civile/locale per sposarsi o per chiudere un'unione civile,Fornire una notifica automatica al completamento del servizio,Servizio Nazionale,https://www.comune.roma.it/web/it/scheda-servizi.page?contentId=INF144603
Comune di Milano,Famiglia,Registrarsi presso il registro civile/locale per sposarsi o per chiudere un'unione civile,Rendere il servizio effettivo disponibile online,Servizio Nazionale,https://www.comune.milano.it/servizi/sposarsi-con-rito-civile
Comune di Milano,Famiglia,Registrarsi presso il registro civile/locale per sposarsi o per chiudere un'unione civile,Chiarire esplicitamente la durata prevista del processo,Servizio Nazionale,https://www.comune.milano.it/servizi/sposarsi-con-rito-civile
Comune di Milano,Famiglia,Registrarsi presso il registro civile/locale per sposarsi o per chiudere un'unione civile,Rendere chiari e facilmente accessibili i tempi previsti per l'erogazione,Servizio Nazionale,https://www.comune.milano.it/servizi/sposarsi-con-rito-civile
Comune di Milano,Famiglia,Registrarsi presso il registro civile/locale per sposarsi o per chiudere un'unione civile,Definire e comunicare chiaramente il limite massimo di tempo per l'erogazione del servizio,Servizio Nazionale,https://www.comune.milano.it/servizi/sposarsi-con-rito-civile
Comune di Milano,Famiglia,Registrarsi presso il registro civile/locale per sposarsi o per chiudere un'unione civile,Esplicitare chiaramente se è necessaria l'autenticazione per accedere al servizio,Servizio Nazionale,https://www.comune.milano.it/servizi/sposarsi-con-rito-civile
Comune di Milano,Famiglia,Registrarsi presso il registro civile/locale per sposarsi o per chiudere un'unione civile,Consentire l'autenticazione online per accedere al servizio,Servizio Nazionale,https://www.comune.milano.it/servizi/sposarsi-con-rito-civile
Comune di Milano,Famiglia,Registrarsi presso il registro civile/locale per sposarsi o per chiudere un'unione civile,Permettere l'uso dell'identità digitale nazionale per l'autenticazione,Servizio Nazionale,https://www.comune.milano.it/servizi/sposarsi-con-rito-civile
Comune di Milano,Famiglia,Registrarsi presso il registro civile/locale per sposarsi o per chiudere un'unione civile,Permettere agli utenti di utilizzare un'identità digitale privata per l'autenticazione,Servizio Nazionale,https://www.comune.milano.it/servizi/sposarsi-con-rito-civile
Comune di Milano,Famiglia,Registrarsi presso il registro civile/locale per sposarsi o per chiudere un'unione civile,Consentire il precompilamento automatico dei dati personali già disponibili,Servizio Nazionale,https://www.comune.milano.it/servizi/sposarsi-con-rito-civile
Comune di Milano,Famiglia,Registrarsi presso il registro civile/locale per sposarsi o per chiudere un'unione civile,Rendere disponibile l'output del servizio in formato elettronico,Servizio Nazionale,https://www.comune.milano.it/servizi/sposarsi-con-rito-civile
Comune di Milano,Famiglia,Registrarsi presso il registro civile/locale per sposarsi o per chiudere un'unione civile,Fornire una notifica automatica al completamento del servizio,Servizio Nazionale,https://www.comune.milano.it/servizi/sposarsi-con-rito-civile
Comune di Napoli,Famiglia,Registrarsi presso il registro civile/locale per sposarsi o per chiudere un'unione civile,Rendere il servizio effettivo disponibile online,Servizio Nazionale,https://www.comune.napoli.it/flex/cm/pages/ServeBLOB.php/L/IT/IDPagina/16831
Comune di Napoli,Famiglia,Registrarsi presso il registro civile/locale per sposarsi o per chiudere un'unione civile,Chiarire esplicitamente la durata prevista del processo,Servizio Nazionale,https://www.comune.napoli.it/flex/cm/pages/ServeBLOB.php/L/IT/IDPagina/16831
Comune di Napoli,Famiglia,Registrarsi presso il registro civile/locale per sposarsi o per chiudere un'unione civile,Rendere chiari e facilmente accessibili i tempi previsti per l'erogazione,Servizio Nazionale,https://www.comune.napoli.it/flex/cm/pages/ServeBLOB.php/L/IT/IDPagina/16831
Comune di Napoli,Famiglia,Registrarsi presso il registro civile/locale per sposarsi o per chiudere un'unione civile,Definire e comunicare chiaramente il limite massimo di tempo per l'erogazione del servizio,Servizio Nazionale,https://www.comune.napoli.it/flex/cm/pages/ServeBLOB.php/L/IT/IDPagina/16831
Comune di Napoli,Famiglia,Registrarsi presso il registro civile/locale per sposarsi o per chiudere un'unione civile,Consentire l'autenticazione online per accedere al servizio,Servizio Nazionale,https://www.comune.napoli.it/flex/cm/pages/ServeBLOB.php/L/IT/IDPagina/16831
Comune di Napoli,Famiglia,Registrarsi presso il registro civile/locale per sposarsi o per chiudere un'unione civile,Permettere l'uso dell'identità digitale nazionale per l'autenticazione,Servizio Nazionale,https://www.comune.napoli.it/flex/cm/pages/ServeBLOB.php/L/IT/IDPagina/16831
Comune di Napoli,Famiglia,Registrarsi presso il registro civile/locale per sposarsi o per chiudere un'unione civile,Permettere agli utenti di utilizzare un'identità digitale privata per l'autenticazione,Servizio Nazionale,https://www.comune.napoli.it/flex/cm/pages/ServeBLOB.php/L/IT/IDPagina/16831
Comune di Napoli,Famiglia,Registrarsi presso il registro civile/locale per sposarsi o per chiudere un'unione civile,Consentire il precompilamento automatico dei dati personali già disponibili,Servizio Nazionale,https://www.comune.napoli.it/flex/cm/pages/ServeBLOB.php/L/IT/IDPagina/16831
Comune di Napoli,Famiglia,Registrarsi presso il registro civile/locale per sposarsi o per chiudere un'unione civile,Rendere disponibile l'output del servizio in formato elettronico,Servizio Nazionale,https://www.comune.napoli.it/flex/cm/pages/ServeBLOB.php/L/IT/IDPagina/16831
Comune di Napoli,Famiglia,Registrarsi presso il registro civile/locale per sposarsi o per chiudere un'unione civile,Fornire una notifica automatica al completamento del servizio,Servizio Nazionale,https://www.comune.napoli.it/flex/cm/pages/ServeBLOB.php/L/IT/IDPagina/16831
Comune di Torino,Famiglia,Registrarsi presso il registro civile/locale per sposarsi o per chiudere un'unione civile,Rendere il servizio effettivo disponibile online,Servizio Nazionale,http://www.comune.torino.it/anagrafe/index_stato_civile.shtml
Comune di Torino,Famiglia,Registrarsi presso il registro civile/locale per sposarsi o per chiudere un'unione civile,Chiarire esplicitamente la durata prevista del processo,Servizio Nazionale,http://www.comune.torino.it/anagrafe/index_stato_civile.shtml
Comune di Torino,Famiglia,Registrarsi presso il registro civile/locale per sposarsi o per chiudere un'unione civile,Rendere chiari e facilmente accessibili i tempi previsti per l'erogazione,Servizio Nazionale,http://www.comune.torino.it/anagrafe/index_stato_civile.shtml
Comune di Torino,Famiglia,Registrarsi presso il registro civile/locale per sposarsi o per chiudere un'unione civile,Definire e comunicare chiaramente il limite massimo di tempo per l'erogazione del servizio,Servizio Nazionale,http://www.comune.torino.it/anagrafe/index_stato_civile.shtml
Comune di Torino,Famiglia,Registrarsi presso il registro civile/locale per sposarsi o per chiudere un'unione civile,Consentire l'autenticazione online per accedere al servizio,Servizio Nazionale,http://www.comune.torino.it/anagrafe/index_stato_civile.shtml
Comune di Torino,Famiglia,Registrarsi presso il registro civile/locale per sposarsi o per chiudere un'unione civile,Permettere l'uso dell'identità digitale nazionale per l'autenticazione,Servizio Nazionale,http://www.comune.torino.it/anagrafe/index_stato_civile.shtml
Comune di Torino,Famiglia,Registrarsi presso il registro civile/locale per sposarsi o per chiudere un'unione civile,Permettere agli utenti di utilizzare un'identità digitale privata per l'autenticazione,Servizio Nazionale,http://www.comune.torino.it/anagrafe/index_stato_civile.shtml
Comune di Torino,Famiglia,Registrarsi presso il registro civile/locale per sposarsi o per chiudere un'unione civile,Consentire il precompilamento automatico dei dati personali già disponibili,Servizio Nazionale,http://www.comune.torino.it/anagrafe/index_stato_civile.shtml
Comune di Palermo,Famiglia,Registrarsi presso il registro civile/locale per sposarsi o per chiudere un'unione civile,Rendere il servizio effettivo disponibile online,Servizio Nazionale,https://www.comune.palermo.it/stato-civile-dettaglio.php?cat=284
Comune di Palermo,Famiglia,Registrarsi presso il registro civile/locale per sposarsi o per chiudere un'unione civile,Chiarire esplicitamente la durata prevista del processo,Servizio Nazionale,https://www.comune.palermo.it/stato-civile-dettaglio.php?cat=284
Comune di Palermo,Famiglia,Registrarsi presso il registro civile/locale per sposarsi o per chiudere un'unione civile,Rendere chiari e facilmente accessibili i tempi previsti per l'erogazione,Servizio Nazionale,https://www.comune.palermo.it/stato-civile-dettaglio.php?cat=284
Comune di Palermo,Famiglia,Registrarsi presso il registro civile/locale per sposarsi o per chiudere un'unione civile,Definire e comunicare chiaramente il limite massimo di tempo per l'erogazione del servizio,Servizio Nazionale,https://www.comune.palermo.it/stato-civile-dettaglio.php?cat=284
Comune di Palermo,Famiglia,Registrarsi presso il registro civile/locale per sposarsi o per chiudere un'unione civile,Consentire l'autenticazione online per accedere al servizio,Servizio Nazionale,https://www.comune.palermo.it/stato-civile-dettaglio.php?cat=284
Comune di Palermo,Famiglia,Registrarsi presso il registro civile/locale per sposarsi o per chiudere un'unione civile,Permettere l'uso dell'identità digitale nazionale per l'autenticazione,Servizio Nazionale,https://www.comune.palermo.it/stato-civile-dettaglio.php?cat=284
Comune di Palermo,Famiglia,Registrarsi presso il registro civile/locale per sposarsi o per chiudere un'unione civile,Permettere agli utenti di utilizzare un'identità digitale privata per l'autenticazione,Servizio Nazionale,https://www.comune.palermo.it/stato-civile-dettaglio.php?cat=284
Comune di Palermo,Famiglia,Registrarsi presso il registro civile/locale per sposarsi o per chiudere un'unione civile,Consentire il precompilamento automatico dei dati personali già disponibili,Servizio Nazionale,https://www.comune.palermo.it/stato-civile-dettaglio.php?cat=284
Comune di Genova,Famiglia,Registrarsi presso il registro civile/locale per sposarsi o per chiudere un'unione civile,Rendere il servizio effettivo disponibile online,Servizio Nazionale,https://www.comune.genova.it/amministrazione/uffici/stato-civile-ufficio-matrimoni-unioni-civili-e-trascrizioni-di-atti-di
Comune di Genova,Famiglia,Registrarsi presso il registro civile/locale per sposarsi o per chiudere un'unione civile,Chiarire esplicitamente la durata prevista del processo,Servizio Nazionale,https://www.comune.genova.it/amministrazione/uffici/stato-civile-ufficio-matrimoni-unioni-civili-e-trascrizioni-di-atti-di
Comune di Genova,Famiglia,Registrarsi presso il registro civile/locale per sposarsi o per chiudere un'unione civile,Rendere chiari e facilmente accessibili i tempi previsti per l'erogazione,Servizio Nazionale,https://www.comune.genova.it/amministrazione/uffici/stato-civile-ufficio-matrimoni-unioni-civili-e-trascrizioni-di-atti-di
Comune di Genova,Famiglia,Registrarsi presso il registro civile/locale per sposarsi o per chiudere un'unione civile,Definire e comunicare chiaramente il limite massimo di tempo per l'erogazione del servizio,Servizio Nazionale,https://www.comune.genova.it/amministrazione/uffici/stato-civile-ufficio-matrimoni-unioni-civili-e-trascrizioni-di-atti-di
Comune di Genova,Famiglia,Registrarsi presso il registro civile/locale per sposarsi o per chiudere un'unione civile,Consentire l'autenticazione online per accedere al servizio,Servizio Nazionale,https://www.comune.genova.it/amministrazione/uffici/stato-civile-ufficio-matrimoni-unioni-civili-e-trascrizioni-di-atti-di
Comune di Genova,Famiglia,Registrarsi presso il registro civile/locale per sposarsi o per chiudere un'unione civile,Permettere l'uso dell'identità digitale nazionale per l'autenticazione,Servizio Nazionale,https://www.comune.genova.it/amministrazione/uffici/stato-civile-ufficio-matrimoni-unioni-civili-e-trascrizioni-di-atti-di
Comune di Genova,Famiglia,Registrarsi presso il registro civile/locale per sposarsi o per chiudere un'unione civile,Permettere agli utenti di utilizzare un'identità digitale privata per l'autenticazione,Servizio Nazionale,https://www.comune.genova.it/amministrazione/uffici/stato-civile-ufficio-matrimoni-unioni-civili-e-trascrizioni-di-atti-di
Comune di Genova,Famiglia,Registrarsi presso il registro civile/locale per sposarsi o per chiudere un'unione civile,Consentire il precompilamento automatico dei dati personali già disponibili,Servizio Nazionale,https://www.comune.genova.it/amministrazione/uffici/stato-civile-ufficio-matrimoni-unioni-civili-e-trascrizioni-di-atti-di
Comune di Genova,Famiglia,Registrarsi presso il registro civile/locale per sposarsi o per chiudere un'unione civile,Garantire che il servizio sia ottimizzato per l'accesso da dispositivi mobili,Servizio Nazionale,https://www.comune.genova.it/amministrazione/uffici/stato-civile-ufficio-matrimoni-unioni-civili-e-trascrizioni-di-atti-di
Comune di Bologna,Famiglia,Registrarsi presso il registro civile/locale per sposarsi o per chiudere un'unione civile,Rendere il servizio effettivo disponibile online,Servizio Nazionale,https://www.comune.bologna.it/servizi-informazioni/pubblicazione-matrimonio
Comune di Bologna,Famiglia,Registrarsi presso il registro civile/locale per sposarsi o per chiudere un'unione civile,Chiarire esplicitamente la durata prevista del processo,Servizio Nazionale,https://www.comune.bologna.it/servizi-informazioni/pubblicazione-matrimonio
Comune di Bologna,Famiglia,Registrarsi presso il registro civile/locale per sposarsi o per chiudere un'unione civile,Rendere chiari e facilmente accessibili i tempi previsti per l'erogazione,Servizio Nazionale,https://www.comune.bologna.it/servizi-informazioni/pubblicazione-matrimonio
Comune di Bologna,Famiglia,Registrarsi presso il registro civile/locale per sposarsi o per chiudere un'unione civile,Definire e comunicare chiaramente il limite massimo di tempo per l'erogazione del servizio,Servizio Nazionale,https://www.comune.bologna.it/servizi-informazioni/pubblicazione-matrimonio
Comune di Bologna,Famiglia,Registrarsi presso il registro civile/locale per sposarsi o per chiudere un'unione civile,Consentire l'autenticazione online per accedere al servizio,Servizio Nazionale,https://www.comune.bologna.it/servizi-informazioni/pubblicazione-matrimonio
Comune di Bologna,Famiglia,Registrarsi presso il registro civile/locale per sposarsi o per chiudere un'unione civile,Permettere l'uso dell'identità digitale nazionale per l'autenticazione,Servizio Nazionale,https://www.comune.bologna.it/servizi-informazioni/pubblicazione-matrimonio
Comune di Bologna,Famiglia,Registrarsi presso il registro civile/locale per sposarsi o per chiudere un'unione civile,Permettere agli utenti di utilizzare un'identità digitale privata per l'autenticazione,Servizio Nazionale,https://www.comune.bologna.it/servizi-informazioni/pubblicazione-matrimonio
Comune di Bologna,Famiglia,Registrarsi presso il registro civile/locale per sposarsi o per chiudere un'unione civile,Consentire il precompilamento automatico dei dati personali già disponibili,Servizio Nazionale,https://www.comune.bologna.it/servizi-informazioni/pubblicazione-matrimonio
Comune di Bologna,Famiglia,Registrarsi presso il registro civile/locale per sposarsi o per chiudere un'unione civile,Rendere disponibile l'output del servizio in formato elettronico,Servizio Nazionale,https://www.comune.bologna.it/servizi-informazioni/pubblicazione-matrimonio
Comune di Bologna,Famiglia,Registrarsi presso il registro civile/locale per sposarsi o per chiudere un'unione civile,Fornire una notifica automatica al completamento del servizio,Servizio Nazionale,https://www.comune.bologna.it/servizi-informazioni/pubblicazione-matrimonio
Comune di Firenze,Famiglia,Registrarsi presso il registro civile/locale per sposarsi o per chiudere un'unione civile,Rendere il servizio effettivo disponibile online,Servizio Nazionale,https://servizi.comune.fi.it/servizi/scheda-servizio/matrimonio-pubblicazioni-di-matrimonio
Comune di Firenze,Famiglia,Registrarsi presso il registro civile/locale per sposarsi o per chiudere un'unione civile,Chiarire esplicitamente la durata prevista del processo,Servizio Nazionale,https://servizi.comune.fi.it/servizi/scheda-servizio/matrimonio-pubblicazioni-di-matrimonio
Comune di Firenze,Famiglia,Registrarsi presso il registro civile/locale per sposarsi o per chiudere un'unione civile,Rendere chiari e facilmente accessibili i tempi previsti per l'erogazione,Servizio Nazionale,https://servizi.comune.fi.it/servizi/scheda-servizio/matrimonio-pubblicazioni-di-matrimonio
Comune di Firenze,Famiglia,Registrarsi presso il registro civile/locale per sposarsi o per chiudere un'unione civile,Definire e comunicare chiaramente il limite massimo di tempo per l'erogazione del servizio,Servizio Nazionale,https://servizi.comune.fi.it/servizi/scheda-servizio/matrimonio-pubblicazioni-di-matrimonio
Comune di Firenze,Famiglia,Registrarsi presso il registro civile/locale per sposarsi o per chiudere un'unione civile,Consentire l'autenticazione online per accedere al servizio,Servizio Nazionale,https://servizi.comune.fi.it/servizi/scheda-servizio/matrimonio-pubblicazioni-di-matrimonio
Comune di Firenze,Famiglia,Registrarsi presso il registro civile/locale per sposarsi o per chiudere un'unione civile,Permettere l'uso dell'identità digitale nazionale per l'autenticazione,Servizio Nazionale,https://servizi.comune.fi.it/servizi/scheda-servizio/matrimonio-pubblicazioni-di-matrimonio
Comune di Firenze,Famiglia,Registrarsi presso il registro civile/locale per sposarsi o per chiudere un'unione civile,Permettere agli utenti di utilizzare un'identità digitale privata per l'autenticazione,Servizio Nazionale,https://servizi.comune.fi.it/servizi/scheda-servizio/matrimonio-pubblicazioni-di-matrimonio
Comune di Firenze,Famiglia,Registrarsi presso il registro civile/locale per sposarsi o per chiudere un'unione civile,Consentire il precompilamento automatico dei dati personali già disponibili,Servizio Nazionale,https://servizi.comune.fi.it/servizi/scheda-servizio/matrimonio-pubblicazioni-di-matrimonio
Comune di Firenze,Famiglia,Registrarsi presso il registro civile/locale per sposarsi o per chiudere un'unione civile,Rendere disponibile l'output del servizio in formato elettronico,Servizio Nazionale,https://servizi.comune.fi.it/servizi/scheda-servizio/matrimonio-pubblicazioni-di-matrimonio
Comune di Firenze,Famiglia,Registrarsi presso il registro civile/locale per sposarsi o per chiudere un'unione civile,Fornire una notifica automatica al completamento del servizio,Servizio Nazionale,https://servizi.comune.fi.it/servizi/scheda-servizio/matrimonio-pubblicazioni-di-matrimonio
Comune di Bari,Famiglia,Registrarsi presso il registro civile/locale per sposarsi o per chiudere un'unione civile,Rendere il servizio effettivo disponibile online,Servizio Nazionale,https://www.comune.bari.it/web/egov/-/pubblicazioni-di-matrimonio
Comune di Bari,Famiglia,Registrarsi presso il registro civile/locale per sposarsi o per chiudere un'unione civile,Chiarire esplicitamente la durata prevista del processo,Servizio Nazionale,https://www.comune.bari.it/web/egov/-/pubblicazioni-di-matrimonio
Comune di Bari,Famiglia,Registrarsi presso il registro civile/locale per sposarsi o per chiudere un'unione civile,Rendere chiari e facilmente accessibili i tempi previsti per l'erogazione,Servizio Nazionale,https://www.comune.bari.it/web/egov/-/pubblicazioni-di-matrimonio
Comune di Bari,Famiglia,Registrarsi presso il registro civile/locale per sposarsi o per chiudere un'unione civile,Definire e comunicare chiaramente il limite massimo di tempo per l'erogazione del servizio,Servizio Nazionale,https://www.comune.bari.it/web/egov/-/pubblicazioni-di-matrimonio
Comune di Bari,Famiglia,Registrarsi presso il registro civile/locale per sposarsi o per chiudere un'unione civile,Consentire l'autenticazione online per accedere al servizio,Servizio Nazionale,https://www.comune.bari.it/web/egov/-/pubblicazioni-di-matrimonio
Comune di Bari,Famiglia,Registrarsi presso il registro civile/locale per sposarsi o per chiudere un'unione civile,Permettere l'uso dell'identità digitale nazionale per l'autenticazione,Servizio Nazionale,https://www.comune.bari.it/web/egov/-/pubblicazioni-di-matrimonio
Comune di Bari,Famiglia,Registrarsi presso il registro civile/locale per sposarsi o per chiudere un'unione civile,Permettere agli utenti di utilizzare un'identità digitale privata per l'autenticazione,Servizio Nazionale,https://www.comune.bari.it/web/egov/-/pubblicazioni-di-matrimonio
Comune di Bari,Famiglia,Registrarsi presso il registro civile/locale per sposarsi o per chiudere un'unione civile,Consentire il precompilamento automatico dei dati personali già disponibili,Servizio Nazionale,https://www.comune.bari.it/web/egov/-/pubblicazioni-di-matrimonio
Comune di Bari,Famiglia,Registrarsi presso il registro civile/locale per sposarsi o per chiudere un'unione civile,Rendere disponibile l'output del servizio in formato elettronico,Servizio Nazionale,https://www.comune.bari.it/web/egov/-/pubblicazioni-di-matrimonio
Comune di Bari,Famiglia,Registrarsi presso il registro civile/locale per sposarsi o per chiudere un'unione civile,Fornire una notifica automatica al completamento del servizio,Servizio Nazionale,https://www.comune.bari.it/web/egov/-/pubblicazioni-di-matrimonio
Comune di Catania,Famiglia,Registrarsi presso il registro civile/locale per sposarsi o per chiudere un'unione civile,Rendere il servizio effettivo disponibile online,Servizio Nazionale,https://www.comune.ra.it/aree-tematiche/anagrafe-elettorale-leva/stato-civile/
Comune di Catania,Famiglia,Registrarsi presso il registro civile/locale per sposarsi o per chiudere un'unione civile,Chiarire esplicitamente la durata prevista del processo,Servizio Nazionale,https://www.comune.ra.it/aree-tematiche/anagrafe-elettorale-leva/stato-civile/
Comune di Catania,Famiglia,Registrarsi presso il registro civile/locale per sposarsi o per chiudere un'unione civile,Rendere chiari e facilmente accessibili i tempi previsti per l'erogazione,Servizio Nazionale,https://www.comune.ra.it/aree-tematiche/anagrafe-elettorale-leva/stato-civile/
Comune di Catania,Famiglia,Registrarsi presso il registro civile/locale per sposarsi o per chiudere un'unione civile,Definire e comunicare chiaramente il limite massimo di tempo per l'erogazione del servizio,Servizio Nazionale,https://www.comune.ra.it/aree-tematiche/anagrafe-elettorale-leva/stato-civile/
Comune di Catania,Famiglia,Registrarsi presso il registro civile/locale per sposarsi o per chiudere un'unione civile,Consentire l'autenticazione online per accedere al servizio,Servizio Nazionale,https://www.comune.ra.it/aree-tematiche/anagrafe-elettorale-leva/stato-civile/
Comune di Catania,Famiglia,Registrarsi presso il registro civile/locale per sposarsi o per chiudere un'unione civile,Permettere l'uso dell'identità digitale nazionale per l'autenticazione,Servizio Nazionale,https://www.comune.ra.it/aree-tematiche/anagrafe-elettorale-leva/stato-civile/
Comune di Catania,Famiglia,Registrarsi presso il registro civile/locale per sposarsi o per chiudere un'unione civile,Permettere agli utenti di utilizzare un'identità digitale privata per l'autenticazione,Servizio Nazionale,https://www.comune.ra.it/aree-tematiche/anagrafe-elettorale-leva/stato-civile/
Comune di Catania,Famiglia,Registrarsi presso il registro civile/locale per sposarsi o per chiudere un'unione civile,Consentire il precompilamento automatico dei dati personali già disponibili,Servizio Nazionale,https://www.comune.ra.it/aree-tematiche/anagrafe-elettorale-leva/stato-civile/
Comune di Catania,Famiglia,Registrarsi presso il registro civile/locale per sposarsi o per chiudere un'unione civile,Rendere disponibile l'output del servizio in formato elettronico,Servizio Nazionale,https://www.comune.ra.it/aree-tematiche/anagrafe-elettorale-leva/stato-civile/
Comune di Catania,Famiglia,Registrarsi presso il registro civile/locale per sposarsi o per chiudere un'unione civile,Fornire una notifica automatica al completamento del servizio,Servizio Nazionale,https://www.comune.ra.it/aree-tematiche/anagrafe-elettorale-leva/stato-civile/
Comune di Verona,Famiglia,Registrarsi presso il registro civile/locale per sposarsi o per chiudere un'unione civile,Rendere il servizio effettivo disponibile online,Servizio Nazionale,https://www.comune.trieste.it/it/servizi-9173/anagrafe-stato-civile-9317/matrimonio-pubblicazioni-10181
Comune di Verona,Famiglia,Registrarsi presso il registro civile/locale per sposarsi o per chiudere un'unione civile,Chiarire esplicitamente la durata prevista del processo,Servizio Nazionale,https://www.comune.trieste.it/it/servizi-9173/anagrafe-stato-civile-9317/matrimonio-pubblicazioni-10181
Comune di Verona,Famiglia,Registrarsi presso il registro civile/locale per sposarsi o per chiudere un'unione civile,Rendere chiari e facilmente accessibili i tempi previsti per l'erogazione,Servizio Nazionale,https://www.comune.trieste.it/it/servizi-9173/anagrafe-stato-civile-9317/matrimonio-pubblicazioni-10181
Comune di Verona,Famiglia,Registrarsi presso il registro civile/locale per sposarsi o per chiudere un'unione civile,Definire e comunicare chiaramente il limite massimo di tempo per l'erogazione del servizio,Servizio Nazionale,https://www.comune.trieste.it/it/servizi-9173/anagrafe-stato-civile-9317/matrimonio-pubblicazioni-10181
Comune di Verona,Famiglia,Registrarsi presso il registro civile/locale per sposarsi o per chiudere un'unione civile,Consentire l'autenticazione online per accedere al servizio,Servizio Nazionale,https://www.comune.trieste.it/it/servizi-9173/anagrafe-stato-civile-9317/matrimonio-pubblicazioni-10181
Comune di Verona,Famiglia,Registrarsi presso il registro civile/locale per sposarsi o per chiudere un'unione civile,Permettere l'uso dell'identità digitale nazionale per l'autenticazione,Servizio Nazionale,https://www.comune.trieste.it/it/servizi-9173/anagrafe-stato-civile-9317/matrimonio-pubblicazioni-10181
Comune di Verona,Famiglia,Registrarsi presso il registro civile/locale per sposarsi o per chiudere un'unione civile,Permettere agli utenti di utilizzare un'identità digitale privata per l'autenticazione,Servizio Nazionale,https://www.comune.trieste.it/it/servizi-9173/anagrafe-stato-civile-9317/matrimonio-pubblicazioni-10181
Comune di Verona,Famiglia,Registrarsi presso il registro civile/locale per sposarsi o per chiudere un'unione civile,Consentire il precompilamento automatico dei dati personali già disponibili,Servizio Nazionale,https://www.comune.trieste.it/it/servizi-9173/anagrafe-stato-civile-9317/matrimonio-pubblicazioni-10181
Comune di Verona,Famiglia,Registrarsi presso il registro civile/locale per sposarsi o per chiudere un'unione civile,Garantire che il servizio sia ottimizzato per l'accesso da dispositivi mobili,Servizio Nazionale,https://www.comune.trieste.it/it/servizi-9173/anagrafe-stato-civile-9317/matrimonio-pubblicazioni-10181
Comune di Venezia,Famiglia,Registrarsi presso il registro civile/locale per sposarsi o per chiudere un'unione civile,Rendere il servizio effettivo disponibile online,Servizio Nazionale,https://www.comune.venezia.it/it/content/pubblicazioni-di-matrimonio
Comune di Venezia,Famiglia,Registrarsi presso il registro civile/locale per sposarsi o per chiudere un'unione civile,Chiarire esplicitamente la durata prevista del processo,Servizio Nazionale,https://www.comune.venezia.it/it/content/pubblicazioni-di-matrimonio
Comune di Venezia,Famiglia,Registrarsi presso il registro civile/locale per sposarsi o per chiudere un'unione civile,Rendere chiari e facilmente accessibili i tempi previsti per l'erogazione,Servizio Nazionale,https://www.comune.venezia.it/it/content/pubblicazioni-di-matrimonio
Comune di Venezia,Famiglia,Registrarsi presso il registro civile/locale per sposarsi o per chiudere un'unione civile,Definire e comunicare chiaramente il limite massimo di tempo per l'erogazione del servizio,Servizio Nazionale,https://www.comune.venezia.it/it/content/pubblicazioni-di-matrimonio
Comune di Venezia,Famiglia,Registrarsi presso il registro civile/locale per sposarsi o per chiudere un'unione civile,Consentire l'autenticazione online per accedere al servizio,Servizio Nazionale,https://www.comune.venezia.it/it/content/pubblicazioni-di-matrimonio
Comune di Venezia,Famiglia,Registrarsi presso il registro civile/locale per sposarsi o per chiudere un'unione civile,Permettere l'uso dell'identità digitale nazionale per l'autenticazione,Servizio Nazionale,https://www.comune.venezia.it/it/content/pubblicazioni-di-matrimonio
Comune di Venezia,Famiglia,Registrarsi presso il registro civile/locale per sposarsi o per chiudere un'unione civile,Permettere agli utenti di utilizzare un'identità digitale privata per l'autenticazione,Servizio Nazionale,https://www.comune.venezia.it/it/content/pubblicazioni-di-matrimonio
Comune di Venezia,Famiglia,Registrarsi presso il registro civile/locale per sposarsi o per chiudere un'unione civile,Consentire il precompilamento automatico dei dati personali già disponibili,Servizio Nazionale,https://www.comune.venezia.it/it/content/pubblicazioni-di-matrimonio
Comune di Venezia,Famiglia,Registrarsi presso il registro civile/locale per sposarsi o per chiudere un'unione civile,Rendere disponibile l'output del servizio in formato elettronico,Servizio Nazionale,https://www.comune.venezia.it/it/content/pubblicazioni-di-matrimonio
Comune di Venezia,Famiglia,Registrarsi presso il registro civile/locale per sposarsi o per chiudere un'unione civile,Fornire una notifica automatica al completamento del servizio,Servizio Nazionale,https://www.comune.venezia.it/it/content/pubblicazioni-di-matrimonio
Comune di Messina,Famiglia,Registrarsi presso il registro civile/locale per sposarsi o per chiudere un'unione civile,Rendere il servizio effettivo disponibile online,Servizio Nazionale,https://comune.messina.it/it/unita_organizzative/servizio-anagrafe-stato-civile
Comune di Messina,Famiglia,Registrarsi presso il registro civile/locale per sposarsi o per chiudere un'unione civile,Chiarire esplicitamente la durata prevista del processo,Servizio Nazionale,https://comune.messina.it/it/unita_organizzative/servizio-anagrafe-stato-civile
Comune di Messina,Famiglia,Registrarsi presso il registro civile/locale per sposarsi o per chiudere un'unione civile,Rendere chiari e facilmente accessibili i tempi previsti per l'erogazione,Servizio Nazionale,https://comune.messina.it/it/unita_organizzative/servizio-anagrafe-stato-civile
Comune di Messina,Famiglia,Registrarsi presso il registro civile/locale per sposarsi o per chiudere un'unione civile,Definire e comunicare chiaramente il limite massimo di tempo per l'erogazione del servizio,Servizio Nazionale,https://comune.messina.it/it/unita_organizzative/servizio-anagrafe-stato-civile
Comune di Messina,Famiglia,Registrarsi presso il registro civile/locale per sposarsi o per chiudere un'unione civile,Consentire l'autenticazione online per accedere al servizio,Servizio Nazionale,https://comune.messina.it/it/unita_organizzative/servizio-anagrafe-stato-civile
Comune di Messina,Famiglia,Registrarsi presso il registro civile/locale per sposarsi o per chiudere un'unione civile,Permettere l'uso dell'identità digitale nazionale per l'autenticazione,Servizio Nazionale,https://comune.messina.it/it/unita_organizzative/servizio-anagrafe-stato-civile
Comune di Messina,Famiglia,Registrarsi presso il registro civile/locale per sposarsi o per chiudere un'unione civile,Permettere agli utenti di utilizzare un'identità digitale privata per l'autenticazione,Servizio Nazionale,https://comune.messina.it/it/unita_organizzative/servizio-anagrafe-stato-civile
Comune di Messina,Famiglia,Registrarsi presso il registro civile/locale per sposarsi o per chiudere un'unione civile,Chiarire esplicitamente quali informazioni personali sono richieste agli utenti,Servizio Nazionale,https://comune.messina.it/it/unita_organizzative/servizio-anagrafe-stato-civile
Comune di Messina,Famiglia,Registrarsi presso il registro civile/locale per sposarsi o per chiudere un'unione civile,Consentire il precompilamento automatico dei dati personali già disponibili,Servizio Nazionale,https://comune.messina.it/it/unita_organizzative/servizio-anagrafe-stato-civile
Comune di Messina,Famiglia,Registrarsi presso il registro civile/locale per sposarsi o per chiudere un'unione civile,Garantire che il servizio sia ottimizzato per l'accesso da dispositivi mobili,Servizio Nazionale,https://comune.messina.it/it/unita_organizzative/servizio-anagrafe-stato-civile
Comune di Padova,Famiglia,Registrarsi presso il registro civile/locale per sposarsi o per chiudere un'unione civile,Rendere il servizio effettivo disponibile online,Servizio Nazionale,https://www.comune.rimini.it/governo/uffici-e-sportelli/ufficio-stato-civile
Comune di Padova,Famiglia,Registrarsi presso il registro civile/locale per sposarsi o per chiudere un'unione civile,Chiarire esplicitamente la durata prevista del processo,Servizio Nazionale,https://www.comune.rimini.it/governo/uffici-e-sportelli/ufficio-stato-civile
Comune di Padova,Famiglia,Registrarsi presso il registro civile/locale per sposarsi o per chiudere un'unione civile,Rendere chiari e facilmente accessibili i tempi previsti per l'erogazione,Servizio Nazionale,https://www.comune.rimini.it/governo/uffici-e-sportelli/ufficio-stato-civile
Comune di Padova,Famiglia,Registrarsi presso il registro civile/locale per sposarsi o per chiudere un'unione civile,Definire e comunicare chiaramente il limite massimo di tempo per l'erogazione del servizio,Servizio Nazionale,https://www.comune.rimini.it/governo/uffici-e-sportelli/ufficio-stato-civile
Comune di Padova,Famiglia,Registrarsi presso il registro civile/locale per sposarsi o per chiudere un'unione civile,Consentire l'autenticazione online per accedere al servizio,Servizio Nazionale,https://www.comune.rimini.it/governo/uffici-e-sportelli/ufficio-stato-civile
Comune di Padova,Famiglia,Registrarsi presso il registro civile/locale per sposarsi o per chiudere un'unione civile,Permettere l'uso dell'identità digitale nazionale per l'autenticazione,Servizio Nazionale,https://www.comune.rimini.it/governo/uffici-e-sportelli/ufficio-stato-civile
Comune di Padova,Famiglia,Registrarsi presso il registro civile/locale per sposarsi o per chiudere un'unione civile,Permettere agli utenti di utilizzare un'identità digitale privata per l'autenticazione,Servizio Nazionale,https://www.comune.rimini.it/governo/uffici-e-sportelli/ufficio-stato-civile
Comune di Padova,Famiglia,Registrarsi presso il registro civile/locale per sposarsi o per chiudere un'unione civile,Consentire il precompilamento automatico dei dati personali già disponibili,Servizio Nazionale,https://www.comune.rimini.it/governo/uffici-e-sportelli/ufficio-stato-civile
Comune di Padova,Famiglia,Registrarsi presso il registro civile/locale per sposarsi o per chiudere un'unione civile,Rendere disponibile l'output del servizio in formato elettronico,Servizio Nazionale,https://www.comune.rimini.it/governo/uffici-e-sportelli/ufficio-stato-civile
Comune di Padova,Famiglia,Registrarsi presso il registro civile/locale per sposarsi o per chiudere un'unione civile,Fornire una notifica automatica al completamento del servizio,Servizio Nazionale,https://www.comune.rimini.it/governo/uffici-e-sportelli/ufficio-stato-civile
Comune di Padova,Famiglia,Registrarsi presso il registro civile/locale per sposarsi o per chiudere un'unione civile,Garantire che il servizio sia ottimizzato per l'accesso da dispositivi mobili,Servizio Nazionale,https://www.comune.rimini.it/governo/uffici-e-sportelli/ufficio-stato-civile
Comune di Trieste,Famiglia,Registrarsi presso il registro civile/locale per sposarsi o per chiudere un'unione civile,Rendere il servizio effettivo disponibile online,Servizio Nazionale,https://www.comune.trieste.it/it/servizi-9173/anagrafe-stato-civile-9317/matrimonio-pubblicazioni-10181
Comune di Trieste,Famiglia,Registrarsi presso il registro civile/locale per sposarsi o per chiudere un'unione civile,Chiarire esplicitamente la durata prevista del processo,Servizio Nazionale,https://www.comune.trieste.it/it/servizi-9173/anagrafe-stato-civile-9317/matrimonio-pubblicazioni-10181
Comune di Trieste,Famiglia,Registrarsi presso il registro civile/locale per sposarsi o per chiudere un'unione civile,Rendere chiari e facilmente accessibili i tempi previsti per l'erogazione,Servizio Nazionale,https://www.comune.trieste.it/it/servizi-9173/anagrafe-stato-civile-9317/matrimonio-pubblicazioni-10181
Comune di Trieste,Famiglia,Registrarsi presso il registro civile/locale per sposarsi o per chiudere un'unione civile,Definire e comunicare chiaramente il limite massimo di tempo per l'erogazione del servizio,Servizio Nazionale,https://www.comune.trieste.it/it/servizi-9173/anagrafe-stato-civile-9317/matrimonio-pubblicazioni-10181
Comune di Trieste,Famiglia,Registrarsi presso il registro civile/locale per sposarsi o per chiudere un'unione civile,Consentire l'autenticazione online per accedere al servizio,Servizio Nazionale,https://www.comune.trieste.it/it/servizi-9173/anagrafe-stato-civile-9317/matrimonio-pubblicazioni-10181
Comune di Trieste,Famiglia,Registrarsi presso il registro civile/locale per sposarsi o per chiudere un'unione civile,Permettere l'uso dell'identità digitale nazionale per l'autenticazione,Servizio Nazionale,https://www.comune.trieste.it/it/servizi-9173/anagrafe-stato-civile-9317/matrimonio-pubblicazioni-10181
Comune di Trieste,Famiglia,Registrarsi presso il registro civile/locale per sposarsi o per chiudere un'unione civile,Permettere agli utenti di utilizzare un'identità digitale privata per l'autenticazione,Servizio Nazionale,https://www.comune.trieste.it/it/servizi-9173/anagrafe-stato-civile-9317/matrimonio-pubblicazioni-10181
Comune di Trieste,Famiglia,Registrarsi presso il registro civile/locale per sposarsi o per chiudere un'unione civile,Consentire il precompilamento automatico dei dati personali già disponibili,Servizio Nazionale,https://www.comune.trieste.it/it/servizi-9173/anagrafe-stato-civile-9317/matrimonio-pubblicazioni-10181
Comune di Trieste,Famiglia,Registrarsi presso il registro civile/locale per sposarsi o per chiudere un'unione civile,Garantire che il servizio sia ottimizzato per l'accesso da dispositivi mobili,Servizio Nazionale,https://www.comune.trieste.it/it/servizi-9173/anagrafe-stato-civile-9317/matrimonio-pubblicazioni-10181
Comune di Brescia,Famiglia,Registrarsi presso il registro civile/locale per sposarsi o per chiudere un'unione civile,Rendere il servizio effettivo disponibile online,Servizio Nazionale,https://www.comune.brescia.it/servizi/certificatiedocumenti/statocivile/Matrimonio/Pagine/pubblicazione-di-matrimonio.aspx
Comune di Brescia,Famiglia,Registrarsi presso il registro civile/locale per sposarsi o per chiudere un'unione civile,Chiarire esplicitamente la durata prevista del processo,Servizio Nazionale,https://www.comune.brescia.it/servizi/certificatiedocumenti/statocivile/Matrimonio/Pagine/pubblicazione-di-matrimonio.aspx
Comune di Brescia,Famiglia,Registrarsi presso il registro civile/locale per sposarsi o per chiudere un'unione civile,Rendere chiari e facilmente accessibili i tempi previsti per l'erogazione,Servizio Nazionale,https://www.comune.brescia.it/servizi/certificatiedocumenti/statocivile/Matrimonio/Pagine/pubblicazione-di-matrimonio.aspx
Comune di Brescia,Famiglia,Registrarsi presso il registro civile/locale per sposarsi o per chiudere un'unione civile,Definire e comunicare chiaramente il limite massimo di tempo per l'erogazione del servizio,Servizio Nazionale,https://www.comune.brescia.it/servizi/certificatiedocumenti/statocivile/Matrimonio/Pagine/pubblicazione-di-matrimonio.aspx
Comune di Brescia,Famiglia,Registrarsi presso il registro civile/locale per sposarsi o per chiudere un'unione civile,Consentire l'autenticazione online per accedere al servizio,Servizio Nazionale,https://www.comune.brescia.it/servizi/certificatiedocumenti/statocivile/Matrimonio/Pagine/pubblicazione-di-matrimonio.aspx
Comune di Brescia,Famiglia,Registrarsi presso il registro civile/locale per sposarsi o per chiudere un'unione civile,Permettere l'uso dell'identità digitale nazionale per l'autenticazione,Servizio Nazionale,https://www.comune.brescia.it/servizi/certificatiedocumenti/statocivile/Matrimonio/Pagine/pubblicazione-di-matrimonio.aspx
Comune di Brescia,Famiglia,Registrarsi presso il registro civile/locale per sposarsi o per chiudere un'unione civile,Permettere agli utenti di utilizzare un'identità digitale privata per l'autenticazione,Servizio Nazionale,https://www.comune.brescia.it/servizi/certificatiedocumenti/statocivile/Matrimonio/Pagine/pubblicazione-di-matrimonio.aspx
Comune di Brescia,Famiglia,Registrarsi presso il registro civile/locale per sposarsi o per chiudere un'unione civile,Consentire il precompilamento automatico dei dati personali già disponibili,Servizio Nazionale,https://www.comune.brescia.it/servizi/certificatiedocumenti/statocivile/Matrimonio/Pagine/pubblicazione-di-matrimonio.aspx
Comune di Brescia,Famiglia,Registrarsi presso il registro civile/locale per sposarsi o per chiudere un'unione civile,Rendere disponibile l'output del servizio in formato elettronico,Servizio Nazionale,https://www.comune.brescia.it/servizi/certificatiedocumenti/statocivile/Matrimonio/Pagine/pubblicazione-di-matrimonio.aspx
Comune di Brescia,Famiglia,Registrarsi presso il registro civile/locale per sposarsi o per chiudere un'unione civile,Fornire una notifica automatica al completamento del servizio,Servizio Nazionale,https://www.comune.brescia.it/servizi/certificatiedocumenti/statocivile/Matrimonio/Pagine/pubblicazione-di-matrimonio.aspx
Comune di Parma,Famiglia,Registrarsi presso il registro civile/locale per sposarsi o per chiudere un'unione civile,Rendere il servizio effettivo disponibile online,Servizio Nazionale,https://www.comune.parma.it/servizi/Servizi-Demografici-Stato-Civile/Matrimoni_A2_C7_P103.aspx
Comune di Parma,Famiglia,Registrarsi presso il registro civile/locale per sposarsi o per chiudere un'unione civile,Chiarire esplicitamente la durata prevista del processo,Servizio Nazionale,https://www.comune.parma.it/servizi/Servizi-Demografici-Stato-Civile/Matrimoni_A2_C7_P103.aspx
Comune di Parma,Famiglia,Registrarsi presso il registro civile/locale per sposarsi o per chiudere un'unione civile,Rendere chiari e facilmente accessibili i tempi previsti per l'erogazione,Servizio Nazionale,https://www.comune.parma.it/servizi/Servizi-Demografici-Stato-Civile/Matrimoni_A2_C7_P103.aspx
Comune di Parma,Famiglia,Registrarsi presso il registro civile/locale per sposarsi o per chiudere un'unione civile,Definire e comunicare chiaramente il limite massimo di tempo per l'erogazione del servizio,Servizio Nazionale,https://www.comune.parma.it/servizi/Servizi-Demografici-Stato-Civile/Matrimoni_A2_C7_P103.aspx
Comune di Parma,Famiglia,Registrarsi presso il registro civile/locale per sposarsi o per chiudere un'unione civile,Consentire l'autenticazione online per accedere al servizio,Servizio Nazionale,https://www.comune.parma.it/servizi/Servizi-Demografici-Stato-Civile/Matrimoni_A2_C7_P103.aspx
Comune di Parma,Famiglia,Registrarsi presso il registro civile/locale per sposarsi o per chiudere un'unione civile,Permettere l'uso dell'identità digitale nazionale per l'autenticazione,Servizio Nazionale,https://www.comune.parma.it/servizi/Servizi-Demografici-Stato-Civile/Matrimoni_A2_C7_P103.aspx
Comune di Parma,Famiglia,Registrarsi presso il registro civile/locale per sposarsi o per chiudere un'unione civile,Permettere agli utenti di utilizzare un'identità digitale privata per l'autenticazione,Servizio Nazionale,https://www.comune.parma.it/servizi/Servizi-Demografici-Stato-Civile/Matrimoni_A2_C7_P103.aspx
Comune di Parma,Famiglia,Registrarsi presso il registro civile/locale per sposarsi o per chiudere un'unione civile,Consentire il precompilamento automatico dei dati personali già disponibili,Servizio Nazionale,https://www.comune.parma.it/servizi/Servizi-Demografici-Stato-Civile/Matrimoni_A2_C7_P103.aspx
Comune di Parma,Famiglia,Registrarsi presso il registro civile/locale per sposarsi o per chiudere un'unione civile,Rendere disponibile l'output del servizio in formato elettronico,Servizio Nazionale,https://www.comune.parma.it/servizi/Servizi-Demografici-Stato-Civile/Matrimoni_A2_C7_P103.aspx
Comune di Parma,Famiglia,Registrarsi presso il registro civile/locale per sposarsi o per chiudere un'unione civile,Fornire una notifica automatica al completamento del servizio,Servizio Nazionale,https://www.comune.parma.it/servizi/Servizi-Demografici-Stato-Civile/Matrimoni_A2_C7_P103.aspx
Comune di Prato,Famiglia,Registrarsi presso il registro civile/locale per sposarsi o per chiudere un'unione civile,Rendere il servizio effettivo disponibile online,Servizio Nazionale,https://www.comune.venezia.it/it/content/pubblicazioni-di-matrimonio
Comune di Prato,Famiglia,Registrarsi presso il registro civile/locale per sposarsi o per chiudere un'unione civile,Chiarire esplicitamente la durata prevista del processo,Servizio Nazionale,https://www.comune.venezia.it/it/content/pubblicazioni-di-matrimonio
Comune di Prato,Famiglia,Registrarsi presso il registro civile/locale per sposarsi o per chiudere un'unione civile,Rendere chiari e facilmente accessibili i tempi previsti per l'erogazione,Servizio Nazionale,https://www.comune.venezia.it/it/content/pubblicazioni-di-matrimonio
Comune di Prato,Famiglia,Registrarsi presso il registro civile/locale per sposarsi o per chiudere un'unione civile,Definire e comunicare chiaramente il limite massimo di tempo per l'erogazione del servizio,Servizio Nazionale,https://www.comune.venezia.it/it/content/pubblicazioni-di-matrimonio
Comune di Prato,Famiglia,Registrarsi presso il registro civile/locale per sposarsi o per chiudere un'unione civile,Consentire l'autenticazione online per accedere al servizio,Servizio Nazionale,https://www.comune.venezia.it/it/content/pubblicazioni-di-matrimonio
Comune di Prato,Famiglia,Registrarsi presso il registro civile/locale per sposarsi o per chiudere un'unione civile,Permettere l'uso dell'identità digitale nazionale per l'autenticazione,Servizio Nazionale,https://www.comune.venezia.it/it/content/pubblicazioni-di-matrimonio
Comune di Prato,Famiglia,Registrarsi presso il registro civile/locale per sposarsi o per chiudere un'unione civile,Permettere agli utenti di utilizzare un'identità digitale privata per l'autenticazione,Servizio Nazionale,https://www.comune.venezia.it/it/content/pubblicazioni-di-matrimonio
Comune di Prato,Famiglia,Registrarsi presso il registro civile/locale per sposarsi o per chiudere un'unione civile,Consentire il precompilamento automatico dei dati personali già disponibili,Servizio Nazionale,https://www.comune.venezia.it/it/content/pubblicazioni-di-matrimonio
Comune di Prato,Famiglia,Registrarsi presso il registro civile/locale per sposarsi o per chiudere un'unione civile,Rendere disponibile l'output del servizio in formato elettronico,Servizio Nazionale,https://www.comune.venezia.it/it/content/pubblicazioni-di-matrimonio
Comune di Prato,Famiglia,Registrarsi presso il registro civile/locale per sposarsi o per chiudere un'unione civile,Fornire una notifica automatica al completamento del servizio,Servizio Nazionale,https://www.comune.venezia.it/it/content/pubblicazioni-di-matrimonio
Comune di Taranto,Famiglia,Registrarsi presso il registro civile/locale per sposarsi o per chiudere un'unione civile,Rendere il servizio effettivo disponibile online,Servizio Nazionale,https://comune.messina.it/affari-generali/servizio-stato-civile/
Comune di Taranto,Famiglia,Registrarsi presso il registro civile/locale per sposarsi o per chiudere un'unione civile,Chiarire esplicitamente la durata prevista del processo,Servizio Nazionale,https://comune.messina.it/affari-generali/servizio-stato-civile/
Comune di Taranto,Famiglia,Registrarsi presso il registro civile/locale per sposarsi o per chiudere un'unione civile,Rendere chiari e facilmente accessibili i tempi previsti per l'erogazione,Servizio Nazionale,https://comune.messina.it/affari-generali/servizio-stato-civile/
Comune di Taranto,Famiglia,Registrarsi presso il registro civile/locale per sposarsi o per chiudere un'unione civile,Definire e comunicare chiaramente il limite massimo di tempo per l'erogazione del servizio,Servizio Nazionale,https://comune.messina.it/affari-generali/servizio-stato-civile/
Comune di Taranto,Famiglia,Registrarsi presso il registro civile/locale per sposarsi o per chiudere un'unione civile,Consentire l'autenticazione online per accedere al servizio,Servizio Nazionale,https://comune.messina.it/affari-generali/servizio-stato-civile/
Comune di Taranto,Famiglia,Registrarsi presso il registro civile/locale per sposarsi o per chiudere un'unione civile,Permettere l'uso dell'identità digitale nazionale per l'autenticazione,Servizio Nazionale,https://comune.messina.it/affari-generali/servizio-stato-civile/
Comune di Taranto,Famiglia,Registrarsi presso il registro civile/locale per sposarsi o per chiudere un'unione civile,Permettere agli utenti di utilizzare un'identità digitale privata per l'autenticazione,Servizio Nazionale,https://comune.messina.it/affari-generali/servizio-stato-civile/
Comune di Taranto,Famiglia,Registrarsi presso il registro civile/locale per sposarsi o per chiudere un'unione civile,Chiarire esplicitamente quali informazioni personali sono richieste agli utenti,Servizio Nazionale,https://comune.messina.it/affari-generali/servizio-stato-civile/
Comune di Taranto,Famiglia,Registrarsi presso il registro civile/locale per sposarsi o per chiudere un'unione civile,Consentire il precompilamento automatico dei dati personali già disponibili,Servizio Nazionale,https://comune.messina.it/affari-generali/servizio-stato-civile/
Comune di Taranto,Famiglia,Registrarsi presso il registro civile/locale per sposarsi o per chiudere un'unione civile,Garantire che il servizio sia ottimizzato per l'accesso da dispositivi mobili,Servizio Nazionale,https://comune.messina.it/affari-generali/servizio-stato-civile/
Comune di Modena,Famiglia,Registrarsi presso il registro civile/locale per sposarsi o per chiudere un'unione civile,Rendere il servizio effettivo disponibile online,Servizio Nazionale,https://www.comune.brescia.it/servizi/certificatiedocumenti/statocivile/Matrimonio/Pagine/pubblicazione-di-matrimonio.aspx
Comune di Modena,Famiglia,Registrarsi presso il registro civile/locale per sposarsi o per chiudere un'unione civile,Chiarire esplicitamente la durata prevista del processo,Servizio Nazionale,https://www.comune.brescia.it/servizi/certificatiedocumenti/statocivile/Matrimonio/Pagine/pubblicazione-di-matrimonio.aspx
Comune di Modena,Famiglia,Registrarsi presso il registro civile/locale per sposarsi o per chiudere un'unione civile,Rendere chiari e facilmente accessibili i tempi previsti per l'erogazione,Servizio Nazionale,https://www.comune.brescia.it/servizi/certificatiedocumenti/statocivile/Matrimonio/Pagine/pubblicazione-di-matrimonio.aspx
Comune di Modena,Famiglia,Registrarsi presso il registro civile/locale per sposarsi o per chiudere un'unione civile,Definire e comunicare chiaramente il limite massimo di tempo per l'erogazione del servizio,Servizio Nazionale,https://www.comune.brescia.it/servizi/certificatiedocumenti/statocivile/Matrimonio/Pagine/pubblicazione-di-matrimonio.aspx
Comune di Modena,Famiglia,Registrarsi presso il registro civile/locale per sposarsi o per chiudere un'unione civile,Consentire l'autenticazione online per accedere al servizio,Servizio Nazionale,https://www.comune.brescia.it/servizi/certificatiedocumenti/statocivile/Matrimonio/Pagine/pubblicazione-di-matrimonio.aspx
Comune di Modena,Famiglia,Registrarsi presso il registro civile/locale per sposarsi o per chiudere un'unione civile,Permettere l'uso dell'identità digitale nazionale per l'autenticazione,Servizio Nazionale,https://www.comune.brescia.it/servizi/certificatiedocumenti/statocivile/Matrimonio/Pagine/pubblicazione-di-matrimonio.aspx
Comune di Modena,Famiglia,Registrarsi presso il registro civile/locale per sposarsi o per chiudere un'unione civile,Permettere agli utenti di utilizzare un'identità digitale privata per l'autenticazione,Servizio Nazionale,https://www.comune.brescia.it/servizi/certificatiedocumenti/statocivile/Matrimonio/Pagine/pubblicazione-di-matrimonio.aspx
Comune di Modena,Famiglia,Registrarsi presso il registro civile/locale per sposarsi o per chiudere un'unione civile,Consentire il precompilamento automatico dei dati personali già disponibili,Servizio Nazionale,https://www.comune.brescia.it/servizi/certificatiedocumenti/statocivile/Matrimonio/Pagine/pubblicazione-di-matrimonio.aspx
Comune di Modena,Famiglia,Registrarsi presso il registro civile/locale per sposarsi o per chiudere un'unione civile,Rendere disponibile l'output del servizio in formato elettronico,Servizio Nazionale,https://www.comune.brescia.it/servizi/certificatiedocumenti/statocivile/Matrimonio/Pagine/pubblicazione-di-matrimonio.aspx
Comune di Modena,Famiglia,Registrarsi presso il registro civile/locale per sposarsi o per chiudere un'unione civile,Fornire una notifica automatica al completamento del servizio,Servizio Nazionale,https://www.comune.brescia.it/servizi/certificatiedocumenti/statocivile/Matrimonio/Pagine/pubblicazione-di-matrimonio.aspx
Comune di Roma,Famiglia,Registrare il divorzio presso il registro civile/locale per terminare il matrimonio o un'unione civile,Rendere il servizio effettivo disponibile online,Servizio Nazionale,https://www.comune.roma.it/web/it/scheda-servizi.page?contentId=INF143461
Comune di Roma,Famiglia,Registrare il divorzio presso il registro civile/locale per terminare il matrimonio o un'unione civile,Chiarire esplicitamente la durata prevista del processo,Servizio Nazionale,https://www.comune.roma.it/web/it/scheda-servizi.page?contentId=INF143461
Comune di Roma,Famiglia,Registrare il divorzio presso il registro civile/locale per terminare il matrimonio o un'unione civile,Rendere chiari e facilmente accessibili i tempi previsti per l'erogazione,Servizio Nazionale,https://www.comune.roma.it/web/it/scheda-servizi.page?contentId=INF143461
Comune di Roma,Famiglia,Registrare il divorzio presso il registro civile/locale per terminare il matrimonio o un'unione civile,Definire e comunicare chiaramente il limite massimo di tempo per l'erogazione del servizio,Servizio Nazionale,https://www.comune.roma.it/web/it/scheda-servizi.page?contentId=INF143461
Comune di Roma,Famiglia,Registrare il divorzio presso il registro civile/locale per terminare il matrimonio o un'unione civile,Consentire l'autenticazione online per accedere al servizio,Servizio Nazionale,https://www.comune.roma.it/web/it/scheda-servizi.page?contentId=INF143461
Comune di Roma,Famiglia,Registrare il divorzio presso il registro civile/locale per terminare il matrimonio o un'unione civile,Permettere l'uso dell'identità digitale nazionale per l'autenticazione,Servizio Nazionale,https://www.comune.roma.it/web/it/scheda-servizi.page?contentId=INF143461
Comune di Roma,Famiglia,Registrare il divorzio presso il registro civile/locale per terminare il matrimonio o un'unione civile,Permettere agli utenti di utilizzare un'identità digitale privata per l'autenticazione,Servizio Nazionale,https://www.comune.roma.it/web/it/scheda-servizi.page?contentId=INF143461
Comune di Roma,Famiglia,Registrare il divorzio presso il registro civile/locale per terminare il matrimonio o un'unione civile,Chiarire esplicitamente quali informazioni personali sono richieste agli utenti,Servizio Nazionale,https://www.comune.roma.it/web/it/scheda-servizi.page?contentId=INF143461
Comune di Roma,Famiglia,Registrare il divorzio presso il registro civile/locale per terminare il matrimonio o un'unione civile,Consentire il precompilamento automatico dei dati personali già disponibili,Servizio Nazionale,https://www.comune.roma.it/web/it/scheda-servizi.page?contentId=INF143461
Comune di Roma,Famiglia,Registrare il divorzio presso il registro civile/locale per terminare il matrimonio o un'unione civile,Rendere disponibile l'output del servizio in formato elettronico,Servizio Nazionale,https://www.comune.roma.it/web/it/scheda-servizi.page?contentId=INF143461
Comune di Roma,Famiglia,Registrare il divorzio presso il registro civile/locale per terminare il matrimonio o un'unione civile,Fornire una notifica automatica al completamento del servizio,Servizio Nazionale,https://www.comune.roma.it/web/it/scheda-servizi.page?contentId=INF143461
Comune di Milano,Famiglia,Registrare il divorzio presso il registro civile/locale per terminare il matrimonio o un'unione civile,Rendere il servizio effettivo disponibile online,Servizio Nazionale,https://www.comune.milano.it/servizi/separazioni-e-divorzi-scioglimento-unioni-civili
Comune di Milano,Famiglia,Registrare il divorzio presso il registro civile/locale per terminare il matrimonio o un'unione civile,Chiarire esplicitamente la durata prevista del processo,Servizio Nazionale,https://www.comune.milano.it/servizi/separazioni-e-divorzi-scioglimento-unioni-civili
Comune di Milano,Famiglia,Registrare il divorzio presso il registro civile/locale per terminare il matrimonio o un'unione civile,Rendere chiari e facilmente accessibili i tempi previsti per l'erogazione,Servizio Nazionale,https://www.comune.milano.it/servizi/separazioni-e-divorzi-scioglimento-unioni-civili
Comune di Milano,Famiglia,Registrare il divorzio presso il registro civile/locale per terminare il matrimonio o un'unione civile,Definire e comunicare chiaramente il limite massimo di tempo per l'erogazione del servizio,Servizio Nazionale,https://www.comune.milano.it/servizi/separazioni-e-divorzi-scioglimento-unioni-civili
Comune di Milano,Famiglia,Registrare il divorzio presso il registro civile/locale per terminare il matrimonio o un'unione civile,Consentire l'autenticazione online per accedere al servizio,Servizio Nazionale,https://www.comune.milano.it/servizi/separazioni-e-divorzi-scioglimento-unioni-civili
Comune di Milano,Famiglia,Registrare il divorzio presso il registro civile/locale per terminare il matrimonio o un'unione civile,Permettere l'uso dell'identità digitale nazionale per l'autenticazione,Servizio Nazionale,https://www.comune.milano.it/servizi/separazioni-e-divorzi-scioglimento-unioni-civili
Comune di Milano,Famiglia,Registrare il divorzio presso il registro civile/locale per terminare il matrimonio o un'unione civile,Permettere agli utenti di utilizzare un'identità digitale privata per l'autenticazione,Servizio Nazionale,https://www.comune.milano.it/servizi/separazioni-e-divorzi-scioglimento-unioni-civili
Comune di Milano,Famiglia,Registrare il divorzio presso il registro civile/locale per terminare il matrimonio o un'unione civile,Chiarire esplicitamente quali informazioni personali sono richieste agli utenti,Servizio Nazionale,https://www.comune.milano.it/servizi/separazioni-e-divorzi-scioglimento-unioni-civili
Comune di Milano,Famiglia,Registrare il divorzio presso il registro civile/locale per terminare il matrimonio o un'unione civile,Consentire il precompilamento automatico dei dati personali già disponibili,Servizio Nazionale,https://www.comune.milano.it/servizi/separazioni-e-divorzi-scioglimento-unioni-civili
Comune di Napoli,Famiglia,Registrare il divorzio presso il registro civile/locale per terminare il matrimonio o un'unione civile,Rendere il servizio effettivo disponibile online,Servizio Nazionale,https://www.comune.napoli.it/flex/cm/pages/ServeBLOB.php/L/IT/IDPagina/26056
Comune di Napoli,Famiglia,Registrare il divorzio presso il registro civile/locale per terminare il matrimonio o un'unione civile,Chiarire esplicitamente la durata prevista del processo,Servizio Nazionale,https://www.comune.napoli.it/flex/cm/pages/ServeBLOB.php/L/IT/IDPagina/26056
Comune di Napoli,Famiglia,Registrare il divorzio presso il registro civile/locale per terminare il matrimonio o un'unione civile,Rendere chiari e facilmente accessibili i tempi previsti per l'erogazione,Servizio Nazionale,https://www.comune.napoli.it/flex/cm/pages/ServeBLOB.php/L/IT/IDPagina/26056
Comune di Napoli,Famiglia,Registrare il divorzio presso il registro civile/locale per terminare il matrimonio o un'unione civile,Definire e comunicare chiaramente il limite massimo di tempo per l'erogazione del servizio,Servizio Nazionale,https://www.comune.napoli.it/flex/cm/pages/ServeBLOB.php/L/IT/IDPagina/26056
Comune di Napoli,Famiglia,Registrare il divorzio presso il registro civile/locale per terminare il matrimonio o un'unione civile,Consentire l'autenticazione online per accedere al servizio,Servizio Nazionale,https://www.comune.napoli.it/flex/cm/pages/ServeBLOB.php/L/IT/IDPagina/26056
Comune di Napoli,Famiglia,Registrare il divorzio presso il registro civile/locale per terminare il matrimonio o un'unione civile,Permettere l'uso dell'identità digitale nazionale per l'autenticazione,Servizio Nazionale,https://www.comune.napoli.it/flex/cm/pages/ServeBLOB.php/L/IT/IDPagina/26056
Comune di Napoli,Famiglia,Registrare il divorzio presso il registro civile/locale per terminare il matrimonio o un'unione civile,Permettere agli utenti di utilizzare un'identità digitale privata per l'autenticazione,Servizio Nazionale,https://www.comune.napoli.it/flex/cm/pages/ServeBLOB.php/L/IT/IDPagina/26056
Comune di Napoli,Famiglia,Registrare il divorzio presso il registro civile/locale per terminare il matrimonio o un'unione civile,Chiarire esplicitamente quali informazioni personali sono richieste agli utenti,Servizio Nazionale,https://www.comune.napoli.it/flex/cm/pages/ServeBLOB.php/L/IT/IDPagina/26056
Comune di Napoli,Famiglia,Registrare il divorzio presso il registro civile/locale per terminare il matrimonio o un'unione civile,Consentire il precompilamento automatico dei dati personali già disponibili,Servizio Nazionale,https://www.comune.napoli.it/flex/cm/pages/ServeBLOB.php/L/IT/IDPagina/26056
Comune di Napoli,Famiglia,Registrare il divorzio presso il registro civile/locale per terminare il matrimonio o un'unione civile,Rendere disponibile l'output del servizio in formato elettronico,Servizio Nazionale,https://www.comune.napoli.it/flex/cm/pages/ServeBLOB.php/L/IT/IDPagina/26056
Comune di Napoli,Famiglia,Registrare il divorzio presso il registro civile/locale per terminare il matrimonio o un'unione civile,Fornire una notifica automatica al completamento del servizio,Servizio Nazionale,https://www.comune.napoli.it/flex/cm/pages/ServeBLOB.php/L/IT/IDPagina/26056
Comune di Torino,Famiglia,Registrare il divorzio presso il registro civile/locale per terminare il matrimonio o un'unione civile,Rendere il servizio effettivo disponibile online,Servizio Nazionale,http://www.comune.torino.it/anagrafe/sc_sep_div.shtml
Comune di Torino,Famiglia,Registrare il divorzio presso il registro civile/locale per terminare il matrimonio o un'unione civile,Chiarire esplicitamente la durata prevista del processo,Servizio Nazionale,http://www.comune.torino.it/anagrafe/sc_sep_div.shtml
Comune di Torino,Famiglia,Registrare il divorzio presso il registro civile/locale per terminare il matrimonio o un'unione civile,Rendere chiari e facilmente accessibili i tempi previsti per l'erogazione,Servizio Nazionale,http://www.comune.torino.it/anagrafe/sc_sep_div.shtml
Comune di Torino,Famiglia,Registrare il divorzio presso il registro civile/locale per terminare il matrimonio o un'unione civile,Definire e comunicare chiaramente il limite massimo di tempo per l'erogazione del servizio,Servizio Nazionale,http://www.comune.torino.it/anagrafe/sc_sep_div.shtml
Comune di Torino,Famiglia,Registrare il divorzio presso il registro civile/locale per terminare il matrimonio o un'unione civile,Consentire l'autenticazione online per accedere al servizio,Servizio Nazionale,http://www.comune.torino.it/anagrafe/sc_sep_div.shtml
Comune di Torino,Famiglia,Registrare il divorzio presso il registro civile/locale per terminare il matrimonio o un'unione civile,Permettere l'uso dell'identità digitale nazionale per l'autenticazione,Servizio Nazionale,http://www.comune.torino.it/anagrafe/sc_sep_div.shtml
Comune di Torino,Famiglia,Registrare il divorzio presso il registro civile/locale per terminare il matrimonio o un'unione civile,Permettere agli utenti di utilizzare un'identità digitale privata per l'autenticazione,Servizio Nazionale,http://www.comune.torino.it/anagrafe/sc_sep_div.shtml
Comune di Torino,Famiglia,Registrare il divorzio presso il registro civile/locale per terminare il matrimonio o un'unione civile,Consentire il precompilamento automatico dei dati personali già disponibili,Servizio Nazionale,http://www.comune.torino.it/anagrafe/sc_sep_div.shtml
Comune di Torino,Famiglia,Registrare il divorzio presso il registro civile/locale per terminare il matrimonio o un'unione civile,Rendere disponibile l'output del servizio in formato elettronico,Servizio Nazionale,http://www.comune.torino.it/anagrafe/sc_sep_div.shtml
Comune di Torino,Famiglia,Registrare il divorzio presso il registro civile/locale per terminare il matrimonio o un'unione civile,Fornire una notifica automatica al completamento del servizio,Servizio Nazionale,http://www.comune.torino.it/anagrafe/sc_sep_div.shtml
Comune di Palermo,Famiglia,Registrare il divorzio presso il registro civile/locale per terminare il matrimonio o un'unione civile,Rendere il servizio effettivo disponibile online,Servizio Nazionale,https://www.comune.palermo.it/stato-civile-dettaglio.php?cat=286
Comune di Palermo,Famiglia,Registrare il divorzio presso il registro civile/locale per terminare il matrimonio o un'unione civile,Chiarire esplicitamente la durata prevista del processo,Servizio Nazionale,https://www.comune.palermo.it/stato-civile-dettaglio.php?cat=286
Comune di Palermo,Famiglia,Registrare il divorzio presso il registro civile/locale per terminare il matrimonio o un'unione civile,Rendere chiari e facilmente accessibili i tempi previsti per l'erogazione,Servizio Nazionale,https://www.comune.palermo.it/stato-civile-dettaglio.php?cat=286
Comune di Palermo,Famiglia,Registrare il divorzio presso il registro civile/locale per terminare il matrimonio o un'unione civile,Definire e comunicare chiaramente il limite massimo di tempo per l'erogazione del servizio,Servizio Nazionale,https://www.comune.palermo.it/stato-civile-dettaglio.php?cat=286
Comune di Palermo,Famiglia,Registrare il divorzio presso il registro civile/locale per terminare il matrimonio o un'unione civile,Consentire l'autenticazione online per accedere al servizio,Servizio Nazionale,https://www.comune.palermo.it/stato-civile-dettaglio.php?cat=286
Comune di Palermo,Famiglia,Registrare il divorzio presso il registro civile/locale per terminare il matrimonio o un'unione civile,Permettere l'uso dell'identità digitale nazionale per l'autenticazione,Servizio Nazionale,https://www.comune.palermo.it/stato-civile-dettaglio.php?cat=286
Comune di Palermo,Famiglia,Registrare il divorzio presso il registro civile/locale per terminare il matrimonio o un'unione civile,Permettere agli utenti di utilizzare un'identità digitale privata per l'autenticazione,Servizio Nazionale,https://www.comune.palermo.it/stato-civile-dettaglio.php?cat=286
Comune di Palermo,Famiglia,Registrare il divorzio presso il registro civile/locale per terminare il matrimonio o un'unione civile,Chiarire esplicitamente quali informazioni personali sono richieste agli utenti,Servizio Nazionale,https://www.comune.palermo.it/stato-civile-dettaglio.php?cat=286
Comune di Palermo,Famiglia,Registrare il divorzio presso il registro civile/locale per terminare il matrimonio o un'unione civile,Consentire il precompilamento automatico dei dati personali già disponibili,Servizio Nazionale,https://www.comune.palermo.it/stato-civile-dettaglio.php?cat=286
Comune di Palermo,Famiglia,Registrare il divorzio presso il registro civile/locale per terminare il matrimonio o un'unione civile,Rendere disponibile l'output del servizio in formato elettronico,Servizio Nazionale,https://www.comune.palermo.it/stato-civile-dettaglio.php?cat=286
Comune di Palermo,Famiglia,Registrare il divorzio presso il registro civile/locale per terminare il matrimonio o un'unione civile,Fornire una notifica automatica al completamento del servizio,Servizio Nazionale,https://www.comune.palermo.it/stato-civile-dettaglio.php?cat=286
Comune di Genova,Famiglia,Registrare il divorzio presso il registro civile/locale per terminare il matrimonio o un'unione civile,Chiarire esplicitamente la durata prevista del processo,Servizio Nazionale,https://smart.comune.genova.it/pages/registrazione-divorzi-e-riconciliazioni
Comune di Genova,Famiglia,Registrare il divorzio presso il registro civile/locale per terminare il matrimonio o un'unione civile,Definire e comunicare chiaramente il limite massimo di tempo per l'erogazione del servizio,Servizio Nazionale,https://smart.comune.genova.it/pages/registrazione-divorzi-e-riconciliazioni
Comune di Genova,Famiglia,Registrare il divorzio presso il registro civile/locale per terminare il matrimonio o un'unione civile,Consentire l'autenticazione online per accedere al servizio,Servizio Nazionale,https://smart.comune.genova.it/pages/registrazione-divorzi-e-riconciliazioni
Comune di Genova,Famiglia,Registrare il divorzio presso il registro civile/locale per terminare il matrimonio o un'unione civile,Permettere l'uso dell'identità digitale nazionale per l'autenticazione,Servizio Nazionale,https://smart.comune.genova.it/pages/registrazione-divorzi-e-riconciliazioni
Comune di Genova,Famiglia,Registrare il divorzio presso il registro civile/locale per terminare il matrimonio o un'unione civile,Permettere agli utenti di utilizzare un'identità digitale privata per l'autenticazione,Servizio Nazionale,https://smart.comune.genova.it/pages/registrazione-divorzi-e-riconciliazioni
Comune di Genova,Famiglia,Registrare il divorzio presso il registro civile/locale per terminare il matrimonio o un'unione civile,Chiarire esplicitamente quali informazioni personali sono richieste agli utenti,Servizio Nazionale,https://smart.comune.genova.it/pages/registrazione-divorzi-e-riconciliazioni
Comune di Genova,Famiglia,Registrare il divorzio presso il registro civile/locale per terminare il matrimonio o un'unione civile,Consentire il precompilamento automatico dei dati personali già disponibili,Servizio Nazionale,https://smart.comune.genova.it/pages/registrazione-divorzi-e-riconciliazioni
Comune di Genova,Famiglia,Registrare il divorzio presso il registro civile/locale per terminare il matrimonio o un'unione civile,Garantire che il servizio sia ottimizzato per l'accesso da dispositivi mobili,Servizio Nazionale,https://smart.comune.genova.it/pages/registrazione-divorzi-e-riconciliazioni
Comune di Bologna,Famiglia,Registrare il divorzio presso il registro civile/locale per terminare il matrimonio o un'unione civile,Rendere il servizio effettivo disponibile online,Servizio Nazionale,https://www.comune.bologna.it/servizi-informazioni/separazione-divorzio-consensuale
Comune di Bologna,Famiglia,Registrare il divorzio presso il registro civile/locale per terminare il matrimonio o un'unione civile,Chiarire esplicitamente la durata prevista del processo,Servizio Nazionale,https://www.comune.bologna.it/servizi-informazioni/separazione-divorzio-consensuale
Comune di Bologna,Famiglia,Registrare il divorzio presso il registro civile/locale per terminare il matrimonio o un'unione civile,Rendere chiari e facilmente accessibili i tempi previsti per l'erogazione,Servizio Nazionale,https://www.comune.bologna.it/servizi-informazioni/separazione-divorzio-consensuale
Comune di Bologna,Famiglia,Registrare il divorzio presso il registro civile/locale per terminare il matrimonio o un'unione civile,Definire e comunicare chiaramente il limite massimo di tempo per l'erogazione del servizio,Servizio Nazionale,https://www.comune.bologna.it/servizi-informazioni/separazione-divorzio-consensuale
Comune di Bologna,Famiglia,Registrare il divorzio presso il registro civile/locale per terminare il matrimonio o un'unione civile,Consentire l'autenticazione online per accedere al servizio,Servizio Nazionale,https://www.comune.bologna.it/servizi-informazioni/separazione-divorzio-consensuale
Comune di Bologna,Famiglia,Registrare il divorzio presso il registro civile/locale per terminare il matrimonio o un'unione civile,Permettere l'uso dell'identità digitale nazionale per l'autenticazione,Servizio Nazionale,https://www.comune.bologna.it/servizi-informazioni/separazione-divorzio-consensuale
Comune di Bologna,Famiglia,Registrare il divorzio presso il registro civile/locale per terminare il matrimonio o un'unione civile,Permettere agli utenti di utilizzare un'identità digitale privata per l'autenticazione,Servizio Nazionale,https://www.comune.bologna.it/servizi-informazioni/separazione-divorzio-consensuale
Comune di Bologna,Famiglia,Registrare il divorzio presso il registro civile/locale per terminare il matrimonio o un'unione civile,Chiarire esplicitamente quali informazioni personali sono richieste agli utenti,Servizio Nazionale,https://www.comune.bologna.it/servizi-informazioni/separazione-divorzio-consensuale
Comune di Bologna,Famiglia,Registrare il divorzio presso il registro civile/locale per terminare il matrimonio o un'unione civile,Consentire il precompilamento automatico dei dati personali già disponibili,Servizio Nazionale,https://www.comune.bologna.it/servizi-informazioni/separazione-divorzio-consensuale
Comune di Bologna,Famiglia,Registrare il divorzio presso il registro civile/locale per terminare il matrimonio o un'unione civile,Rendere disponibile l'output del servizio in formato elettronico,Servizio Nazionale,https://www.comune.bologna.it/servizi-informazioni/separazione-divorzio-consensuale
Comune di Bologna,Famiglia,Registrare il divorzio presso il registro civile/locale per terminare il matrimonio o un'unione civile,Fornire una notifica automatica al completamento del servizio,Servizio Nazionale,https://www.comune.bologna.it/servizi-informazioni/separazione-divorzio-consensuale
Comune di Firenze,Famiglia,Registrare il divorzio presso il registro civile/locale per terminare il matrimonio o un'unione civile,Rendere il servizio effettivo disponibile online,Servizio Nazionale,https://servizi.comune.fi.it/servizi/scheda-servizio/separazione-personale
Comune di Firenze,Famiglia,Registrare il divorzio presso il registro civile/locale per terminare il matrimonio o un'unione civile,Chiarire esplicitamente la durata prevista del processo,Servizio Nazionale,https://servizi.comune.fi.it/servizi/scheda-servizio/separazione-personale
Comune di Firenze,Famiglia,Registrare il divorzio presso il registro civile/locale per terminare il matrimonio o un'unione civile,Rendere chiari e facilmente accessibili i tempi previsti per l'erogazione,Servizio Nazionale,https://servizi.comune.fi.it/servizi/scheda-servizio/separazione-personale
Comune di Firenze,Famiglia,Registrare il divorzio presso il registro civile/locale per terminare il matrimonio o un'unione civile,Definire e comunicare chiaramente il limite massimo di tempo per l'erogazione del servizio,Servizio Nazionale,https://servizi.comune.fi.it/servizi/scheda-servizio/separazione-personale
Comune di Firenze,Famiglia,Registrare il divorzio presso il registro civile/locale per terminare il matrimonio o un'unione civile,Consentire l'autenticazione online per accedere al servizio,Servizio Nazionale,https://servizi.comune.fi.it/servizi/scheda-servizio/separazione-personale
Comune di Firenze,Famiglia,Registrare il divorzio presso il registro civile/locale per terminare il matrimonio o un'unione civile,Permettere l'uso dell'identità digitale nazionale per l'autenticazione,Servizio Nazionale,https://servizi.comune.fi.it/servizi/scheda-servizio/separazione-personale
Comune di Firenze,Famiglia,Registrare il divorzio presso il registro civile/locale per terminare il matrimonio o un'unione civile,Permettere agli utenti di utilizzare un'identità digitale privata per l'autenticazione,Servizio Nazionale,https://servizi.comune.fi.it/servizi/scheda-servizio/separazione-personale
Comune di Firenze,Famiglia,Registrare il divorzio presso il registro civile/locale per terminare il matrimonio o un'unione civile,Chiarire esplicitamente quali informazioni personali sono richieste agli utenti,Servizio Nazionale,https://servizi.comune.fi.it/servizi/scheda-servizio/separazione-personale
Comune di Firenze,Famiglia,Registrare il divorzio presso il registro civile/locale per terminare il matrimonio o un'unione civile,Consentire il precompilamento automatico dei dati personali già disponibili,Servizio Nazionale,https://servizi.comune.fi.it/servizi/scheda-servizio/separazione-personale
Comune di Firenze,Famiglia,Registrare il divorzio presso il registro civile/locale per terminare il matrimonio o un'unione civile,Rendere disponibile l'output del servizio in formato elettronico,Servizio Nazionale,https://servizi.comune.fi.it/servizi/scheda-servizio/separazione-personale
Comune di Firenze,Famiglia,Registrare il divorzio presso il registro civile/locale per terminare il matrimonio o un'unione civile,Fornire una notifica automatica al completamento del servizio,Servizio Nazionale,https://servizi.comune.fi.it/servizi/scheda-servizio/separazione-personale
Comune di Bari,Famiglia,Registrare il divorzio presso il registro civile/locale per terminare il matrimonio o un'unione civile,Rendere il servizio effettivo disponibile online,Servizio Nazionale,https://www.comune.bari.it/web/egov/-/separazione-e-divorzio-presso-il-comune
Comune di Bari,Famiglia,Registrare il divorzio presso il registro civile/locale per terminare il matrimonio o un'unione civile,Chiarire esplicitamente la durata prevista del processo,Servizio Nazionale,https://www.comune.bari.it/web/egov/-/separazione-e-divorzio-presso-il-comune
Comune di Bari,Famiglia,Registrare il divorzio presso il registro civile/locale per terminare il matrimonio o un'unione civile,Rendere chiari e facilmente accessibili i tempi previsti per l'erogazione,Servizio Nazionale,https://www.comune.bari.it/web/egov/-/separazione-e-divorzio-presso-il-comune
Comune di Bari,Famiglia,Registrare il divorzio presso il registro civile/locale per terminare il matrimonio o un'unione civile,Definire e comunicare chiaramente il limite massimo di tempo per l'erogazione del servizio,Servizio Nazionale,https://www.comune.bari.it/web/egov/-/separazione-e-divorzio-presso-il-comune
Comune di Bari,Famiglia,Registrare il divorzio presso il registro civile/locale per terminare il matrimonio o un'unione civile,Consentire l'autenticazione online per accedere al servizio,Servizio Nazionale,https://www.comune.bari.it/web/egov/-/separazione-e-divorzio-presso-il-comune
Comune di Bari,Famiglia,Registrare il divorzio presso il registro civile/locale per terminare il matrimonio o un'unione civile,Permettere l'uso dell'identità digitale nazionale per l'autenticazione,Servizio Nazionale,https://www.comune.bari.it/web/egov/-/separazione-e-divorzio-presso-il-comune
Comune di Bari,Famiglia,Registrare il divorzio presso il registro civile/locale per terminare il matrimonio o un'unione civile,Permettere agli utenti di utilizzare un'identità digitale privata per l'autenticazione,Servizio Nazionale,https://www.comune.bari.it/web/egov/-/separazione-e-divorzio-presso-il-comune
Comune di Bari,Famiglia,Registrare il divorzio presso il registro civile/locale per terminare il matrimonio o un'unione civile,Chiarire esplicitamente quali informazioni personali sono richieste agli utenti,Servizio Nazionale,https://www.comune.bari.it/web/egov/-/separazione-e-divorzio-presso-il-comune
Comune di Bari,Famiglia,Registrare il divorzio presso il registro civile/locale per terminare il matrimonio o un'unione civile,Consentire il precompilamento automatico dei dati personali già disponibili,Servizio Nazionale,https://www.comune.bari.it/web/egov/-/separazione-e-divorzio-presso-il-comune
Comune di Bari,Famiglia,Registrare il divorzio presso il registro civile/locale per terminare il matrimonio o un'unione civile,Rendere disponibile l'output del servizio in formato elettronico,Servizio Nazionale,https://www.comune.bari.it/web/egov/-/separazione-e-divorzio-presso-il-comune
Comune di Bari,Famiglia,Registrare il divorzio presso il registro civile/locale per terminare il matrimonio o un'unione civile,Fornire una notifica automatica al completamento del servizio,Servizio Nazionale,https://www.comune.bari.it/web/egov/-/separazione-e-divorzio-presso-il-comune
Comune di Catania,Famiglia,Registrare il divorzio presso il registro civile/locale per terminare il matrimonio o un'unione civile,Rendere il servizio effettivo disponibile online,Servizio Nazionale,http://www.comune.ra.it/Aree-Tematiche/Anagrafe-e-immigrazione/Stato-civile/Separazioni-e-divorzi
Comune di Catania,Famiglia,Registrare il divorzio presso il registro civile/locale per terminare il matrimonio o un'unione civile,Chiarire esplicitamente la durata prevista del processo,Servizio Nazionale,http://www.comune.ra.it/Aree-Tematiche/Anagrafe-e-immigrazione/Stato-civile/Separazioni-e-divorzi
Comune di Catania,Famiglia,Registrare il divorzio presso il registro civile/locale per terminare il matrimonio o un'unione civile,Rendere chiari e facilmente accessibili i tempi previsti per l'erogazione,Servizio Nazionale,http://www.comune.ra.it/Aree-Tematiche/Anagrafe-e-immigrazione/Stato-civile/Separazioni-e-divorzi
Comune di Catania,Famiglia,Registrare il divorzio presso il registro civile/locale per terminare il matrimonio o un'unione civile,Definire e comunicare chiaramente il limite massimo di tempo per l'erogazione del servizio,Servizio Nazionale,http://www.comune.ra.it/Aree-Tematiche/Anagrafe-e-immigrazione/Stato-civile/Separazioni-e-divorzi
Comune di Catania,Famiglia,Registrare il divorzio presso il registro civile/locale per terminare il matrimonio o un'unione civile,Consentire l'autenticazione online per accedere al servizio,Servizio Nazionale,http://www.comune.ra.it/Aree-Tematiche/Anagrafe-e-immigrazione/Stato-civile/Separazioni-e-divorzi
Comune di Catania,Famiglia,Registrare il divorzio presso il registro civile/locale per terminare il matrimonio o un'unione civile,Permettere l'uso dell'identità digitale nazionale per l'autenticazione,Servizio Nazionale,http://www.comune.ra.it/Aree-Tematiche/Anagrafe-e-immigrazione/Stato-civile/Separazioni-e-divorzi
Comune di Catania,Famiglia,Registrare il divorzio presso il registro civile/locale per terminare il matrimonio o un'unione civile,Permettere agli utenti di utilizzare un'identità digitale privata per l'autenticazione,Servizio Nazionale,http://www.comune.ra.it/Aree-Tematiche/Anagrafe-e-immigrazione/Stato-civile/Separazioni-e-divorzi
Comune di Catania,Famiglia,Registrare il divorzio presso il registro civile/locale per terminare il matrimonio o un'unione civile,Consentire il precompilamento automatico dei dati personali già disponibili,Servizio Nazionale,http://www.comune.ra.it/Aree-Tematiche/Anagrafe-e-immigrazione/Stato-civile/Separazioni-e-divorzi
Comune di Catania,Famiglia,Registrare il divorzio presso il registro civile/locale per terminare il matrimonio o un'unione civile,Rendere disponibile l'output del servizio in formato elettronico,Servizio Nazionale,http://www.comune.ra.it/Aree-Tematiche/Anagrafe-e-immigrazione/Stato-civile/Separazioni-e-divorzi
Comune di Catania,Famiglia,Registrare il divorzio presso il registro civile/locale per terminare il matrimonio o un'unione civile,Fornire una notifica automatica al completamento del servizio,Servizio Nazionale,http://www.comune.ra.it/Aree-Tematiche/Anagrafe-e-immigrazione/Stato-civile/Separazioni-e-divorzi
Comune di Verona,Famiglia,Registrare il divorzio presso il registro civile/locale per terminare il matrimonio o un'unione civile,Rendere il servizio effettivo disponibile online,Servizio Nazionale,https://www.comune.trieste.it/it/ricerca-8845?q=divorzio
Comune di Verona,Famiglia,Registrare il divorzio presso il registro civile/locale per terminare il matrimonio o un'unione civile,Chiarire esplicitamente la durata prevista del processo,Servizio Nazionale,https://www.comune.trieste.it/it/ricerca-8845?q=divorzio
Comune di Verona,Famiglia,Registrare il divorzio presso il registro civile/locale per terminare il matrimonio o un'unione civile,Rendere chiari e facilmente accessibili i tempi previsti per l'erogazione,Servizio Nazionale,https://www.comune.trieste.it/it/ricerca-8845?q=divorzio
Comune di Verona,Famiglia,Registrare il divorzio presso il registro civile/locale per terminare il matrimonio o un'unione civile,Definire e comunicare chiaramente il limite massimo di tempo per l'erogazione del servizio,Servizio Nazionale,https://www.comune.trieste.it/it/ricerca-8845?q=divorzio
Comune di Verona,Famiglia,Registrare il divorzio presso il registro civile/locale per terminare il matrimonio o un'unione civile,Consentire l'autenticazione online per accedere al servizio,Servizio Nazionale,https://www.comune.trieste.it/it/ricerca-8845?q=divorzio
Comune di Verona,Famiglia,Registrare il divorzio presso il registro civile/locale per terminare il matrimonio o un'unione civile,Permettere l'uso dell'identità digitale nazionale per l'autenticazione,Servizio Nazionale,https://www.comune.trieste.it/it/ricerca-8845?q=divorzio
Comune di Verona,Famiglia,Registrare il divorzio presso il registro civile/locale per terminare il matrimonio o un'unione civile,Permettere agli utenti di utilizzare un'identità digitale privata per l'autenticazione,Servizio Nazionale,https://www.comune.trieste.it/it/ricerca-8845?q=divorzio
Comune di Verona,Famiglia,Registrare il divorzio presso il registro civile/locale per terminare il matrimonio o un'unione civile,Chiarire esplicitamente quali informazioni personali sono richieste agli utenti,Servizio Nazionale,https://www.comune.trieste.it/it/ricerca-8845?q=divorzio
Comune di Verona,Famiglia,Registrare il divorzio presso il registro civile/locale per terminare il matrimonio o un'unione civile,Consentire il precompilamento automatico dei dati personali già disponibili,Servizio Nazionale,https://www.comune.trieste.it/it/ricerca-8845?q=divorzio
Comune di Verona,Famiglia,Registrare il divorzio presso il registro civile/locale per terminare il matrimonio o un'unione civile,Rendere disponibile l'output del servizio in formato elettronico,Servizio Nazionale,https://www.comune.trieste.it/it/ricerca-8845?q=divorzio
Comune di Verona,Famiglia,Registrare il divorzio presso il registro civile/locale per terminare il matrimonio o un'unione civile,Fornire una notifica automatica al completamento del servizio,Servizio Nazionale,https://www.comune.trieste.it/it/ricerca-8845?q=divorzio
Comune di Venezia,Famiglia,Registrare il divorzio presso il registro civile/locale per terminare il matrimonio o un'unione civile,Rendere il servizio effettivo disponibile online,Servizio Nazionale,https://www.comune.venezia.it/it/content/separazione-e-divorzio
Comune di Venezia,Famiglia,Registrare il divorzio presso il registro civile/locale per terminare il matrimonio o un'unione civile,Chiarire esplicitamente la durata prevista del processo,Servizio Nazionale,https://www.comune.venezia.it/it/content/separazione-e-divorzio
Comune di Venezia,Famiglia,Registrare il divorzio presso il registro civile/locale per terminare il matrimonio o un'unione civile,Rendere chiari e facilmente accessibili i tempi previsti per l'erogazione,Servizio Nazionale,https://www.comune.venezia.it/it/content/separazione-e-divorzio
Comune di Venezia,Famiglia,Registrare il divorzio presso il registro civile/locale per terminare il matrimonio o un'unione civile,Definire e comunicare chiaramente il limite massimo di tempo per l'erogazione del servizio,Servizio Nazionale,https://www.comune.venezia.it/it/content/separazione-e-divorzio
Comune di Venezia,Famiglia,Registrare il divorzio presso il registro civile/locale per terminare il matrimonio o un'unione civile,Consentire l'autenticazione online per accedere al servizio,Servizio Nazionale,https://www.comune.venezia.it/it/content/separazione-e-divorzio
Comune di Venezia,Famiglia,Registrare il divorzio presso il registro civile/locale per terminare il matrimonio o un'unione civile,Permettere l'uso dell'identità digitale nazionale per l'autenticazione,Servizio Nazionale,https://www.comune.venezia.it/it/content/separazione-e-divorzio
Comune di Venezia,Famiglia,Registrare il divorzio presso il registro civile/locale per terminare il matrimonio o un'unione civile,Permettere agli utenti di utilizzare un'identità digitale privata per l'autenticazione,Servizio Nazionale,https://www.comune.venezia.it/it/content/separazione-e-divorzio
Comune di Venezia,Famiglia,Registrare il divorzio presso il registro civile/locale per terminare il matrimonio o un'unione civile,Chiarire esplicitamente quali informazioni personali sono richieste agli utenti,Servizio Nazionale,https://www.comune.venezia.it/it/content/separazione-e-divorzio
Comune di Venezia,Famiglia,Registrare il divorzio presso il registro civile/locale per terminare il matrimonio o un'unione civile,Consentire il precompilamento automatico dei dati personali già disponibili,Servizio Nazionale,https://www.comune.venezia.it/it/content/separazione-e-divorzio
Comune di Venezia,Famiglia,Registrare il divorzio presso il registro civile/locale per terminare il matrimonio o un'unione civile,Rendere disponibile l'output del servizio in formato elettronico,Servizio Nazionale,https://www.comune.venezia.it/it/content/separazione-e-divorzio
Comune di Venezia,Famiglia,Registrare il divorzio presso il registro civile/locale per terminare il matrimonio o un'unione civile,Fornire una notifica automatica al completamento del servizio,Servizio Nazionale,https://www.comune.venezia.it/it/content/separazione-e-divorzio
Comune di Messina,Famiglia,Registrare il divorzio presso il registro civile/locale per terminare il matrimonio o un'unione civile,Rendere il servizio effettivo disponibile online,Servizio Nazionale,https://comune.messina.it/affari-generali/accordi-di-separazione-consensuale-e-divorzio/
Comune di Messina,Famiglia,Registrare il divorzio presso il registro civile/locale per terminare il matrimonio o un'unione civile,Chiarire esplicitamente la durata prevista del processo,Servizio Nazionale,https://comune.messina.it/affari-generali/accordi-di-separazione-consensuale-e-divorzio/
Comune di Messina,Famiglia,Registrare il divorzio presso il registro civile/locale per terminare il matrimonio o un'unione civile,Definire e comunicare chiaramente il limite massimo di tempo per l'erogazione del servizio,Servizio Nazionale,https://comune.messina.it/affari-generali/accordi-di-separazione-consensuale-e-divorzio/
Comune di Messina,Famiglia,Registrare il divorzio presso il registro civile/locale per terminare il matrimonio o un'unione civile,Consentire l'autenticazione online per accedere al servizio,Servizio Nazionale,https://comune.messina.it/affari-generali/accordi-di-separazione-consensuale-e-divorzio/
Comune di Messina,Famiglia,Registrare il divorzio presso il registro civile/locale per terminare il matrimonio o un'unione civile,Permettere l'uso dell'identità digitale nazionale per l'autenticazione,Servizio Nazionale,https://comune.messina.it/affari-generali/accordi-di-separazione-consensuale-e-divorzio/
Comune di Messina,Famiglia,Registrare il divorzio presso il registro civile/locale per terminare il matrimonio o un'unione civile,Permettere agli utenti di utilizzare un'identità digitale privata per l'autenticazione,Servizio Nazionale,https://comune.messina.it/affari-generali/accordi-di-separazione-consensuale-e-divorzio/
Comune di Messina,Famiglia,Registrare il divorzio presso il registro civile/locale per terminare il matrimonio o un'unione civile,Chiarire esplicitamente quali informazioni personali sono richieste agli utenti,Servizio Nazionale,https://comune.messina.it/affari-generali/accordi-di-separazione-consensuale-e-divorzio/
Comune di Messina,Famiglia,Registrare il divorzio presso il registro civile/locale per terminare il matrimonio o un'unione civile,Consentire il precompilamento automatico dei dati personali già disponibili,Servizio Nazionale,https://comune.messina.it/affari-generali/accordi-di-separazione-consensuale-e-divorzio/
Comune di Messina,Famiglia,Registrare il divorzio presso il registro civile/locale per terminare il matrimonio o un'unione civile,Garantire che il servizio sia ottimizzato per l'accesso da dispositivi mobili,Servizio Nazionale,https://comune.messina.it/affari-generali/accordi-di-separazione-consensuale-e-divorzio/
Comune di Padova,Famiglia,Registrare il divorzio presso il registro civile/locale per terminare il matrimonio o un'unione civile,Rendere il servizio effettivo disponibile online,Servizio Nazionale,https://www.comune.rimini.it/ricerca?search_api_fulltext=divorzio
Comune di Padova,Famiglia,Registrare il divorzio presso il registro civile/locale per terminare il matrimonio o un'unione civile,Chiarire esplicitamente la durata prevista del processo,Servizio Nazionale,https://www.comune.rimini.it/ricerca?search_api_fulltext=divorzio
Comune di Padova,Famiglia,Registrare il divorzio presso il registro civile/locale per terminare il matrimonio o un'unione civile,Rendere chiari e facilmente accessibili i tempi previsti per l'erogazione,Servizio Nazionale,https://www.comune.rimini.it/ricerca?search_api_fulltext=divorzio
Comune di Padova,Famiglia,Registrare il divorzio presso il registro civile/locale per terminare il matrimonio o un'unione civile,Definire e comunicare chiaramente il limite massimo di tempo per l'erogazione del servizio,Servizio Nazionale,https://www.comune.rimini.it/ricerca?search_api_fulltext=divorzio
Comune di Padova,Famiglia,Registrare il divorzio presso il registro civile/locale per terminare il matrimonio o un'unione civile,Consentire l'autenticazione online per accedere al servizio,Servizio Nazionale,https://www.comune.rimini.it/ricerca?search_api_fulltext=divorzio
Comune di Padova,Famiglia,Registrare il divorzio presso il registro civile/locale per terminare il matrimonio o un'unione civile,Permettere l'uso dell'identità digitale nazionale per l'autenticazione,Servizio Nazionale,https://www.comune.rimini.it/ricerca?search_api_fulltext=divorzio
Comune di Padova,Famiglia,Registrare il divorzio presso il registro civile/locale per terminare il matrimonio o un'unione civile,Permettere agli utenti di utilizzare un'identità digitale privata per l'autenticazione,Servizio Nazionale,https://www.comune.rimini.it/ricerca?search_api_fulltext=divorzio
Comune di Padova,Famiglia,Registrare il divorzio presso il registro civile/locale per terminare il matrimonio o un'unione civile,Chiarire esplicitamente quali informazioni personali sono richieste agli utenti,Servizio Nazionale,https://www.comune.rimini.it/ricerca?search_api_fulltext=divorzio
Comune di Padova,Famiglia,Registrare il divorzio presso il registro civile/locale per terminare il matrimonio o un'unione civile,Consentire il precompilamento automatico dei dati personali già disponibili,Servizio Nazionale,https://www.comune.rimini.it/ricerca?search_api_fulltext=divorzio
Comune di Padova,Famiglia,Registrare il divorzio presso il registro civile/locale per terminare il matrimonio o un'unione civile,Rendere disponibile l'output del servizio in formato elettronico,Servizio Nazionale,https://www.comune.rimini.it/ricerca?search_api_fulltext=divorzio
Comune di Padova,Famiglia,Registrare il divorzio presso il registro civile/locale per terminare il matrimonio o un'unione civile,Fornire una notifica automatica al completamento del servizio,Servizio Nazionale,https://www.comune.rimini.it/ricerca?search_api_fulltext=divorzio
Comune di Trieste,Famiglia,Registrare il divorzio presso il registro civile/locale per terminare il matrimonio o un'unione civile,Rendere il servizio effettivo disponibile online,Servizio Nazionale,https://www.comune.trieste.it/it/servizi-227101/separazione-e-divorzio-davanti-allufficiale-di-stato-civile-210482
Comune di Trieste,Famiglia,Registrare il divorzio presso il registro civile/locale per terminare il matrimonio o un'unione civile,Chiarire esplicitamente la durata prevista del processo,Servizio Nazionale,https://www.comune.trieste.it/it/servizi-227101/separazione-e-divorzio-davanti-allufficiale-di-stato-civile-210482
Comune di Trieste,Famiglia,Registrare il divorzio presso il registro civile/locale per terminare il matrimonio o un'unione civile,Rendere chiari e facilmente accessibili i tempi previsti per l'erogazione,Servizio Nazionale,https://www.comune.trieste.it/it/servizi-227101/separazione-e-divorzio-davanti-allufficiale-di-stato-civile-210482
Comune di Trieste,Famiglia,Registrare il divorzio presso il registro civile/locale per terminare il matrimonio o un'unione civile,Definire e comunicare chiaramente il limite massimo di tempo per l'erogazione del servizio,Servizio Nazionale,https://www.comune.trieste.it/it/servizi-227101/separazione-e-divorzio-davanti-allufficiale-di-stato-civile-210482
Comune di Trieste,Famiglia,Registrare il divorzio presso il registro civile/locale per terminare il matrimonio o un'unione civile,Consentire l'autenticazione online per accedere al servizio,Servizio Nazionale,https://www.comune.trieste.it/it/servizi-227101/separazione-e-divorzio-davanti-allufficiale-di-stato-civile-210482
Comune di Trieste,Famiglia,Registrare il divorzio presso il registro civile/locale per terminare il matrimonio o un'unione civile,Permettere l'uso dell'identità digitale nazionale per l'autenticazione,Servizio Nazionale,https://www.comune.trieste.it/it/servizi-227101/separazione-e-divorzio-davanti-allufficiale-di-stato-civile-210482
Comune di Trieste,Famiglia,Registrare il divorzio presso il registro civile/locale per terminare il matrimonio o un'unione civile,Permettere agli utenti di utilizzare un'identità digitale privata per l'autenticazione,Servizio Nazionale,https://www.comune.trieste.it/it/servizi-227101/separazione-e-divorzio-davanti-allufficiale-di-stato-civile-210482
Comune di Trieste,Famiglia,Registrare il divorzio presso il registro civile/locale per terminare il matrimonio o un'unione civile,Chiarire esplicitamente quali informazioni personali sono richieste agli utenti,Servizio Nazionale,https://www.comune.trieste.it/it/servizi-227101/separazione-e-divorzio-davanti-allufficiale-di-stato-civile-210482
Comune di Trieste,Famiglia,Registrare il divorzio presso il registro civile/locale per terminare il matrimonio o un'unione civile,Consentire il precompilamento automatico dei dati personali già disponibili,Servizio Nazionale,https://www.comune.trieste.it/it/servizi-227101/separazione-e-divorzio-davanti-allufficiale-di-stato-civile-210482
Comune di Trieste,Famiglia,Registrare il divorzio presso il registro civile/locale per terminare il matrimonio o un'unione civile,Rendere disponibile l'output del servizio in formato elettronico,Servizio Nazionale,https://www.comune.trieste.it/it/servizi-227101/separazione-e-divorzio-davanti-allufficiale-di-stato-civile-210482
Comune di Trieste,Famiglia,Registrare il divorzio presso il registro civile/locale per terminare il matrimonio o un'unione civile,Fornire una notifica automatica al completamento del servizio,Servizio Nazionale,https://www.comune.trieste.it/it/servizi-227101/separazione-e-divorzio-davanti-allufficiale-di-stato-civile-210482
Comune di Brescia,Famiglia,Registrare il divorzio presso il registro civile/locale per terminare il matrimonio o un'unione civile,Rendere il servizio effettivo disponibile online,Servizio Nazionale,https://www.comune.brescia.it/servizi/certificatiedocumenti/statocivile/Matrimonio/Pagine/sentenza-di-divorzio-e-annullamento-di-atto-di-matrimonioelena.aspx
Comune di Brescia,Famiglia,Registrare il divorzio presso il registro civile/locale per terminare il matrimonio o un'unione civile,Rendere chiari e facilmente accessibili i tempi previsti per l'erogazione,Servizio Nazionale,https://www.comune.brescia.it/servizi/certificatiedocumenti/statocivile/Matrimonio/Pagine/sentenza-di-divorzio-e-annullamento-di-atto-di-matrimonioelena.aspx
Comune di Brescia,Famiglia,Registrare il divorzio presso il registro civile/locale per terminare il matrimonio o un'unione civile,Definire e comunicare chiaramente il limite massimo di tempo per l'erogazione del servizio,Servizio Nazionale,https://www.comune.brescia.it/servizi/certificatiedocumenti/statocivile/Matrimonio/Pagine/sentenza-di-divorzio-e-annullamento-di-atto-di-matrimonioelena.aspx
Comune di Brescia,Famiglia,Registrare il divorzio presso il registro civile/locale per terminare il matrimonio o un'unione civile,Consentire l'autenticazione online per accedere al servizio,Servizio Nazionale,https://www.comune.brescia.it/servizi/certificatiedocumenti/statocivile/Matrimonio/Pagine/sentenza-di-divorzio-e-annullamento-di-atto-di-matrimonioelena.aspx
Comune di Brescia,Famiglia,Registrare il divorzio presso il registro civile/locale per terminare il matrimonio o un'unione civile,Permettere l'uso dell'identità digitale nazionale per l'autenticazione,Servizio Nazionale,https://www.comune.brescia.it/servizi/certificatiedocumenti/statocivile/Matrimonio/Pagine/sentenza-di-divorzio-e-annullamento-di-atto-di-matrimonioelena.aspx
Comune di Brescia,Famiglia,Registrare il divorzio presso il registro civile/locale per terminare il matrimonio o un'unione civile,Permettere agli utenti di utilizzare un'identità digitale privata per l'autenticazione,Servizio Nazionale,https://www.comune.brescia.it/servizi/certificatiedocumenti/statocivile/Matrimonio/Pagine/sentenza-di-divorzio-e-annullamento-di-atto-di-matrimonioelena.aspx
Comune di Brescia,Famiglia,Registrare il divorzio presso il registro civile/locale per terminare il matrimonio o un'unione civile,Chiarire esplicitamente quali informazioni personali sono richieste agli utenti,Servizio Nazionale,https://www.comune.brescia.it/servizi/certificatiedocumenti/statocivile/Matrimonio/Pagine/sentenza-di-divorzio-e-annullamento-di-atto-di-matrimonioelena.aspx
Comune di Brescia,Famiglia,Registrare il divorzio presso il registro civile/locale per terminare il matrimonio o un'unione civile,Consentire il precompilamento automatico dei dati personali già disponibili,Servizio Nazionale,https://www.comune.brescia.it/servizi/certificatiedocumenti/statocivile/Matrimonio/Pagine/sentenza-di-divorzio-e-annullamento-di-atto-di-matrimonioelena.aspx
Comune di Brescia,Famiglia,Registrare il divorzio presso il registro civile/locale per terminare il matrimonio o un'unione civile,Rendere disponibile l'output del servizio in formato elettronico,Servizio Nazionale,https://www.comune.brescia.it/servizi/certificatiedocumenti/statocivile/Matrimonio/Pagine/sentenza-di-divorzio-e-annullamento-di-atto-di-matrimonioelena.aspx
Comune di Brescia,Famiglia,Registrare il divorzio presso il registro civile/locale per terminare il matrimonio o un'unione civile,Fornire una notifica automatica al completamento del servizio,Servizio Nazionale,https://www.comune.brescia.it/servizi/certificatiedocumenti/statocivile/Matrimonio/Pagine/sentenza-di-divorzio-e-annullamento-di-atto-di-matrimonioelena.aspx
Comune di Parma,Famiglia,Registrare il divorzio presso il registro civile/locale per terminare il matrimonio o un'unione civile,Rendere il servizio effettivo disponibile online,Servizio Nazionale,https://www.comune.parma.it/it/servizi/anagrafe-stato-civile-ed-elettorale/accordi-dinanzi-l2019ufficiale-dello-stato-civile
Comune di Parma,Famiglia,Registrare il divorzio presso il registro civile/locale per terminare il matrimonio o un'unione civile,Chiarire esplicitamente la durata prevista del processo,Servizio Nazionale,https://www.comune.parma.it/it/servizi/anagrafe-stato-civile-ed-elettorale/accordi-dinanzi-l2019ufficiale-dello-stato-civile
Comune di Parma,Famiglia,Registrare il divorzio presso il registro civile/locale per terminare il matrimonio o un'unione civile,Rendere chiari e facilmente accessibili i tempi previsti per l'erogazione,Servizio Nazionale,https://www.comune.parma.it/it/servizi/anagrafe-stato-civile-ed-elettorale/accordi-dinanzi-l2019ufficiale-dello-stato-civile
Comune di Parma,Famiglia,Registrare il divorzio presso il registro civile/locale per terminare il matrimonio o un'unione civile,Definire e comunicare chiaramente il limite massimo di tempo per l'erogazione del servizio,Servizio Nazionale,https://www.comune.parma.it/it/servizi/anagrafe-stato-civile-ed-elettorale/accordi-dinanzi-l2019ufficiale-dello-stato-civile
Comune di Parma,Famiglia,Registrare il divorzio presso il registro civile/locale per terminare il matrimonio o un'unione civile,Consentire l'autenticazione online per accedere al servizio,Servizio Nazionale,https://www.comune.parma.it/it/servizi/anagrafe-stato-civile-ed-elettorale/accordi-dinanzi-l2019ufficiale-dello-stato-civile
Comune di Parma,Famiglia,Registrare il divorzio presso il registro civile/locale per terminare il matrimonio o un'unione civile,Permettere l'uso dell'identità digitale nazionale per l'autenticazione,Servizio Nazionale,https://www.comune.parma.it/it/servizi/anagrafe-stato-civile-ed-elettorale/accordi-dinanzi-l2019ufficiale-dello-stato-civile
Comune di Parma,Famiglia,Registrare il divorzio presso il registro civile/locale per terminare il matrimonio o un'unione civile,Permettere agli utenti di utilizzare un'identità digitale privata per l'autenticazione,Servizio Nazionale,https://www.comune.parma.it/it/servizi/anagrafe-stato-civile-ed-elettorale/accordi-dinanzi-l2019ufficiale-dello-stato-civile
Comune di Parma,Famiglia,Registrare il divorzio presso il registro civile/locale per terminare il matrimonio o un'unione civile,Consentire il precompilamento automatico dei dati personali già disponibili,Servizio Nazionale,https://www.comune.parma.it/it/servizi/anagrafe-stato-civile-ed-elettorale/accordi-dinanzi-l2019ufficiale-dello-stato-civile
Comune di Parma,Famiglia,Registrare il divorzio presso il registro civile/locale per terminare il matrimonio o un'unione civile,Rendere disponibile l'output del servizio in formato elettronico,Servizio Nazionale,https://www.comune.parma.it/it/servizi/anagrafe-stato-civile-ed-elettorale/accordi-dinanzi-l2019ufficiale-dello-stato-civile
Comune di Parma,Famiglia,Registrare il divorzio presso il registro civile/locale per terminare il matrimonio o un'unione civile,Fornire una notifica automatica al completamento del servizio,Servizio Nazionale,https://www.comune.parma.it/it/servizi/anagrafe-stato-civile-ed-elettorale/accordi-dinanzi-l2019ufficiale-dello-stato-civile
Comune di Prato,Famiglia,Registrare il divorzio presso il registro civile/locale per terminare il matrimonio o un'unione civile,Rendere il servizio effettivo disponibile online,Servizio Nazionale,https://www.comune.venezia.it/it/content/separazione-e-divorzio
Comune di Prato,Famiglia,Registrare il divorzio presso il registro civile/locale per terminare il matrimonio o un'unione civile,Chiarire esplicitamente la durata prevista del processo,Servizio Nazionale,https://www.comune.venezia.it/it/content/separazione-e-divorzio
Comune di Prato,Famiglia,Registrare il divorzio presso il registro civile/locale per terminare il matrimonio o un'unione civile,Rendere chiari e facilmente accessibili i tempi previsti per l'erogazione,Servizio Nazionale,https://www.comune.venezia.it/it/content/separazione-e-divorzio
Comune di Prato,Famiglia,Registrare il divorzio presso il registro civile/locale per terminare il matrimonio o un'unione civile,Definire e comunicare chiaramente il limite massimo di tempo per l'erogazione del servizio,Servizio Nazionale,https://www.comune.venezia.it/it/content/separazione-e-divorzio
Comune di Prato,Famiglia,Registrare il divorzio presso il registro civile/locale per terminare il matrimonio o un'unione civile,Consentire l'autenticazione online per accedere al servizio,Servizio Nazionale,https://www.comune.venezia.it/it/content/separazione-e-divorzio
Comune di Prato,Famiglia,Registrare il divorzio presso il registro civile/locale per terminare il matrimonio o un'unione civile,Permettere l'uso dell'identità digitale nazionale per l'autenticazione,Servizio Nazionale,https://www.comune.venezia.it/it/content/separazione-e-divorzio
Comune di Prato,Famiglia,Registrare il divorzio presso il registro civile/locale per terminare il matrimonio o un'unione civile,Permettere agli utenti di utilizzare un'identità digitale privata per l'autenticazione,Servizio Nazionale,https://www.comune.venezia.it/it/content/separazione-e-divorzio
Comune di Prato,Famiglia,Registrare il divorzio presso il registro civile/locale per terminare il matrimonio o un'unione civile,Chiarire esplicitamente quali informazioni personali sono richieste agli utenti,Servizio Nazionale,https://www.comune.venezia.it/it/content/separazione-e-divorzio
Comune di Prato,Famiglia,Registrare il divorzio presso il registro civile/locale per terminare il matrimonio o un'unione civile,Consentire il precompilamento automatico dei dati personali già disponibili,Servizio Nazionale,https://www.comune.venezia.it/it/content/separazione-e-divorzio
Comune di Prato,Famiglia,Registrare il divorzio presso il registro civile/locale per terminare il matrimonio o un'unione civile,Rendere disponibile l'output del servizio in formato elettronico,Servizio Nazionale,https://www.comune.venezia.it/it/content/separazione-e-divorzio
Comune di Prato,Famiglia,Registrare il divorzio presso il registro civile/locale per terminare il matrimonio o un'unione civile,Fornire una notifica automatica al completamento del servizio,Servizio Nazionale,https://www.comune.venezia.it/it/content/separazione-e-divorzio
Comune di Taranto,Famiglia,Registrare il divorzio presso il registro civile/locale per terminare il matrimonio o un'unione civile,Rendere il servizio effettivo disponibile online,Servizio Nazionale,https://comune.messina.it/affari-generali/accordi-di-separazione-consensuale-e-divorzio/
Comune di Taranto,Famiglia,Registrare il divorzio presso il registro civile/locale per terminare il matrimonio o un'unione civile,Chiarire esplicitamente la durata prevista del processo,Servizio Nazionale,https://comune.messina.it/affari-generali/accordi-di-separazione-consensuale-e-divorzio/
Comune di Taranto,Famiglia,Registrare il divorzio presso il registro civile/locale per terminare il matrimonio o un'unione civile,Definire e comunicare chiaramente il limite massimo di tempo per l'erogazione del servizio,Servizio Nazionale,https://comune.messina.it/affari-generali/accordi-di-separazione-consensuale-e-divorzio/
Comune di Taranto,Famiglia,Registrare il divorzio presso il registro civile/locale per terminare il matrimonio o un'unione civile,Consentire l'autenticazione online per accedere al servizio,Servizio Nazionale,https://comune.messina.it/affari-generali/accordi-di-separazione-consensuale-e-divorzio/
Comune di Taranto,Famiglia,Registrare il divorzio presso il registro civile/locale per terminare il matrimonio o un'unione civile,Permettere l'uso dell'identità digitale nazionale per l'autenticazione,Servizio Nazionale,https://comune.messina.it/affari-generali/accordi-di-separazione-consensuale-e-divorzio/
Comune di Taranto,Famiglia,Registrare il divorzio presso il registro civile/locale per terminare il matrimonio o un'unione civile,Permettere agli utenti di utilizzare un'identità digitale privata per l'autenticazione,Servizio Nazionale,https://comune.messina.it/affari-generali/accordi-di-separazione-consensuale-e-divorzio/
Comune di Taranto,Famiglia,Registrare il divorzio presso il registro civile/locale per terminare il matrimonio o un'unione civile,Chiarire esplicitamente quali informazioni personali sono richieste agli utenti,Servizio Nazionale,https://comune.messina.it/affari-generali/accordi-di-separazione-consensuale-e-divorzio/
Comune di Taranto,Famiglia,Registrare il divorzio presso il registro civile/locale per terminare il matrimonio o un'unione civile,Consentire il precompilamento automatico dei dati personali già disponibili,Servizio Nazionale,https://comune.messina.it/affari-generali/accordi-di-separazione-consensuale-e-divorzio/
Comune di Taranto,Famiglia,Registrare il divorzio presso il registro civile/locale per terminare il matrimonio o un'unione civile,Garantire che il servizio sia ottimizzato per l'accesso da dispositivi mobili,Servizio Nazionale,https://comune.messina.it/affari-generali/accordi-di-separazione-consensuale-e-divorzio/
Comune di Modena,Famiglia,Registrare il divorzio presso il registro civile/locale per terminare il matrimonio o un'unione civile,Rendere il servizio effettivo disponibile online,Servizio Nazionale,https://www.comune.brescia.it/servizi/certificatiedocumenti/statocivile/Matrimonio/Pagine/sentenza-di-divorzio-e-annullamento-di-atto-di-matrimonioelena.aspx
Comune di Modena,Famiglia,Registrare il divorzio presso il registro civile/locale per terminare il matrimonio o un'unione civile,Rendere chiari e facilmente accessibili i tempi previsti per l'erogazione,Servizio Nazionale,https://www.comune.brescia.it/servizi/certificatiedocumenti/statocivile/Matrimonio/Pagine/sentenza-di-divorzio-e-annullamento-di-atto-di-matrimonioelena.aspx
Comune di Modena,Famiglia,Registrare il divorzio presso il registro civile/locale per terminare il matrimonio o un'unione civile,Definire e comunicare chiaramente il limite massimo di tempo per l'erogazione del servizio,Servizio Nazionale,https://www.comune.brescia.it/servizi/certificatiedocumenti/statocivile/Matrimonio/Pagine/sentenza-di-divorzio-e-annullamento-di-atto-di-matrimonioelena.aspx
Comune di Modena,Famiglia,Registrare il divorzio presso il registro civile/locale per terminare il matrimonio o un'unione civile,Consentire l'autenticazione online per accedere al servizio,Servizio Nazionale,https://www.comune.brescia.it/servizi/certificatiedocumenti/statocivile/Matrimonio/Pagine/sentenza-di-divorzio-e-annullamento-di-atto-di-matrimonioelena.aspx
Comune di Modena,Famiglia,Registrare il divorzio presso il registro civile/locale per terminare il matrimonio o un'unione civile,Permettere l'uso dell'identità digitale nazionale per l'autenticazione,Servizio Nazionale,https://www.comune.brescia.it/servizi/certificatiedocumenti/statocivile/Matrimonio/Pagine/sentenza-di-divorzio-e-annullamento-di-atto-di-matrimonioelena.aspx
Comune di Modena,Famiglia,Registrare il divorzio presso il registro civile/locale per terminare il matrimonio o un'unione civile,Permettere agli utenti di utilizzare un'identità digitale privata per l'autenticazione,Servizio Nazionale,https://www.comune.brescia.it/servizi/certificatiedocumenti/statocivile/Matrimonio/Pagine/sentenza-di-divorzio-e-annullamento-di-atto-di-matrimonioelena.aspx
Comune di Modena,Famiglia,Registrare il divorzio presso il registro civile/locale per terminare il matrimonio o un'unione civile,Chiarire esplicitamente quali informazioni personali sono richieste agli utenti,Servizio Nazionale,https://www.comune.brescia.it/servizi/certificatiedocumenti/statocivile/Matrimonio/Pagine/sentenza-di-divorzio-e-annullamento-di-atto-di-matrimonioelena.aspx
Comune di Modena,Famiglia,Registrare il divorzio presso il registro civile/locale per terminare il matrimonio o un'unione civile,Consentire il precompilamento automatico dei dati personali già disponibili,Servizio Nazionale,https://www.comune.brescia.it/servizi/certificatiedocumenti/statocivile/Matrimonio/Pagine/sentenza-di-divorzio-e-annullamento-di-atto-di-matrimonioelena.aspx
Comune di Modena,Famiglia,Registrare il divorzio presso il registro civile/locale per terminare il matrimonio o un'unione civile,Rendere disponibile l'output del servizio in formato elettronico,Servizio Nazionale,https://www.comune.brescia.it/servizi/certificatiedocumenti/statocivile/Matrimonio/Pagine/sentenza-di-divorzio-e-annullamento-di-atto-di-matrimonioelena.aspx
Comune di Modena,Famiglia,Registrare il divorzio presso il registro civile/locale per terminare il matrimonio o un'unione civile,Fornire una notifica automatica al completamento del servizio,Servizio Nazionale,https://www.comune.brescia.it/servizi/certificatiedocumenti/statocivile/Matrimonio/Pagine/sentenza-di-divorzio-e-annullamento-di-atto-di-matrimonioelena.aspx
Istituto Poligrafico e Zecca dello Stato (IPZS),Famiglia,Ottenere il passaporto,Chiarire esplicitamente la durata prevista del processo,Servizio Nazionale,https://passaportonline.poliziadistato.it/cittadino/n/sc/loginCittadino
Istituto Poligrafico e Zecca dello Stato (IPZS),Famiglia,Ottenere il passaporto,Rendere chiari e facilmente accessibili i tempi previsti per l'erogazione,Servizio Nazionale,https://passaportonline.poliziadistato.it/cittadino/n/sc/loginCittadino
Istituto Poligrafico e Zecca dello Stato (IPZS),Famiglia,Ottenere il passaporto,Definire e comunicare chiaramente il limite massimo di tempo per l'erogazione del servizio,Servizio Nazionale,https://passaportonline.poliziadistato.it/cittadino/n/sc/loginCittadino
Istituto Poligrafico e Zecca dello Stato (IPZS),Famiglia,Ottenere il passaporto,Permettere agli utenti di utilizzare un'identità digitale privata per l'autenticazione,Servizio Nazionale,https://passaportonline.poliziadistato.it/cittadino/n/sc/loginCittadino
Istituto Poligrafico e Zecca dello Stato (IPZS),Famiglia,Ottenere il passaporto,Consentire il precompilamento automatico dei dati personali già disponibili,Servizio Nazionale,https://passaportonline.poliziadistato.it/cittadino/n/sc/loginCittadino
Istituto Poligrafico e Zecca dello Stato (IPZS),Famiglia,Ottenere il passaporto,Rendere disponibile l'output del servizio in formato elettronico,Servizio Nazionale,https://passaportonline.poliziadistato.it/cittadino/n/sc/loginCittadino
Ministero dell'Interno,Famiglia,Ottenere il certificato di nascita,Chiarire esplicitamente la durata prevista del processo,Servizio Nazionale,https://www.anagrafenazionale.interno.it/area-cittadino/certificati/
Ministero dell'Interno,Famiglia,Ottenere il certificato di nascita,Rendere chiari e facilmente accessibili i tempi previsti per l'erogazione,Servizio Nazionale,https://www.anagrafenazionale.interno.it/area-cittadino/certificati/
Ministero dell'Interno,Famiglia,Ottenere il certificato di nascita,Definire e comunicare chiaramente il limite massimo di tempo per l'erogazione del servizio,Servizio Nazionale,https://www.anagrafenazionale.interno.it/area-cittadino/certificati/
Ministero dell'Interno,Famiglia,Ottenere il certificato di nascita,Permettere agli utenti di utilizzare un'identità digitale privata per l'autenticazione,Servizio Nazionale,https://www.anagrafenazionale.interno.it/area-cittadino/certificati/
"Ministero dell'Istruzione, dell'Università e della Ricerca",Studio,Monitorare i programmi di studio offerti dalle università,Garantire che il servizio sia ottimizzato per l'accesso da dispositivi mobili,Servizio Nazionale,https://www.mur.gov.it/it/news/giovedi-29022024/universita-sono-1492-i-percorsi-accreditati-la-formazione-iniziale-e
"Ministero dell'Istruzione, dell'Università e della Ricerca",Studio,Monitorare i programmi di studio offerti dalle università,Garantire che il servizio sia ottimizzato per l'accesso da dispositivi mobili,Servizio Nazionale,https://www.universitaly.it/index.php/cercacorsi/universita
"Ministero dell'Istruzione, dell'Università e della Ricerca",Studio,Monitorare i programmi di studio offerti dalle università,Garantire che il servizio sia ottimizzato per l'accesso da dispositivi mobili,Servizio Nazionale,https://www.universitaly.it/index.php/public/percorsi
"Ministero dell'Istruzione, dell'Università e della Ricerca",Studio,Verificare i requisiti di ammissione per iscriversi all'istruzione superiore,Garantire che il servizio sia ottimizzato per l'accesso da dispositivi mobili,Servizio Nazionale,https://www.universitaly.it/index.php/cercacorsi/universita
Università degli Studi di Milano,Studio,Registrarsi all'istruzione superiore,Chiarire esplicitamente la durata prevista del processo,Servizio Nazionale,https://www.unimi.it/it/studiare/frequentare-un-corso-di-laurea/iscriversi-un-corso-di-laurea
Università degli Studi di Milano,Studio,Registrarsi all'istruzione superiore,Permettere agli utenti di utilizzare un'identità digitale privata per l'autenticazione,Servizio Nazionale,https://www.unimi.it/it/studiare/frequentare-un-corso-di-laurea/iscriversi-un-corso-di-laurea
Università degli Studi di Milano,Studio,Registrarsi all'istruzione superiore,Garantire che il servizio sia ottimizzato per l'accesso da dispositivi mobili,Servizio Nazionale,https://www.unimi.it/it/studiare/frequentare-un-corso-di-laurea/iscriversi-un-corso-di-laurea
Università degli Studi di Torino,Studio,Registrarsi all'istruzione superiore,Chiarire esplicitamente la durata prevista del processo,Servizio Nazionale,https://www.unito.it/didattica/immatricolazioni-e-iscrizioni
Università degli Studi di Torino,Studio,Registrarsi all'istruzione superiore,Permettere agli utenti di utilizzare un'identità digitale privata per l'autenticazione,Servizio Nazionale,https://www.unito.it/didattica/immatricolazioni-e-iscrizioni
Università degli Studi di Torino,Studio,Registrarsi all'istruzione superiore,Garantire che il servizio sia ottimizzato per l'accesso da dispositivi mobili,Servizio Nazionale,https://www.unito.it/didattica/immatricolazioni-e-iscrizioni
"Università degli Studi di Napoli ""Federico II""",Studio,Registrarsi all'istruzione superiore,Chiarire esplicitamente la durata prevista del processo,Servizio Nazionale,https://www.segrepass2.unina.it/Welcome.do
"Università degli Studi di Napoli ""Federico II""",Studio,Registrarsi all'istruzione superiore,Consentire l'accesso ad altri servizi correlati senza dover effettuare nuovamente l'autenticazione,Servizio Nazionale,https://www.segrepass2.unina.it/Welcome.do
"Università degli Studi di Napoli ""Federico II""",Studio,Registrarsi all'istruzione superiore,Permettere agli utenti di utilizzare un'identità digitale privata per l'autenticazione,Servizio Nazionale,https://www.segrepass2.unina.it/Welcome.do
"Università degli Studi di Napoli ""Federico II""",Studio,Registrarsi all'istruzione superiore,Rendere disponibile l'output del servizio in formato elettronico,Servizio Nazionale,https://www.segrepass2.unina.it/Welcome.do
"Università degli Studi di Napoli ""Federico II""",Studio,Registrarsi all'istruzione superiore,Fornire una notifica automatica al completamento del servizio,Servizio Nazionale,https://www.segrepass2.unina.it/Welcome.do
"Università degli Studi di Napoli ""Federico II""",Studio,Registrarsi all'istruzione superiore,Garantire che il servizio sia ottimizzato per l'accesso da dispositivi mobili,Servizio Nazionale,https://www.segrepass2.unina.it/Welcome.do
Università degli Studi di Palermo,Studio,Registrarsi all'istruzione superiore,Chiarire esplicitamente la durata prevista del processo,Servizio Nazionale,https://www.unipa.it/test-e-immatricolazioni/immatricolati/
Università degli Studi di Palermo,Studio,Registrarsi all'istruzione superiore,Permettere agli utenti di utilizzare un'identità digitale privata per l'autenticazione,Servizio Nazionale,https://www.unipa.it/test-e-immatricolazioni/immatricolati/
"Università degli Studi di Roma ""La Sapienza""",Studio,Registrarsi all'istruzione superiore,Chiarire esplicitamente la durata prevista del processo,Servizio Nazionale,https://www.uniroma1.it/it/pagina/infostud-immatricolazione
"Università degli Studi di Roma ""La Sapienza""",Studio,Registrarsi all'istruzione superiore,Permettere agli utenti di utilizzare un'identità digitale privata per l'autenticazione,Servizio Nazionale,https://www.uniroma1.it/it/pagina/infostud-immatricolazione
"Ministero dell'Istruzione, dell'Università e della Ricerca",Studio,Richiedere borse di studio,Chiarire esplicitamente la durata prevista del processo,Servizio Nazionale,https://www.universitaly.it/borse-studio/atenei
"Ministero dell'Istruzione, dell'Università e della Ricerca",Studio,Richiedere borse di studio,Permettere agli utenti di utilizzare un'identità digitale privata per l'autenticazione,Servizio Nazionale,https://www.universitaly.it/borse-studio/atenei
Università degli Studi di Milano,Studio,Richiedere borse di studio,Chiarire esplicitamente la durata prevista del processo,Servizio Nazionale,https://www.unimi.it/it/studiare/borse-premi-mense-e-alloggi
Università degli Studi di Milano,Studio,Richiedere borse di studio,Permettere agli utenti di utilizzare un'identità digitale privata per l'autenticazione,Servizio Nazionale,https://www.unimi.it/it/studiare/borse-premi-mense-e-alloggi
Università degli Studi di Milano,Studio,Richiedere borse di studio,Garantire che il servizio sia ottimizzato per l'accesso da dispositivi mobili,Servizio Nazionale,https://www.unimi.it/it/studiare/borse-premi-mense-e-alloggi
"Università degli Studi di Napoli ""Federico II""",Studio,Richiedere borse di studio,Chiarire esplicitamente la durata prevista del processo,Servizio Nazionale,http://www.unina.it/didattica/opportunita-studenti/borse-di-studio
"Università degli Studi di Napoli ""Federico II""",Studio,Richiedere borse di studio,Consentire l'accesso ad altri servizi correlati senza dover effettuare nuovamente l'autenticazione,Servizio Nazionale,http://www.unina.it/didattica/opportunita-studenti/borse-di-studio
"Università degli Studi di Napoli ""Federico II""",Studio,Richiedere borse di studio,Permettere agli utenti di utilizzare un'identità digitale privata per l'autenticazione,Servizio Nazionale,http://www.unina.it/didattica/opportunita-studenti/borse-di-studio
"Università degli Studi di Napoli ""Federico II""",Studio,Richiedere borse di studio,Consentire il precompilamento automatico dei dati personali già disponibili,Servizio Nazionale,http://www.unina.it/didattica/opportunita-studenti/borse-di-studio
"Università degli Studi di Napoli ""Federico II""",Studio,Richiedere borse di studio,Fornire una conferma automatica di ricezione delle richieste inviate dagli utenti,Servizio Nazionale,http://www.unina.it/didattica/opportunita-studenti/borse-di-studio
"Università degli Studi di Napoli ""Federico II""",Studio,Richiedere borse di studio,Rendere disponibile l'output del servizio in formato elettronico,Servizio Nazionale,http://www.unina.it/didattica/opportunita-studenti/borse-di-studio
"Università degli Studi di Napoli ""Federico II""",Studio,Richiedere borse di studio,Fornire una notifica automatica al completamento del servizio,Servizio Nazionale,http://www.unina.it/didattica/opportunita-studenti/borse-di-studio
"Università degli Studi di Roma ""La Sapienza""",Studio,Richiedere borse di studio,Chiarire esplicitamente la durata prevista del processo,Servizio Nazionale,https://www.uniroma1.it/it/pagina/borse-di-studio
"Università degli Studi di Roma ""La Sapienza""",Studio,Richiedere borse di studio,Permettere l'uso dell'identità digitale nazionale per l'autenticazione,Servizio Nazionale,https://www.uniroma1.it/it/pagina/borse-di-studio
"Università degli Studi di Roma ""La Sapienza""",Studio,Richiedere borse di studio,Permettere agli utenti di utilizzare un'identità digitale privata per l'autenticazione,Servizio Nazionale,https://www.uniroma1.it/it/pagina/borse-di-studio
"Università degli Studi di Roma ""La Sapienza""",Studio,Richiedere borse di studio,Consentire il precompilamento automatico dei dati personali già disponibili,Servizio Nazionale,https://www.uniroma1.it/it/pagina/borse-di-studio
"Università degli Studi di Roma ""La Sapienza""",Studio,Richiedere borse di studio,Fornire una notifica automatica al completamento del servizio,Servizio Nazionale,https://www.uniroma1.it/it/pagina/borse-di-studio
"Ministero dell'Istruzione, dell'Università e della Ricerca",Studio,Richiedere borse di studio,Chiarire esplicitamente la durata prevista del processo,Servizio Nazionale,http://www.dsu.miur.gov.it/#ninth
"Ministero dell'Istruzione, dell'Università e della Ricerca",Studio,Richiedere borse di studio,Permettere l'uso dell'identità digitale nazionale per l'autenticazione,Servizio Nazionale,http://www.dsu.miur.gov.it/#ninth
"Ministero dell'Istruzione, dell'Università e della Ricerca",Studio,Richiedere borse di studio,Consentire l'accesso ad altri servizi correlati senza dover effettuare nuovamente l'autenticazione,Servizio Nazionale,http://www.dsu.miur.gov.it/#ninth
"Ministero dell'Istruzione, dell'Università e della Ricerca",Studio,Richiedere borse di studio,Permettere agli utenti di utilizzare un'identità digitale privata per l'autenticazione,Servizio Nazionale,http://www.dsu.miur.gov.it/#ninth
"Ministero dell'Istruzione, dell'Università e della Ricerca",Studio,Richiedere borse di studio,Consentire il precompilamento automatico dei dati personali già disponibili,Servizio Nazionale,http://www.dsu.miur.gov.it/#ninth
Università degli Studi di Milano,Studio,Calcolare ulteriori possibilità finanziarie,Garantire che il servizio sia ottimizzato per l'accesso da dispositivi mobili,Servizio Nazionale,https://www.unimi.it/it/studiare/frequentare-un-corso-di-laurea/come-e-quanto-pagare
Università degli Studi di Torino,Studio,Calcolare ulteriori possibilità finanziarie,Garantire che il servizio sia ottimizzato per l'accesso da dispositivi mobili,Servizio Nazionale,https://www.unito.it/didattica/tasse
Università di Genova,Studio,Richiedere benefici sociali aggiuntivi,Chiarire esplicitamente la durata prevista del processo,Servizio Nazionale,https://www.inps.it/it/it/dettaglio-scheda.it.schede-servizio-strumento.schede-strumenti.come-acquisire-la-dsu-precompilata-e-richiedere-l-isee-53358.come-acquisire-la-dsu-precompilata-e-richiedere-l-isee.html
Università di Genova,Studio,Richiedere benefici sociali aggiuntivi,Rendere chiari e facilmente accessibili i tempi previsti per l'erogazione,Servizio Nazionale,https://www.inps.it/it/it/dettaglio-scheda.it.schede-servizio-strumento.schede-strumenti.come-acquisire-la-dsu-precompilata-e-richiedere-l-isee-53358.come-acquisire-la-dsu-precompilata-e-richiedere-l-isee.html
Università di Genova,Studio,Richiedere benefici sociali aggiuntivi,Definire e comunicare chiaramente il limite massimo di tempo per l'erogazione del servizio,Servizio Nazionale,https://www.inps.it/it/it/dettaglio-scheda.it.schede-servizio-strumento.schede-strumenti.come-acquisire-la-dsu-precompilata-e-richiedere-l-isee-53358.come-acquisire-la-dsu-precompilata-e-richiedere-l-isee.html
Università di Genova,Studio,Richiedere benefici sociali aggiuntivi,Permettere l'uso dell'identità digitale nazionale per l'autenticazione,Servizio Nazionale,https://www.inps.it/it/it/dettaglio-scheda.it.schede-servizio-strumento.schede-strumenti.come-acquisire-la-dsu-precompilata-e-richiedere-l-isee-53358.come-acquisire-la-dsu-precompilata-e-richiedere-l-isee.html
Università di Genova,Studio,Richiedere benefici sociali aggiuntivi,Consentire l'accesso ad altri servizi correlati senza dover effettuare nuovamente l'autenticazione,Servizio Nazionale,https://www.inps.it/it/it/dettaglio-scheda.it.schede-servizio-strumento.schede-strumenti.come-acquisire-la-dsu-precompilata-e-richiedere-l-isee-53358.come-acquisire-la-dsu-precompilata-e-richiedere-l-isee.html
Università di Genova,Studio,Richiedere benefici sociali aggiuntivi,Permettere agli utenti di utilizzare un'identità digitale privata per l'autenticazione,Servizio Nazionale,https://www.inps.it/it/it/dettaglio-scheda.it.schede-servizio-strumento.schede-strumenti.come-acquisire-la-dsu-precompilata-e-richiedere-l-isee-53358.come-acquisire-la-dsu-precompilata-e-richiedere-l-isee.html
Università di Genova,Studio,Richiedere benefici sociali aggiuntivi,Consentire il precompilamento automatico dei dati personali già disponibili,Servizio Nazionale,https://www.inps.it/it/it/dettaglio-scheda.it.schede-servizio-strumento.schede-strumenti.come-acquisire-la-dsu-precompilata-e-richiedere-l-isee-53358.come-acquisire-la-dsu-precompilata-e-richiedere-l-isee.html
"Ministero dell'Istruzione, dell'Università e della Ricerca",Studio,Richiedere benefici sociali aggiuntivi,Chiarire esplicitamente la durata prevista del processo,Servizio Nazionale, http://www.dsu.miur.gov.it/
"Ministero dell'Istruzione, dell'Università e della Ricerca",Studio,Richiedere benefici sociali aggiuntivi,Rendere chiari e facilmente accessibili i tempi previsti per l'erogazione,Servizio Nazionale, http://www.dsu.miur.gov.it/
"Ministero dell'Istruzione, dell'Università e della Ricerca",Studio,Richiedere benefici sociali aggiuntivi,Definire e comunicare chiaramente il limite massimo di tempo per l'erogazione del servizio,Servizio Nazionale, http://www.dsu.miur.gov.it/
"Ministero dell'Istruzione, dell'Università e della Ricerca",Studio,Richiedere benefici sociali aggiuntivi,Permettere l'uso dell'identità digitale nazionale per l'autenticazione,Servizio Nazionale, http://www.dsu.miur.gov.it/
"Ministero dell'Istruzione, dell'Università e della Ricerca",Studio,Richiedere benefici sociali aggiuntivi,Consentire l'accesso ad altri servizi correlati senza dover effettuare nuovamente l'autenticazione,Servizio Nazionale, http://www.dsu.miur.gov.it/
"Ministero dell'Istruzione, dell'Università e della Ricerca",Studio,Richiedere benefici sociali aggiuntivi,Permettere agli utenti di utilizzare un'identità digitale privata per l'autenticazione,Servizio Nazionale, http://www.dsu.miur.gov.it/
"Ministero dell'Istruzione, dell'Università e della Ricerca",Studio,Richiedere benefici sociali aggiuntivi,Consentire il precompilamento automatico dei dati personali già disponibili,Servizio Nazionale, http://www.dsu.miur.gov.it/
"Università degli Studi di Roma ""La Sapienza""",Studio,Richiedere la portabilità della borsa di studio (all'estero),Rendere le informazioni sul servizio disponibili online,Servizio Nazionale,https://www.uniroma1.it/it/documento/regolamento-borse-di-studio-tesi-allestero
"Università degli Studi di Roma ""La Sapienza""",Studio,Richiedere la portabilità della borsa di studio (all'estero),Rendere il servizio effettivo disponibile online,Servizio Nazionale,https://www.uniroma1.it/it/documento/regolamento-borse-di-studio-tesi-allestero
"Università degli Studi di Roma ""La Sapienza""",Studio,Richiedere la portabilità della borsa di studio (all'estero),Garantire che il servizio/le informazioni sul servizio siano disponibili tramite i portali rilevanti,Servizio Nazionale,https://www.uniroma1.it/it/documento/regolamento-borse-di-studio-tesi-allestero
"Università degli Studi di Roma ""La Sapienza""",Studio,Richiedere la portabilità della borsa di studio (all'estero),Chiarire esplicitamente la durata prevista del processo,Servizio Nazionale,https://www.uniroma1.it/it/documento/regolamento-borse-di-studio-tesi-allestero
"Università degli Studi di Roma ""La Sapienza""",Studio,Richiedere la portabilità della borsa di studio (all'estero),Rendere chiari e facilmente accessibili i tempi previsti per l'erogazione,Servizio Nazionale,https://www.uniroma1.it/it/documento/regolamento-borse-di-studio-tesi-allestero
"Università degli Studi di Roma ""La Sapienza""",Studio,Richiedere la portabilità della borsa di studio (all'estero),Definire e comunicare chiaramente il limite massimo di tempo per l'erogazione del servizio,Servizio Nazionale,https://www.uniroma1.it/it/documento/regolamento-borse-di-studio-tesi-allestero
"Università degli Studi di Roma ""La Sapienza""",Studio,Richiedere la portabilità della borsa di studio (all'estero),Permettere l'uso dell'identità digitale nazionale per l'autenticazione,Servizio Nazionale,https://www.uniroma1.it/it/documento/regolamento-borse-di-studio-tesi-allestero
"Università degli Studi di Roma ""La Sapienza""",Studio,Richiedere la portabilità della borsa di studio (all'estero),Consentire l'accesso ad altri servizi correlati senza dover effettuare nuovamente l'autenticazione,Servizio Nazionale,https://www.uniroma1.it/it/documento/regolamento-borse-di-studio-tesi-allestero
"Università degli Studi di Roma ""La Sapienza""",Studio,Richiedere la portabilità della borsa di studio (all'estero),Permettere agli utenti di utilizzare un'identità digitale privata per l'autenticazione,Servizio Nazionale,https://www.uniroma1.it/it/documento/regolamento-borse-di-studio-tesi-allestero
"Università degli Studi di Roma ""La Sapienza""",Studio,Richiedere la portabilità della borsa di studio (all'estero),Consentire il precompilamento automatico dei dati personali già disponibili,Servizio Nazionale,https://www.uniroma1.it/it/documento/regolamento-borse-di-studio-tesi-allestero
Università degli Studi di Palermo,Studio,Richiedere la portabilità della borsa di studio (all'estero),Rendere le informazioni sul servizio disponibili online,Servizio Nazionale,http://www.ersupalermo.it/borse-di-studio/
Università degli Studi di Palermo,Studio,Richiedere la portabilità della borsa di studio (all'estero),Rendere il servizio effettivo disponibile online,Servizio Nazionale,http://www.ersupalermo.it/borse-di-studio/
Università degli Studi di Palermo,Studio,Richiedere la portabilità della borsa di studio (all'estero),Garantire che il servizio/le informazioni sul servizio siano disponibili tramite i portali rilevanti,Servizio Nazionale,http://www.ersupalermo.it/borse-di-studio/
Università degli Studi di Palermo,Studio,Richiedere la portabilità della borsa di studio (all'estero),Chiarire esplicitamente la durata prevista del processo,Servizio Nazionale,http://www.ersupalermo.it/borse-di-studio/
Università degli Studi di Palermo,Studio,Richiedere la portabilità della borsa di studio (all'estero),Rendere chiari e facilmente accessibili i tempi previsti per l'erogazione,Servizio Nazionale,http://www.ersupalermo.it/borse-di-studio/
Università degli Studi di Palermo,Studio,Richiedere la portabilità della borsa di studio (all'estero),Definire e comunicare chiaramente il limite massimo di tempo per l'erogazione del servizio,Servizio Nazionale,http://www.ersupalermo.it/borse-di-studio/
Università degli Studi di Palermo,Studio,Richiedere la portabilità della borsa di studio (all'estero),Permettere l'uso dell'identità digitale nazionale per l'autenticazione,Servizio Nazionale,http://www.ersupalermo.it/borse-di-studio/
Università degli Studi di Palermo,Studio,Richiedere la portabilità della borsa di studio (all'estero),Consentire l'accesso ad altri servizi correlati senza dover effettuare nuovamente l'autenticazione,Servizio Nazionale,http://www.ersupalermo.it/borse-di-studio/
Università degli Studi di Palermo,Studio,Richiedere la portabilità della borsa di studio (all'estero),Permettere agli utenti di utilizzare un'identità digitale privata per l'autenticazione,Servizio Nazionale,http://www.ersupalermo.it/borse-di-studio/
Università degli Studi di Palermo,Studio,Richiedere la portabilità della borsa di studio (all'estero),Consentire il precompilamento automatico dei dati personali già disponibili,Servizio Nazionale,http://www.ersupalermo.it/borse-di-studio/
Università degli Studi di Milano,Studio,Richiedere la portabilità della borsa di studio (all'estero),Rendere le informazioni sul servizio disponibili online,Servizio Nazionale,https://www.unimi.it/it/studiare/borse-premi-mense-e-alloggi
Università degli Studi di Milano,Studio,Richiedere la portabilità della borsa di studio (all'estero),Rendere il servizio effettivo disponibile online,Servizio Nazionale,https://www.unimi.it/it/studiare/borse-premi-mense-e-alloggi
Università degli Studi di Milano,Studio,Richiedere la portabilità della borsa di studio (all'estero),Garantire che il servizio/le informazioni sul servizio siano disponibili tramite i portali rilevanti,Servizio Nazionale,https://www.unimi.it/it/studiare/borse-premi-mense-e-alloggi
Università degli Studi di Milano,Studio,Richiedere la portabilità della borsa di studio (all'estero),Chiarire esplicitamente la durata prevista del processo,Servizio Nazionale,https://www.unimi.it/it/studiare/borse-premi-mense-e-alloggi
Università degli Studi di Milano,Studio,Richiedere la portabilità della borsa di studio (all'estero),Rendere chiari e facilmente accessibili i tempi previsti per l'erogazione,Servizio Nazionale,https://www.unimi.it/it/studiare/borse-premi-mense-e-alloggi
Università degli Studi di Milano,Studio,Richiedere la portabilità della borsa di studio (all'estero),Definire e comunicare chiaramente il limite massimo di tempo per l'erogazione del servizio,Servizio Nazionale,https://www.unimi.it/it/studiare/borse-premi-mense-e-alloggi
Università degli Studi di Milano,Studio,Richiedere la portabilità della borsa di studio (all'estero),Permettere l'uso dell'identità digitale nazionale per l'autenticazione,Servizio Nazionale,https://www.unimi.it/it/studiare/borse-premi-mense-e-alloggi
Università degli Studi di Milano,Studio,Richiedere la portabilità della borsa di studio (all'estero),Consentire l'accesso ad altri servizi correlati senza dover effettuare nuovamente l'autenticazione,Servizio Nazionale,https://www.unimi.it/it/studiare/borse-premi-mense-e-alloggi
Università degli Studi di Milano,Studio,Richiedere la portabilità della borsa di studio (all'estero),Permettere agli utenti di utilizzare un'identità digitale privata per l'autenticazione,Servizio Nazionale,https://www.unimi.it/it/studiare/borse-premi-mense-e-alloggi
Università degli Studi di Milano,Studio,Richiedere la portabilità della borsa di studio (all'estero),Consentire il precompilamento automatico dei dati personali già disponibili,Servizio Nazionale,https://www.unimi.it/it/studiare/borse-premi-mense-e-alloggi
Università degli Studi di Milano,Studio,Richiedere la portabilità della borsa di studio (all'estero),Garantire che il servizio sia ottimizzato per l'accesso da dispositivi mobili,Servizio Nazionale,https://www.unimi.it/it/studiare/borse-premi-mense-e-alloggi
Università degli Studi di Torino,Studio,Richiedere la portabilità della borsa di studio (all'estero),Rendere le informazioni sul servizio disponibili online,Servizio Nazionale,https://www.unito.it/servizi/lo-studio/borse-e-premi-di-studio
Università degli Studi di Torino,Studio,Richiedere la portabilità della borsa di studio (all'estero),Rendere il servizio effettivo disponibile online,Servizio Nazionale,https://www.unito.it/servizi/lo-studio/borse-e-premi-di-studio
Università degli Studi di Torino,Studio,Richiedere la portabilità della borsa di studio (all'estero),Garantire che il servizio/le informazioni sul servizio siano disponibili tramite i portali rilevanti,Servizio Nazionale,https://www.unito.it/servizi/lo-studio/borse-e-premi-di-studio
Università degli Studi di Torino,Studio,Richiedere la portabilità della borsa di studio (all'estero),Chiarire esplicitamente la durata prevista del processo,Servizio Nazionale,https://www.unito.it/servizi/lo-studio/borse-e-premi-di-studio
Università degli Studi di Torino,Studio,Richiedere la portabilità della borsa di studio (all'estero),Rendere chiari e facilmente accessibili i tempi previsti per l'erogazione,Servizio Nazionale,https://www.unito.it/servizi/lo-studio/borse-e-premi-di-studio
Università degli Studi di Torino,Studio,Richiedere la portabilità della borsa di studio (all'estero),Definire e comunicare chiaramente il limite massimo di tempo per l'erogazione del servizio,Servizio Nazionale,https://www.unito.it/servizi/lo-studio/borse-e-premi-di-studio
Università degli Studi di Torino,Studio,Richiedere la portabilità della borsa di studio (all'estero),Permettere l'uso dell'identità digitale nazionale per l'autenticazione,Servizio Nazionale,https://www.unito.it/servizi/lo-studio/borse-e-premi-di-studio
Università degli Studi di Torino,Studio,Richiedere la portabilità della borsa di studio (all'estero),Consentire l'accesso ad altri servizi correlati senza dover effettuare nuovamente l'autenticazione,Servizio Nazionale,https://www.unito.it/servizi/lo-studio/borse-e-premi-di-studio
Università degli Studi di Torino,Studio,Richiedere la portabilità della borsa di studio (all'estero),Permettere agli utenti di utilizzare un'identità digitale privata per l'autenticazione,Servizio Nazionale,https://www.unito.it/servizi/lo-studio/borse-e-premi-di-studio
Università degli Studi di Torino,Studio,Richiedere la portabilità della borsa di studio (all'estero),Consentire il precompilamento automatico dei dati personali già disponibili,Servizio Nazionale,https://www.unito.it/servizi/lo-studio/borse-e-premi-di-studio
Università degli Studi di Torino,Studio,Richiedere la portabilità della borsa di studio (all'estero),Garantire che il servizio sia ottimizzato per l'accesso da dispositivi mobili,Servizio Nazionale,https://www.unito.it/servizi/lo-studio/borse-e-premi-di-studio
"Università degli Studi di Napoli ""Federico II""",Studio,Richiedere la portabilità della borsa di studio (all'estero),Rendere le informazioni sul servizio disponibili online,Servizio Nazionale,http://www.unina.it/didattica/opportunita-studenti/borse-di-studio#iscr
"Università degli Studi di Napoli ""Federico II""",Studio,Richiedere la portabilità della borsa di studio (all'estero),Rendere il servizio effettivo disponibile online,Servizio Nazionale,http://www.unina.it/didattica/opportunita-studenti/borse-di-studio#iscr
"Università degli Studi di Napoli ""Federico II""",Studio,Richiedere la portabilità della borsa di studio (all'estero),Garantire che il servizio/le informazioni sul servizio siano disponibili tramite i portali rilevanti,Servizio Nazionale,http://www.unina.it/didattica/opportunita-studenti/borse-di-studio#iscr
"Università degli Studi di Napoli ""Federico II""",Studio,Richiedere la portabilità della borsa di studio (all'estero),Chiarire esplicitamente la durata prevista del processo,Servizio Nazionale,http://www.unina.it/didattica/opportunita-studenti/borse-di-studio#iscr
"Università degli Studi di Napoli ""Federico II""",Studio,Richiedere la portabilità della borsa di studio (all'estero),Rendere chiari e facilmente accessibili i tempi previsti per l'erogazione,Servizio Nazionale,http://www.unina.it/didattica/opportunita-studenti/borse-di-studio#iscr
"Università degli Studi di Napoli ""Federico II""",Studio,Richiedere la portabilità della borsa di studio (all'estero),Definire e comunicare chiaramente il limite massimo di tempo per l'erogazione del servizio,Servizio Nazionale,http://www.unina.it/didattica/opportunita-studenti/borse-di-studio#iscr
"Università degli Studi di Napoli ""Federico II""",Studio,Richiedere la portabilità della borsa di studio (all'estero),Permettere l'uso dell'identità digitale nazionale per l'autenticazione,Servizio Nazionale,http://www.unina.it/didattica/opportunita-studenti/borse-di-studio#iscr
"Università degli Studi di Napoli ""Federico II""",Studio,Richiedere la portabilità della borsa di studio (all'estero),Consentire l'accesso ad altri servizi correlati senza dover effettuare nuovamente l'autenticazione,Servizio Nazionale,http://www.unina.it/didattica/opportunita-studenti/borse-di-studio#iscr
"Università degli Studi di Napoli ""Federico II""",Studio,Richiedere la portabilità della borsa di studio (all'estero),Permettere agli utenti di utilizzare un'identità digitale privata per l'autenticazione,Servizio Nazionale,http://www.unina.it/didattica/opportunita-studenti/borse-di-studio#iscr
"Università degli Studi di Napoli ""Federico II""",Studio,Richiedere la portabilità della borsa di studio (all'estero),Consentire il precompilamento automatico dei dati personali già disponibili,Servizio Nazionale,http://www.unina.it/didattica/opportunita-studenti/borse-di-studio#iscr
Università degli Studi di Milano,Studio,Monitorare i voti e i dati personali,Garantire che il servizio sia ottimizzato per l'accesso da dispositivi mobili,Servizio Nazionale,https://www.unimi.it/it/studiare/servizi-gli-studenti/servizi-tecnologici-e-online/servizi-online-ex-sifa
Università degli Studi di Torino,Studio,Monitorare i voti e i dati personali,Garantire che il servizio sia ottimizzato per l'accesso da dispositivi mobili,Servizio Nazionale,https://www.unito.it/servizi/servizi-line
"Università degli Studi di Roma ""La Sapienza""",Studio,Monitorare i voti e i dati personali,Garantire che il servizio sia ottimizzato per l'accesso da dispositivi mobili,Servizio Nazionale,https://login.studenti.uniroma1.it/S3SSOLogin/ProcessResponseServlet?SAMLRequest=fVLJTsMwEL0j8Q%2BW79kqhMBqggoIUYklagMHbq4zSa064%2BCxW%2Fh70hQEHOD6%2FOYt45levHWGbcGRtpjzLE45A1S21tjm%2FKm6ic74RXF8NCXZmV7Mgl%2FjAl4DkGfDJJIYH3IeHAorSZNA2QEJr8Rydn8nJnEqeme9VdZwNr%2FOedeCUaapVdtA22%2BwMbWUq3XfGr1C2W4UrBrcqA1nz1%2BxJvtYc6IAcyQv0Q9Qmk2iLI3Skyo9F9m5mJy%2BcFZ%2BOl1qPDT4L9bqQCJxW1VlVD4uq1Fgq2twDwM75621rYFY2W5vX0oivR3gRhoCzmZE4PwQ8MoihQ7cEtxWK3ha3OV87X1PIkl2u138LZPIhHyoAb2OA2pnO5nF2idSES%2FGHYuxpvux3P9LyK8QvPi2mSY%2FpIrPv9tXml%2BX1mj1zmbG2N2VA%2BmHPt6Foc6NdZ30f7tlcTYiuo6akSoCUg9KNxpqzpLi4Pr7SIbT%2BQA%3D&RelayState=https%3A%2F%2Fwww.google.com%2Fa%2Fstudenti.uniroma1.it%2FServiceLogin%3Fservice%3Dmail%26passive%3Dtrue%26rm%3Dfalse%26continue%3Dhttps%253A%252F%252Fmail.google.com%252Fa%252Fstudenti.uniroma1.it%252F%26ss%3D1%26ltmpl%3Ddefault%26ltmplcache%3D2
Agenzia delle Entrate,Economico,Dichiarare le tasse aziendali,Rimuovere la barriera della necessità di identificazione/autenticazione online nazionale,Servizio Transfrontaliero,https://www.agenziaentrate.gov.it/portale/Imprese/Dichiarazioni/
Agenzia delle Entrate,Economico,Dichiarare le tasse aziendali,Consentire la presentazione dei documenti elettronici richiesti dai cittadini stranieri,Servizio Transfrontaliero,https://www.agenziaentrate.gov.it/portale/Imprese/Dichiarazioni/
Agenzia delle Entrate,Economico,Dichiarare le tasse aziendali,Eliminare la necessità di traduzione o riconoscimento dei documenti richiesti,Servizio Transfrontaliero,https://www.agenziaentrate.gov.it/portale/Imprese/Dichiarazioni/
Agenzia delle Entrate,Economico,Dichiarare le tasse aziendali,Fornire traduzioni chiare o un'interfaccia multilingue per superare le barriere linguistiche,Servizio Transfrontaliero,https://www.agenziaentrate.gov.it/portale/Imprese/Dichiarazioni/
Agenzia delle Entrate,Economico,Dichiarare le tasse aziendali,Migliorare la qualità delle traduzioni fornite sul sito web,Servizio Transfrontaliero,https://www.agenziaentrate.gov.it/portale/Imprese/Dichiarazioni/
Agenzia delle Entrate,Economico,Dichiarare le tasse aziendali,Fornire informazioni complete e facilmente accessibili anche per utenti internazionali,Servizio Transfrontaliero,https://www.agenziaentrate.gov.it/portale/Imprese/Dichiarazioni/
Agenzia delle Entrate,Economico,Dichiarare le tasse aziendali,Eliminare la necessità di incontri fisici per completare il servizio,Servizio Transfrontaliero,https://www.agenziaentrate.gov.it/portale/Imprese/Dichiarazioni/
Agenzia delle Entrate,Economico,Dichiarare le tasse aziendali,Permettere l'autenticazione tramite eID nazionale anche per utenti transfrontalieri,Servizio Transfrontaliero,https://www.agenziaentrate.gov.it/portale/Imprese/Dichiarazioni/
Agenzia delle Entrate,Economico,Dichiarare le tasse aziendali,Specificare se sono richiesti documenti per utenti transfrontalieri,Servizio Transfrontaliero,https://www.agenziaentrate.gov.it/portale/Imprese/Dichiarazioni/
Agenzia delle Entrate,Economico,Dichiarare le tasse aziendali,Chiarire se è previsto un pagamento per accedere al servizio,Servizio Transfrontaliero,https://www.agenziaentrate.gov.it/portale/Imprese/Dichiarazioni/
Agenzia delle Entrate,Economico,Dichiarare le tasse aziendali,Indicare se il servizio è potenzialmente idoneo all'implementazione del principio Once-Only (OOTS),Servizio Transfrontaliero,https://www.agenziaentrate.gov.it/portale/Imprese/Dichiarazioni/
INPS - Istituto Nazionale della Previdenza Sociale,Economico,Dichiarare i contributi sociali,Rimuovere la barriera della necessità di identificazione/autenticazione online nazionale,Servizio Transfrontaliero,https://www.inps.it/it/en/inps-comunica/diritti-e-obblighi-in-materia-di-sicurezza-sociale-nell-unione-e/per-le-imprese/contributi-previdenziali.html
INPS - Istituto Nazionale della Previdenza Sociale,Economico,Dichiarare i contributi sociali,Consentire la presentazione dei documenti elettronici richiesti dai cittadini stranieri,Servizio Transfrontaliero,https://www.inps.it/it/en/inps-comunica/diritti-e-obblighi-in-materia-di-sicurezza-sociale-nell-unione-e/per-le-imprese/contributi-previdenziali.html
INPS - Istituto Nazionale della Previdenza Sociale,Economico,Dichiarare i contributi sociali,Eliminare la necessità di traduzione o riconoscimento dei documenti richiesti,Servizio Transfrontaliero,https://www.inps.it/it/en/inps-comunica/diritti-e-obblighi-in-materia-di-sicurezza-sociale-nell-unione-e/per-le-imprese/contributi-previdenziali.html
INPS - Istituto Nazionale della Previdenza Sociale,Economico,Dichiarare i contributi sociali,Fornire traduzioni chiare o un'interfaccia multilingue per superare le barriere linguistiche,Servizio Transfrontaliero,https://www.inps.it/it/en/inps-comunica/diritti-e-obblighi-in-materia-di-sicurezza-sociale-nell-unione-e/per-le-imprese/contributi-previdenziali.html
INPS - Istituto Nazionale della Previdenza Sociale,Economico,Dichiarare i contributi sociali,Migliorare la qualità delle traduzioni fornite sul sito web,Servizio Transfrontaliero,https://www.inps.it/it/en/inps-comunica/diritti-e-obblighi-in-materia-di-sicurezza-sociale-nell-unione-e/per-le-imprese/contributi-previdenziali.html
INPS - Istituto Nazionale della Previdenza Sociale,Economico,Dichiarare i contributi sociali,Fornire informazioni complete e facilmente accessibili anche per utenti internazionali,Servizio Transfrontaliero,https://www.inps.it/it/en/inps-comunica/diritti-e-obblighi-in-materia-di-sicurezza-sociale-nell-unione-e/per-le-imprese/contributi-previdenziali.html
INPS - Istituto Nazionale della Previdenza Sociale,Economico,Dichiarare i contributi sociali,Eliminare la necessità di incontri fisici per completare il servizio,Servizio Transfrontaliero,https://www.inps.it/it/en/inps-comunica/diritti-e-obblighi-in-materia-di-sicurezza-sociale-nell-unione-e/per-le-imprese/contributi-previdenziali.html
INPS - Istituto Nazionale della Previdenza Sociale,Economico,Dichiarare i contributi sociali,Specificare se sono richiesti documenti per utenti transfrontalieri,Servizio Transfrontaliero,https://www.inps.it/it/en/inps-comunica/diritti-e-obblighi-in-materia-di-sicurezza-sociale-nell-unione-e/per-le-imprese/contributi-previdenziali.html
INPS - Istituto Nazionale della Previdenza Sociale,Economico,Dichiarare i contributi sociali,Chiarire se è previsto un pagamento per accedere al servizio,Servizio Transfrontaliero,https://www.inps.it/it/en/inps-comunica/diritti-e-obblighi-in-materia-di-sicurezza-sociale-nell-unione-e/per-le-imprese/contributi-previdenziali.html
INPS - Istituto Nazionale della Previdenza Sociale,Economico,Dichiarare i contributi sociali,Indicare se il servizio è potenzialmente idoneo all'implementazione del principio Once-Only (OOTS),Servizio Transfrontaliero,https://www.inps.it/it/en/inps-comunica/diritti-e-obblighi-in-materia-di-sicurezza-sociale-nell-unione-e/per-le-imprese/contributi-previdenziali.html
Camera di Commercio,Economico,Presentare rapporti finanziari all'ufficio di registrazione delle imprese,Rendere le informazioni disponibili anche per gli utenti stranieri,Servizio Transfrontaliero,https://webtelemaco.infocamere.it/newt/public.htm
Camera di Commercio,Economico,Presentare rapporti finanziari all'ufficio di registrazione delle imprese,Consentire agli utenti stranieri di accedere al servizio online,Servizio Transfrontaliero,https://webtelemaco.infocamere.it/newt/public.htm
Camera di Commercio,Economico,Presentare rapporti finanziari all'ufficio di registrazione delle imprese,Rimuovere la barriera della necessità di identificazione/autenticazione online nazionale,Servizio Transfrontaliero,https://webtelemaco.infocamere.it/newt/public.htm
Camera di Commercio,Economico,Presentare rapporti finanziari all'ufficio di registrazione delle imprese,Consentire la presentazione dei documenti elettronici richiesti dai cittadini stranieri,Servizio Transfrontaliero,https://webtelemaco.infocamere.it/newt/public.htm
Camera di Commercio,Economico,Presentare rapporti finanziari all'ufficio di registrazione delle imprese,Eliminare la necessità di traduzione o riconoscimento dei documenti richiesti,Servizio Transfrontaliero,https://webtelemaco.infocamere.it/newt/public.htm
Camera di Commercio,Economico,Presentare rapporti finanziari all'ufficio di registrazione delle imprese,Fornire traduzioni chiare o un'interfaccia multilingue per superare le barriere linguistiche,Servizio Transfrontaliero,https://webtelemaco.infocamere.it/newt/public.htm
Camera di Commercio,Economico,Presentare rapporti finanziari all'ufficio di registrazione delle imprese,Migliorare la qualità delle traduzioni fornite sul sito web,Servizio Transfrontaliero,https://webtelemaco.infocamere.it/newt/public.htm
Camera di Commercio,Economico,Presentare rapporti finanziari all'ufficio di registrazione delle imprese,Fornire informazioni complete e facilmente accessibili anche per utenti internazionali,Servizio Transfrontaliero,https://webtelemaco.infocamere.it/newt/public.htm
Camera di Commercio,Economico,Presentare rapporti finanziari all'ufficio di registrazione delle imprese,Eliminare la necessità di incontri fisici per completare il servizio,Servizio Transfrontaliero,https://webtelemaco.infocamere.it/newt/public.htm
Camera di Commercio,Economico,Presentare rapporti finanziari all'ufficio di registrazione delle imprese,Permettere l'autenticazione tramite eID nazionale anche per utenti transfrontalieri,Servizio Transfrontaliero,https://webtelemaco.infocamere.it/newt/public.htm
Camera di Commercio,Economico,Presentare rapporti finanziari all'ufficio di registrazione delle imprese,Chiarire se è previsto un pagamento per accedere al servizio,Servizio Transfrontaliero,https://webtelemaco.infocamere.it/newt/public.htm
Camera di Commercio,Economico,Presentare rapporti finanziari all'ufficio di registrazione delle imprese,Indicare se il servizio rientra nel campo di applicazione della SDGR,Servizio Transfrontaliero,https://webtelemaco.infocamere.it/newt/public.htm
Camera di Commercio,Economico,Presentare rapporti finanziari all'ufficio di registrazione delle imprese,Indicare se il servizio è potenzialmente idoneo all'implementazione del principio Once-Only (OOTS),Servizio Transfrontaliero,https://webtelemaco.infocamere.it/newt/public.htm
Agenzia delle Entrate,Economico,Dichiarare l'IVA,Rimuovere la barriera della necessità di identificazione/autenticazione online nazionale,Servizio Transfrontaliero,https://www.agenziaentrate.gov.it/portale/web/guest/imprese/dichiarazioni
Agenzia delle Entrate,Economico,Dichiarare l'IVA,Consentire la presentazione dei documenti elettronici richiesti dai cittadini stranieri,Servizio Transfrontaliero,https://www.agenziaentrate.gov.it/portale/web/guest/imprese/dichiarazioni
Agenzia delle Entrate,Economico,Dichiarare l'IVA,Eliminare la necessità di traduzione o riconoscimento dei documenti richiesti,Servizio Transfrontaliero,https://www.agenziaentrate.gov.it/portale/web/guest/imprese/dichiarazioni
Agenzia delle Entrate,Economico,Dichiarare l'IVA,Fornire traduzioni chiare o un'interfaccia multilingue per superare le barriere linguistiche,Servizio Transfrontaliero,https://www.agenziaentrate.gov.it/portale/web/guest/imprese/dichiarazioni
Agenzia delle Entrate,Economico,Dichiarare l'IVA,Migliorare la qualità delle traduzioni fornite sul sito web,Servizio Transfrontaliero,https://www.agenziaentrate.gov.it/portale/web/guest/imprese/dichiarazioni
Agenzia delle Entrate,Economico,Dichiarare l'IVA,Fornire informazioni complete e facilmente accessibili anche per utenti internazionali,Servizio Transfrontaliero,https://www.agenziaentrate.gov.it/portale/web/guest/imprese/dichiarazioni
Agenzia delle Entrate,Economico,Dichiarare l'IVA,Eliminare la necessità di incontri fisici per completare il servizio,Servizio Transfrontaliero,https://www.agenziaentrate.gov.it/portale/web/guest/imprese/dichiarazioni
Agenzia delle Entrate,Economico,Dichiarare l'IVA,Permettere l'autenticazione tramite eID nazionale anche per utenti transfrontalieri,Servizio Transfrontaliero,https://www.agenziaentrate.gov.it/portale/web/guest/imprese/dichiarazioni
Agenzia delle Entrate,Economico,Dichiarare l'IVA,Chiarire se è previsto un pagamento per accedere al servizio,Servizio Transfrontaliero,https://www.agenziaentrate.gov.it/portale/web/guest/imprese/dichiarazioni
Agenzia delle Entrate,Economico,Dichiarare l'IVA,Indicare se il servizio rientra nel campo di applicazione della SDGR,Servizio Transfrontaliero,https://www.agenziaentrate.gov.it/portale/web/guest/imprese/dichiarazioni
Agenzia delle Entrate,Economico,Dichiarare l'IVA,Indicare se il servizio è potenzialmente idoneo all'implementazione del principio Once-Only (OOTS),Servizio Transfrontaliero,https://www.agenziaentrate.gov.it/portale/web/guest/imprese/dichiarazioni
Agenzia delle Entrate,Economico,Richiedere un rimborso dell'IVA,Rimuovere la barriera della necessità di identificazione/autenticazione online nazionale,Servizio Transfrontaliero,https://www.agenziaentrate.gov.it/portale/en/web/english/how-to-claim-vat-refunds-non-eu
Agenzia delle Entrate,Economico,Richiedere un rimborso dell'IVA,Consentire la presentazione dei documenti elettronici richiesti dai cittadini stranieri,Servizio Transfrontaliero,https://www.agenziaentrate.gov.it/portale/en/web/english/how-to-claim-vat-refunds-non-eu
Agenzia delle Entrate,Economico,Richiedere un rimborso dell'IVA,Eliminare la necessità di traduzione o riconoscimento dei documenti richiesti,Servizio Transfrontaliero,https://www.agenziaentrate.gov.it/portale/en/web/english/how-to-claim-vat-refunds-non-eu
Agenzia delle Entrate,Economico,Richiedere un rimborso dell'IVA,Fornire traduzioni chiare o un'interfaccia multilingue per superare le barriere linguistiche,Servizio Transfrontaliero,https://www.agenziaentrate.gov.it/portale/en/web/english/how-to-claim-vat-refunds-non-eu
Agenzia delle Entrate,Economico,Richiedere un rimborso dell'IVA,Migliorare la qualità delle traduzioni fornite sul sito web,Servizio Transfrontaliero,https://www.agenziaentrate.gov.it/portale/en/web/english/how-to-claim-vat-refunds-non-eu
Agenzia delle Entrate,Economico,Richiedere un rimborso dell'IVA,Fornire informazioni complete e facilmente accessibili anche per utenti internazionali,Servizio Transfrontaliero,https://www.agenziaentrate.gov.it/portale/en/web/english/how-to-claim-vat-refunds-non-eu
Agenzia delle Entrate,Economico,Richiedere un rimborso dell'IVA,Eliminare la necessità di incontri fisici per completare il servizio,Servizio Transfrontaliero,https://www.agenziaentrate.gov.it/portale/en/web/english/how-to-claim-vat-refunds-non-eu
Agenzia delle Entrate,Economico,Richiedere un rimborso dell'IVA,Chiarire se è previsto un pagamento per accedere al servizio,Servizio Transfrontaliero,https://www.agenziaentrate.gov.it/portale/en/web/english/how-to-claim-vat-refunds-non-eu
Agenzia delle Entrate,Economico,Richiedere un rimborso dell'IVA,Indicare se il servizio rientra nel campo di applicazione della SDGR,Servizio Transfrontaliero,https://www.agenziaentrate.gov.it/portale/en/web/english/how-to-claim-vat-refunds-non-eu
Agenzia delle Entrate,Economico,Richiedere un rimborso dell'IVA,Indicare se il servizio è potenzialmente idoneo all'implementazione del principio Once-Only (OOTS),Servizio Transfrontaliero,https://www.agenziaentrate.gov.it/portale/en/web/english/how-to-claim-vat-refunds-non-eu
Agenzia delle Entrate,Economico,Ricorrere contro la decisione dell'IVA,Rimuovere la barriera della necessità di identificazione/autenticazione online nazionale,Servizio Transfrontaliero,https://www.agenziaentrate.gov.it/portale/web/english/nse/business/vat-in-italy/claim-a-vat-refund
Agenzia delle Entrate,Economico,Ricorrere contro la decisione dell'IVA,Consentire la presentazione dei documenti elettronici richiesti dai cittadini stranieri,Servizio Transfrontaliero,https://www.agenziaentrate.gov.it/portale/web/english/nse/business/vat-in-italy/claim-a-vat-refund
Agenzia delle Entrate,Economico,Ricorrere contro la decisione dell'IVA,Eliminare la necessità di traduzione o riconoscimento dei documenti richiesti,Servizio Transfrontaliero,https://www.agenziaentrate.gov.it/portale/web/english/nse/business/vat-in-italy/claim-a-vat-refund
Agenzia delle Entrate,Economico,Ricorrere contro la decisione dell'IVA,Fornire traduzioni chiare o un'interfaccia multilingue per superare le barriere linguistiche,Servizio Transfrontaliero,https://www.agenziaentrate.gov.it/portale/web/english/nse/business/vat-in-italy/claim-a-vat-refund
Agenzia delle Entrate,Economico,Ricorrere contro la decisione dell'IVA,Migliorare la qualità delle traduzioni fornite sul sito web,Servizio Transfrontaliero,https://www.agenziaentrate.gov.it/portale/web/english/nse/business/vat-in-italy/claim-a-vat-refund
Agenzia delle Entrate,Economico,Ricorrere contro la decisione dell'IVA,Fornire informazioni complete e facilmente accessibili anche per utenti internazionali,Servizio Transfrontaliero,https://www.agenziaentrate.gov.it/portale/web/english/nse/business/vat-in-italy/claim-a-vat-refund
Agenzia delle Entrate,Economico,Ricorrere contro la decisione dell'IVA,Eliminare la necessità di incontri fisici per completare il servizio,Servizio Transfrontaliero,https://www.agenziaentrate.gov.it/portale/web/english/nse/business/vat-in-italy/claim-a-vat-refund
Agenzia delle Entrate,Economico,Ricorrere contro la decisione dell'IVA,Chiarire se è previsto un pagamento per accedere al servizio,Servizio Transfrontaliero,https://www.agenziaentrate.gov.it/portale/web/english/nse/business/vat-in-italy/claim-a-vat-refund
Agenzia delle Entrate,Economico,Ricorrere contro la decisione dell'IVA,Indicare se il servizio rientra nel campo di applicazione della SDGR,Servizio Transfrontaliero,https://www.agenziaentrate.gov.it/portale/web/english/nse/business/vat-in-italy/claim-a-vat-refund
Agenzia delle Entrate,Economico,Ricorrere contro la decisione dell'IVA,Indicare se il servizio è potenzialmente idoneo all'implementazione del principio Once-Only (OOTS),Servizio Transfrontaliero,https://www.agenziaentrate.gov.it/portale/web/english/nse/business/vat-in-italy/claim-a-vat-refund
Portale della Giustizia Tributaria,Economico,Ricorrere contro la decisione dell'IVA,Consentire agli utenti stranieri di accedere al servizio online,Servizio Transfrontaliero,https://www.giustiziatributaria.gov.it/gt/web/guest/informazioni-sito
Portale della Giustizia Tributaria,Economico,Ricorrere contro la decisione dell'IVA,Rimuovere la barriera della necessità di identificazione/autenticazione online nazionale,Servizio Transfrontaliero,https://www.giustiziatributaria.gov.it/gt/web/guest/informazioni-sito
Portale della Giustizia Tributaria,Economico,Ricorrere contro la decisione dell'IVA,Consentire la presentazione dei documenti elettronici richiesti dai cittadini stranieri,Servizio Transfrontaliero,https://www.giustiziatributaria.gov.it/gt/web/guest/informazioni-sito
Portale della Giustizia Tributaria,Economico,Ricorrere contro la decisione dell'IVA,Eliminare la necessità di traduzione o riconoscimento dei documenti richiesti,Servizio Transfrontaliero,https://www.giustiziatributaria.gov.it/gt/web/guest/informazioni-sito
Portale della Giustizia Tributaria,Economico,Ricorrere contro la decisione dell'IVA,Fornire traduzioni chiare o un'interfaccia multilingue per superare le barriere linguistiche,Servizio Transfrontaliero,https://www.giustiziatributaria.gov.it/gt/web/guest/informazioni-sito
Portale della Giustizia Tributaria,Economico,Ricorrere contro la decisione dell'IVA,Migliorare la qualità delle traduzioni fornite sul sito web,Servizio Transfrontaliero,https://www.giustiziatributaria.gov.it/gt/web/guest/informazioni-sito
Portale della Giustizia Tributaria,Economico,Ricorrere contro la decisione dell'IVA,Fornire informazioni complete e facilmente accessibili anche per utenti internazionali,Servizio Transfrontaliero,https://www.giustiziatributaria.gov.it/gt/web/guest/informazioni-sito
Portale della Giustizia Tributaria,Economico,Ricorrere contro la decisione dell'IVA,Eliminare la necessità di incontri fisici per completare il servizio,Servizio Transfrontaliero,https://www.giustiziatributaria.gov.it/gt/web/guest/informazioni-sito
Portale della Giustizia Tributaria,Economico,Ricorrere contro la decisione dell'IVA,Chiarire se è previsto un pagamento per accedere al servizio,Servizio Transfrontaliero,https://www.giustiziatributaria.gov.it/gt/web/guest/informazioni-sito
Portale della Giustizia Tributaria,Economico,Ricorrere contro la decisione dell'IVA,Indicare se il servizio rientra nel campo di applicazione della SDGR,Servizio Transfrontaliero,https://www.giustiziatributaria.gov.it/gt/web/guest/informazioni-sito
Portale della Giustizia Tributaria,Economico,Ricorrere contro la decisione dell'IVA,Indicare se il servizio è potenzialmente idoneo all'implementazione del principio Once-Only (OOTS),Servizio Transfrontaliero,https://www.giustiziatributaria.gov.it/gt/web/guest/informazioni-sito
Non Applicabile,Economico,Registrare la malattia di un dipendente presso l'amministrazione competente,Indicare se il servizio rientra nel campo di applicazione della SDGR,Servizio Transfrontaliero,Not applicable
Non Applicabile,Economico,Registrare la malattia di un dipendente presso l'amministrazione competente,Indicare se il servizio è potenzialmente idoneo all'implementazione del principio Once-Only (OOTS),Servizio Transfrontaliero,Not applicable
Ministero del Lavoro e delle Politiche Sociali,Economico,Registrare la fine di un contratto di un dipendente presso l'autorità competente,Rimuovere la barriera della necessità di identificazione/autenticazione online nazionale,Servizio Transfrontaliero,https://www.lavoro.gov.it/strumenti-e-servizi/Dimissioni-volontarie/Pagine/default.aspx
Ministero del Lavoro e delle Politiche Sociali,Economico,Registrare la fine di un contratto di un dipendente presso l'autorità competente,Consentire la presentazione dei documenti elettronici richiesti dai cittadini stranieri,Servizio Transfrontaliero,https://www.lavoro.gov.it/strumenti-e-servizi/Dimissioni-volontarie/Pagine/default.aspx
Ministero del Lavoro e delle Politiche Sociali,Economico,Registrare la fine di un contratto di un dipendente presso l'autorità competente,Eliminare la necessità di traduzione o riconoscimento dei documenti richiesti,Servizio Transfrontaliero,https://www.lavoro.gov.it/strumenti-e-servizi/Dimissioni-volontarie/Pagine/default.aspx
Ministero del Lavoro e delle Politiche Sociali,Economico,Registrare la fine di un contratto di un dipendente presso l'autorità competente,Fornire traduzioni chiare o un'interfaccia multilingue per superare le barriere linguistiche,Servizio Transfrontaliero,https://www.lavoro.gov.it/strumenti-e-servizi/Dimissioni-volontarie/Pagine/default.aspx
Ministero del Lavoro e delle Politiche Sociali,Economico,Registrare la fine di un contratto di un dipendente presso l'autorità competente,Migliorare la qualità delle traduzioni fornite sul sito web,Servizio Transfrontaliero,https://www.lavoro.gov.it/strumenti-e-servizi/Dimissioni-volontarie/Pagine/default.aspx
Ministero del Lavoro e delle Politiche Sociali,Economico,Registrare la fine di un contratto di un dipendente presso l'autorità competente,Fornire informazioni complete e facilmente accessibili anche per utenti internazionali,Servizio Transfrontaliero,https://www.lavoro.gov.it/strumenti-e-servizi/Dimissioni-volontarie/Pagine/default.aspx
Ministero del Lavoro e delle Politiche Sociali,Economico,Registrare la fine di un contratto di un dipendente presso l'autorità competente,Eliminare la necessità di incontri fisici per completare il servizio,Servizio Transfrontaliero,https://www.lavoro.gov.it/strumenti-e-servizi/Dimissioni-volontarie/Pagine/default.aspx
Ministero del Lavoro e delle Politiche Sociali,Economico,Registrare la fine di un contratto di un dipendente presso l'autorità competente,Specificare se sono richiesti documenti per utenti transfrontalieri,Servizio Transfrontaliero,https://www.lavoro.gov.it/strumenti-e-servizi/Dimissioni-volontarie/Pagine/default.aspx
Ministero del Lavoro e delle Politiche Sociali,Economico,Registrare la fine di un contratto di un dipendente presso l'autorità competente,Chiarire se è previsto un pagamento per accedere al servizio,Servizio Transfrontaliero,https://www.lavoro.gov.it/strumenti-e-servizi/Dimissioni-volontarie/Pagine/default.aspx
Ministero del Lavoro e delle Politiche Sociali,Economico,Registrare la fine di un contratto di un dipendente presso l'autorità competente,Fornire una conferma automatica di ricezione della richiesta,Servizio Transfrontaliero,https://www.lavoro.gov.it/strumenti-e-servizi/Dimissioni-volontarie/Pagine/default.aspx
Ministero del Lavoro e delle Politiche Sociali,Economico,Registrare la fine di un contratto di un dipendente presso l'autorità competente,Indicare se il servizio è potenzialmente idoneo all'implementazione del principio Once-Only (OOTS),Servizio Transfrontaliero,https://www.lavoro.gov.it/strumenti-e-servizi/Dimissioni-volontarie/Pagine/default.aspx
Unioncamere,Economico,Registrare il nuovo indirizzo presso l'autorità competente,Rendere le informazioni disponibili anche per gli utenti stranieri,Servizio Transfrontaliero,http://www.registroimprese.it/
Unioncamere,Economico,Registrare il nuovo indirizzo presso l'autorità competente,Consentire agli utenti stranieri di accedere al servizio online,Servizio Transfrontaliero,http://www.registroimprese.it/
Unioncamere,Economico,Registrare il nuovo indirizzo presso l'autorità competente,Rimuovere la barriera della necessità di identificazione/autenticazione online nazionale,Servizio Transfrontaliero,http://www.registroimprese.it/
Unioncamere,Economico,Registrare il nuovo indirizzo presso l'autorità competente,Consentire la presentazione dei documenti elettronici richiesti dai cittadini stranieri,Servizio Transfrontaliero,http://www.registroimprese.it/
Unioncamere,Economico,Registrare il nuovo indirizzo presso l'autorità competente,Eliminare la necessità di traduzione o riconoscimento dei documenti richiesti,Servizio Transfrontaliero,http://www.registroimprese.it/
Unioncamere,Economico,Registrare il nuovo indirizzo presso l'autorità competente,Fornire traduzioni chiare o un'interfaccia multilingue per superare le barriere linguistiche,Servizio Transfrontaliero,http://www.registroimprese.it/
Unioncamere,Economico,Registrare il nuovo indirizzo presso l'autorità competente,Migliorare la qualità delle traduzioni fornite sul sito web,Servizio Transfrontaliero,http://www.registroimprese.it/
Unioncamere,Economico,Registrare il nuovo indirizzo presso l'autorità competente,Fornire informazioni complete e facilmente accessibili anche per utenti internazionali,Servizio Transfrontaliero,http://www.registroimprese.it/
Unioncamere,Economico,Registrare il nuovo indirizzo presso l'autorità competente,Eliminare la necessità di incontri fisici per completare il servizio,Servizio Transfrontaliero,http://www.registroimprese.it/
Unioncamere,Economico,Registrare il nuovo indirizzo presso l'autorità competente,Chiarire se è previsto un pagamento per accedere al servizio,Servizio Transfrontaliero,http://www.registroimprese.it/
Unioncamere,Economico,Registrare il nuovo indirizzo presso l'autorità competente,Indicare se il servizio rientra nel campo di applicazione della SDGR,Servizio Transfrontaliero,http://www.registroimprese.it/
Unioncamere,Economico,Registrare il nuovo indirizzo presso l'autorità competente,Indicare se il servizio è potenzialmente idoneo all'implementazione del principio Once-Only (OOTS),Servizio Transfrontaliero,http://www.registroimprese.it/
Unioncamere,Economico,"Comunicare la cessazione dell’attività d’impresa, escludendo procedure di insolvenza o liquidazione",Consentire agli utenti stranieri di accedere al servizio online,Servizio Transfrontaliero,https://www.registroimprese.it/area-utente
Unioncamere,Economico,"Comunicare la cessazione dell’attività d’impresa, escludendo procedure di insolvenza o liquidazione",Rimuovere la barriera della necessità di identificazione/autenticazione online nazionale,Servizio Transfrontaliero,https://www.registroimprese.it/area-utente
Unioncamere,Economico,"Comunicare la cessazione dell’attività d’impresa, escludendo procedure di insolvenza o liquidazione",Consentire la presentazione dei documenti elettronici richiesti dai cittadini stranieri,Servizio Transfrontaliero,https://www.registroimprese.it/area-utente
Unioncamere,Economico,"Comunicare la cessazione dell’attività d’impresa, escludendo procedure di insolvenza o liquidazione",Eliminare la necessità di traduzione o riconoscimento dei documenti richiesti,Servizio Transfrontaliero,https://www.registroimprese.it/area-utente
Unioncamere,Economico,"Comunicare la cessazione dell’attività d’impresa, escludendo procedure di insolvenza o liquidazione",Fornire traduzioni chiare o un'interfaccia multilingue per superare le barriere linguistiche,Servizio Transfrontaliero,https://www.registroimprese.it/area-utente
Unioncamere,Economico,"Comunicare la cessazione dell’attività d’impresa, escludendo procedure di insolvenza o liquidazione",Migliorare la qualità delle traduzioni fornite sul sito web,Servizio Transfrontaliero,https://www.registroimprese.it/area-utente
Unioncamere,Economico,"Comunicare la cessazione dell’attività d’impresa, escludendo procedure di insolvenza o liquidazione",Fornire informazioni complete e facilmente accessibili anche per utenti internazionali,Servizio Transfrontaliero,https://www.registroimprese.it/area-utente
Unioncamere,Economico,"Comunicare la cessazione dell’attività d’impresa, escludendo procedure di insolvenza o liquidazione",Eliminare la necessità di incontri fisici per completare il servizio,Servizio Transfrontaliero,https://www.registroimprese.it/area-utente
Unioncamere,Economico,"Comunicare la cessazione dell’attività d’impresa, escludendo procedure di insolvenza o liquidazione",Permettere l'autenticazione tramite eID nazionale anche per utenti transfrontalieri,Servizio Transfrontaliero,https://www.registroimprese.it/area-utente
Unioncamere,Economico,"Comunicare la cessazione dell’attività d’impresa, escludendo procedure di insolvenza o liquidazione",Specificare se sono richiesti documenti per utenti transfrontalieri,Servizio Transfrontaliero,https://www.registroimprese.it/area-utente
Unioncamere,Economico,"Comunicare la cessazione dell’attività d’impresa, escludendo procedure di insolvenza o liquidazione",Chiarire se è previsto un pagamento per accedere al servizio,Servizio Transfrontaliero,https://www.registroimprese.it/area-utente
Unioncamere,Economico,"Comunicare la cessazione dell’attività d’impresa, escludendo procedure di insolvenza o liquidazione",Indicare se il servizio è potenzialmente idoneo all'implementazione del principio Once-Only (OOTS),Servizio Transfrontaliero,https://www.registroimprese.it/area-utente
Regione Lombardia,Salute,Ottenere consulenza e informazioni su dove è possibile ottenere assistenza sanitaria,Consentire agli utenti stranieri di accedere al servizio online,Servizio Transfrontaliero,https://www.en.regione.lombardia.it/wps/portal/site/en-regione-lombardia/health/lombardy-healthcare-system
Regione Lombardia,Salute,Ottenere consulenza e informazioni su dove è possibile ottenere assistenza sanitaria,Rimuovere la barriera della necessità di identificazione/autenticazione online nazionale,Servizio Transfrontaliero,https://www.en.regione.lombardia.it/wps/portal/site/en-regione-lombardia/health/lombardy-healthcare-system
Regione Lombardia,Salute,Ottenere consulenza e informazioni su dove è possibile ottenere assistenza sanitaria,Consentire la presentazione dei documenti elettronici richiesti dai cittadini stranieri,Servizio Transfrontaliero,https://www.en.regione.lombardia.it/wps/portal/site/en-regione-lombardia/health/lombardy-healthcare-system
Regione Lombardia,Salute,Ottenere consulenza e informazioni su dove è possibile ottenere assistenza sanitaria,Eliminare la necessità di traduzione o riconoscimento dei documenti richiesti,Servizio Transfrontaliero,https://www.en.regione.lombardia.it/wps/portal/site/en-regione-lombardia/health/lombardy-healthcare-system
Regione Lombardia,Salute,Ottenere consulenza e informazioni su dove è possibile ottenere assistenza sanitaria,Fornire traduzioni chiare o un'interfaccia multilingue per superare le barriere linguistiche,Servizio Transfrontaliero,https://www.en.regione.lombardia.it/wps/portal/site/en-regione-lombardia/health/lombardy-healthcare-system
Regione Lombardia,Salute,Ottenere consulenza e informazioni su dove è possibile ottenere assistenza sanitaria,Migliorare la qualità delle traduzioni fornite sul sito web,Servizio Transfrontaliero,https://www.en.regione.lombardia.it/wps/portal/site/en-regione-lombardia/health/lombardy-healthcare-system
Regione Lombardia,Salute,Ottenere consulenza e informazioni su dove è possibile ottenere assistenza sanitaria,Fornire informazioni complete e facilmente accessibili anche per utenti internazionali,Servizio Transfrontaliero,https://www.en.regione.lombardia.it/wps/portal/site/en-regione-lombardia/health/lombardy-healthcare-system
Regione Lombardia,Salute,Ottenere consulenza e informazioni su dove è possibile ottenere assistenza sanitaria,Eliminare la necessità di incontri fisici per completare il servizio,Servizio Transfrontaliero,https://www.en.regione.lombardia.it/wps/portal/site/en-regione-lombardia/health/lombardy-healthcare-system
Regione Lombardia,Salute,Ottenere consulenza e informazioni su dove è possibile ottenere assistenza sanitaria,Indicare se il servizio rientra nel campo di applicazione della SDGR,Servizio Transfrontaliero,https://www.en.regione.lombardia.it/wps/portal/site/en-regione-lombardia/health/lombardy-healthcare-system
Regione Lombardia,Salute,Ottenere consulenza e informazioni su dove è possibile ottenere assistenza sanitaria,Indicare se il servizio è potenzialmente idoneo all'implementazione del principio Once-Only (OOTS),Servizio Transfrontaliero,https://www.en.regione.lombardia.it/wps/portal/site/en-regione-lombardia/health/lombardy-healthcare-system
Regione Lazio,Salute,Ottenere consulenza e informazioni su dove è possibile ottenere assistenza sanitaria,Rendere le informazioni disponibili anche per gli utenti stranieri,Servizio Transfrontaliero,https://www.salutelazio.it/
Regione Lazio,Salute,Ottenere consulenza e informazioni su dove è possibile ottenere assistenza sanitaria,Consentire agli utenti stranieri di accedere al servizio online,Servizio Transfrontaliero,https://www.salutelazio.it/
Regione Lazio,Salute,Ottenere consulenza e informazioni su dove è possibile ottenere assistenza sanitaria,Rimuovere la barriera della necessità di identificazione/autenticazione online nazionale,Servizio Transfrontaliero,https://www.salutelazio.it/
Regione Lazio,Salute,Ottenere consulenza e informazioni su dove è possibile ottenere assistenza sanitaria,Consentire la presentazione dei documenti elettronici richiesti dai cittadini stranieri,Servizio Transfrontaliero,https://www.salutelazio.it/
Regione Lazio,Salute,Ottenere consulenza e informazioni su dove è possibile ottenere assistenza sanitaria,Eliminare la necessità di traduzione o riconoscimento dei documenti richiesti,Servizio Transfrontaliero,https://www.salutelazio.it/
Regione Lazio,Salute,Ottenere consulenza e informazioni su dove è possibile ottenere assistenza sanitaria,Fornire traduzioni chiare o un'interfaccia multilingue per superare le barriere linguistiche,Servizio Transfrontaliero,https://www.salutelazio.it/
Regione Lazio,Salute,Ottenere consulenza e informazioni su dove è possibile ottenere assistenza sanitaria,Migliorare la qualità delle traduzioni fornite sul sito web,Servizio Transfrontaliero,https://www.salutelazio.it/
Regione Lazio,Salute,Ottenere consulenza e informazioni su dove è possibile ottenere assistenza sanitaria,Fornire informazioni complete e facilmente accessibili anche per utenti internazionali,Servizio Transfrontaliero,https://www.salutelazio.it/
Regione Lazio,Salute,Ottenere consulenza e informazioni su dove è possibile ottenere assistenza sanitaria,Eliminare la necessità di incontri fisici per completare il servizio,Servizio Transfrontaliero,https://www.salutelazio.it/
Regione Lazio,Salute,Ottenere consulenza e informazioni su dove è possibile ottenere assistenza sanitaria,Indicare se il servizio rientra nel campo di applicazione della SDGR,Servizio Transfrontaliero,https://www.salutelazio.it/
Regione Lazio,Salute,Ottenere consulenza e informazioni su dove è possibile ottenere assistenza sanitaria,Indicare se il servizio è potenzialmente idoneo all'implementazione del principio Once-Only (OOTS),Servizio Transfrontaliero,https://www.salutelazio.it/
Regione Veneto,Salute,Ottenere consulenza e informazioni su dove è possibile ottenere assistenza sanitaria,Rendere le informazioni disponibili anche per gli utenti stranieri,Servizio Transfrontaliero,https://salute.regione.veneto.it/
Regione Veneto,Salute,Ottenere consulenza e informazioni su dove è possibile ottenere assistenza sanitaria,Consentire agli utenti stranieri di accedere al servizio online,Servizio Transfrontaliero,https://salute.regione.veneto.it/
Regione Veneto,Salute,Ottenere consulenza e informazioni su dove è possibile ottenere assistenza sanitaria,Rimuovere la barriera della necessità di identificazione/autenticazione online nazionale,Servizio Transfrontaliero,https://salute.regione.veneto.it/
Regione Veneto,Salute,Ottenere consulenza e informazioni su dove è possibile ottenere assistenza sanitaria,Consentire la presentazione dei documenti elettronici richiesti dai cittadini stranieri,Servizio Transfrontaliero,https://salute.regione.veneto.it/
Regione Veneto,Salute,Ottenere consulenza e informazioni su dove è possibile ottenere assistenza sanitaria,Eliminare la necessità di traduzione o riconoscimento dei documenti richiesti,Servizio Transfrontaliero,https://salute.regione.veneto.it/
Regione Veneto,Salute,Ottenere consulenza e informazioni su dove è possibile ottenere assistenza sanitaria,Fornire traduzioni chiare o un'interfaccia multilingue per superare le barriere linguistiche,Servizio Transfrontaliero,https://salute.regione.veneto.it/
Regione Veneto,Salute,Ottenere consulenza e informazioni su dove è possibile ottenere assistenza sanitaria,Migliorare la qualità delle traduzioni fornite sul sito web,Servizio Transfrontaliero,https://salute.regione.veneto.it/
Regione Veneto,Salute,Ottenere consulenza e informazioni su dove è possibile ottenere assistenza sanitaria,Fornire informazioni complete e facilmente accessibili anche per utenti internazionali,Servizio Transfrontaliero,https://salute.regione.veneto.it/
Regione Veneto,Salute,Ottenere consulenza e informazioni su dove è possibile ottenere assistenza sanitaria,Eliminare la necessità di incontri fisici per completare il servizio,Servizio Transfrontaliero,https://salute.regione.veneto.it/
Regione Veneto,Salute,Ottenere consulenza e informazioni su dove è possibile ottenere assistenza sanitaria,Indicare se il servizio rientra nel campo di applicazione della SDGR,Servizio Transfrontaliero,https://salute.regione.veneto.it/
Regione Veneto,Salute,Ottenere consulenza e informazioni su dove è possibile ottenere assistenza sanitaria,Indicare se il servizio è potenzialmente idoneo all'implementazione del principio Once-Only (OOTS),Servizio Transfrontaliero,https://salute.regione.veneto.it/
Regione Sicilia,Salute,Ottenere consulenza e informazioni su dove è possibile ottenere assistenza sanitaria,Rendere le informazioni disponibili anche per gli utenti stranieri,Servizio Transfrontaliero,https://www.costruiresalute.it/
Regione Sicilia,Salute,Ottenere consulenza e informazioni su dove è possibile ottenere assistenza sanitaria,Consentire agli utenti stranieri di accedere al servizio online,Servizio Transfrontaliero,https://www.costruiresalute.it/
Regione Sicilia,Salute,Ottenere consulenza e informazioni su dove è possibile ottenere assistenza sanitaria,Rimuovere la barriera della necessità di identificazione/autenticazione online nazionale,Servizio Transfrontaliero,https://www.costruiresalute.it/
Regione Sicilia,Salute,Ottenere consulenza e informazioni su dove è possibile ottenere assistenza sanitaria,Consentire la presentazione dei documenti elettronici richiesti dai cittadini stranieri,Servizio Transfrontaliero,https://www.costruiresalute.it/
Regione Sicilia,Salute,Ottenere consulenza e informazioni su dove è possibile ottenere assistenza sanitaria,Eliminare la necessità di traduzione o riconoscimento dei documenti richiesti,Servizio Transfrontaliero,https://www.costruiresalute.it/
Regione Sicilia,Salute,Ottenere consulenza e informazioni su dove è possibile ottenere assistenza sanitaria,Fornire traduzioni chiare o un'interfaccia multilingue per superare le barriere linguistiche,Servizio Transfrontaliero,https://www.costruiresalute.it/
Regione Sicilia,Salute,Ottenere consulenza e informazioni su dove è possibile ottenere assistenza sanitaria,Migliorare la qualità delle traduzioni fornite sul sito web,Servizio Transfrontaliero,https://www.costruiresalute.it/
Regione Sicilia,Salute,Ottenere consulenza e informazioni su dove è possibile ottenere assistenza sanitaria,Fornire informazioni complete e facilmente accessibili anche per utenti internazionali,Servizio Transfrontaliero,https://www.costruiresalute.it/
Regione Sicilia,Salute,Ottenere consulenza e informazioni su dove è possibile ottenere assistenza sanitaria,Eliminare la necessità di incontri fisici per completare il servizio,Servizio Transfrontaliero,https://www.costruiresalute.it/
Regione Sicilia,Salute,Ottenere consulenza e informazioni su dove è possibile ottenere assistenza sanitaria,Indicare se il servizio rientra nel campo di applicazione della SDGR,Servizio Transfrontaliero,https://www.costruiresalute.it/
Regione Sicilia,Salute,Ottenere consulenza e informazioni su dove è possibile ottenere assistenza sanitaria,Indicare se il servizio è potenzialmente idoneo all'implementazione del principio Once-Only (OOTS),Servizio Transfrontaliero,https://www.costruiresalute.it/
Regione Emilia-Romagna,Salute,Ottenere consulenza e informazioni su dove è possibile ottenere assistenza sanitaria,Rendere le informazioni disponibili anche per gli utenti stranieri,Servizio Transfrontaliero,https://salute.regione.emilia-romagna.it/
Regione Emilia-Romagna,Salute,Ottenere consulenza e informazioni su dove è possibile ottenere assistenza sanitaria,Consentire agli utenti stranieri di accedere al servizio online,Servizio Transfrontaliero,https://salute.regione.emilia-romagna.it/
Regione Emilia-Romagna,Salute,Ottenere consulenza e informazioni su dove è possibile ottenere assistenza sanitaria,Rimuovere la barriera della necessità di identificazione/autenticazione online nazionale,Servizio Transfrontaliero,https://salute.regione.emilia-romagna.it/
Regione Emilia-Romagna,Salute,Ottenere consulenza e informazioni su dove è possibile ottenere assistenza sanitaria,Consentire la presentazione dei documenti elettronici richiesti dai cittadini stranieri,Servizio Transfrontaliero,https://salute.regione.emilia-romagna.it/
Regione Emilia-Romagna,Salute,Ottenere consulenza e informazioni su dove è possibile ottenere assistenza sanitaria,Eliminare la necessità di traduzione o riconoscimento dei documenti richiesti,Servizio Transfrontaliero,https://salute.regione.emilia-romagna.it/
Regione Emilia-Romagna,Salute,Ottenere consulenza e informazioni su dove è possibile ottenere assistenza sanitaria,Fornire traduzioni chiare o un'interfaccia multilingue per superare le barriere linguistiche,Servizio Transfrontaliero,https://salute.regione.emilia-romagna.it/
Regione Emilia-Romagna,Salute,Ottenere consulenza e informazioni su dove è possibile ottenere assistenza sanitaria,Migliorare la qualità delle traduzioni fornite sul sito web,Servizio Transfrontaliero,https://salute.regione.emilia-romagna.it/
Regione Emilia-Romagna,Salute,Ottenere consulenza e informazioni su dove è possibile ottenere assistenza sanitaria,Fornire informazioni complete e facilmente accessibili anche per utenti internazionali,Servizio Transfrontaliero,https://salute.regione.emilia-romagna.it/
Regione Emilia-Romagna,Salute,Ottenere consulenza e informazioni su dove è possibile ottenere assistenza sanitaria,Eliminare la necessità di incontri fisici per completare il servizio,Servizio Transfrontaliero,https://salute.regione.emilia-romagna.it/
Regione Emilia-Romagna,Salute,Ottenere consulenza e informazioni su dove è possibile ottenere assistenza sanitaria,Indicare se il servizio rientra nel campo di applicazione della SDGR,Servizio Transfrontaliero,https://salute.regione.emilia-romagna.it/
Regione Emilia-Romagna,Salute,Ottenere consulenza e informazioni su dove è possibile ottenere assistenza sanitaria,Indicare se il servizio è potenzialmente idoneo all'implementazione del principio Once-Only (OOTS),Servizio Transfrontaliero,https://salute.regione.emilia-romagna.it/
Ministero della Salute,Salute,"Monitorare online le informazioni sulla registrazione del medico, la specialità e le licenze necessarie ecc.",Rendere le informazioni disponibili anche per gli utenti stranieri,Servizio Transfrontaliero,https://www.salute.gov.it/MediciCompetentiPortaleWeb/ricercaMedici.jsp
Ministero della Salute,Salute,"Monitorare online le informazioni sulla registrazione del medico, la specialità e le licenze necessarie ecc.",Consentire agli utenti stranieri di accedere al servizio online,Servizio Transfrontaliero,https://www.salute.gov.it/MediciCompetentiPortaleWeb/ricercaMedici.jsp
Ministero della Salute,Salute,"Monitorare online le informazioni sulla registrazione del medico, la specialità e le licenze necessarie ecc.",Rimuovere la barriera della necessità di identificazione/autenticazione online nazionale,Servizio Transfrontaliero,https://www.salute.gov.it/MediciCompetentiPortaleWeb/ricercaMedici.jsp
Ministero della Salute,Salute,"Monitorare online le informazioni sulla registrazione del medico, la specialità e le licenze necessarie ecc.",Consentire la presentazione dei documenti elettronici richiesti dai cittadini stranieri,Servizio Transfrontaliero,https://www.salute.gov.it/MediciCompetentiPortaleWeb/ricercaMedici.jsp
Ministero della Salute,Salute,"Monitorare online le informazioni sulla registrazione del medico, la specialità e le licenze necessarie ecc.",Eliminare la necessità di traduzione o riconoscimento dei documenti richiesti,Servizio Transfrontaliero,https://www.salute.gov.it/MediciCompetentiPortaleWeb/ricercaMedici.jsp
Ministero della Salute,Salute,"Monitorare online le informazioni sulla registrazione del medico, la specialità e le licenze necessarie ecc.",Fornire traduzioni chiare o un'interfaccia multilingue per superare le barriere linguistiche,Servizio Transfrontaliero,https://www.salute.gov.it/MediciCompetentiPortaleWeb/ricercaMedici.jsp
Ministero della Salute,Salute,"Monitorare online le informazioni sulla registrazione del medico, la specialità e le licenze necessarie ecc.",Migliorare la qualità delle traduzioni fornite sul sito web,Servizio Transfrontaliero,https://www.salute.gov.it/MediciCompetentiPortaleWeb/ricercaMedici.jsp
Ministero della Salute,Salute,"Monitorare online le informazioni sulla registrazione del medico, la specialità e le licenze necessarie ecc.",Fornire informazioni complete e facilmente accessibili anche per utenti internazionali,Servizio Transfrontaliero,https://www.salute.gov.it/MediciCompetentiPortaleWeb/ricercaMedici.jsp
Ministero della Salute,Salute,"Monitorare online le informazioni sulla registrazione del medico, la specialità e le licenze necessarie ecc.",Eliminare la necessità di incontri fisici per completare il servizio,Servizio Transfrontaliero,https://www.salute.gov.it/MediciCompetentiPortaleWeb/ricercaMedici.jsp
Ministero della Salute,Salute,"Monitorare online le informazioni sulla registrazione del medico, la specialità e le licenze necessarie ecc.",Indicare se il servizio rientra nel campo di applicazione della SDGR,Servizio Transfrontaliero,https://www.salute.gov.it/MediciCompetentiPortaleWeb/ricercaMedici.jsp
Ministero della Salute,Salute,"Monitorare online le informazioni sulla registrazione del medico, la specialità e le licenze necessarie ecc.",Indicare se il servizio è potenzialmente idoneo all'implementazione del principio Once-Only (OOTS),Servizio Transfrontaliero,https://www.salute.gov.it/MediciCompetentiPortaleWeb/ricercaMedici.jsp
Ministero dell'Economia e delle Finanze,Salute,Ottenere una tessera europea di assicurazione malattia,Consentire agli utenti stranieri di accedere al servizio online,Servizio Transfrontaliero,https://sistemats1.sanita.finanze.it/portale/tessera-sanitaria
Ministero dell'Economia e delle Finanze,Salute,Ottenere una tessera europea di assicurazione malattia,Rimuovere la barriera della necessità di identificazione/autenticazione online nazionale,Servizio Transfrontaliero,https://sistemats1.sanita.finanze.it/portale/tessera-sanitaria
Ministero dell'Economia e delle Finanze,Salute,Ottenere una tessera europea di assicurazione malattia,Consentire la presentazione dei documenti elettronici richiesti dai cittadini stranieri,Servizio Transfrontaliero,https://sistemats1.sanita.finanze.it/portale/tessera-sanitaria
Ministero dell'Economia e delle Finanze,Salute,Ottenere una tessera europea di assicurazione malattia,Eliminare la necessità di traduzione o riconoscimento dei documenti richiesti,Servizio Transfrontaliero,https://sistemats1.sanita.finanze.it/portale/tessera-sanitaria
Ministero dell'Economia e delle Finanze,Salute,Ottenere una tessera europea di assicurazione malattia,Fornire traduzioni chiare o un'interfaccia multilingue per superare le barriere linguistiche,Servizio Transfrontaliero,https://sistemats1.sanita.finanze.it/portale/tessera-sanitaria
Ministero dell'Economia e delle Finanze,Salute,Ottenere una tessera europea di assicurazione malattia,Migliorare la qualità delle traduzioni fornite sul sito web,Servizio Transfrontaliero,https://sistemats1.sanita.finanze.it/portale/tessera-sanitaria
Ministero dell'Economia e delle Finanze,Salute,Ottenere una tessera europea di assicurazione malattia,Fornire informazioni complete e facilmente accessibili anche per utenti internazionali,Servizio Transfrontaliero,https://sistemats1.sanita.finanze.it/portale/tessera-sanitaria
Ministero dell'Economia e delle Finanze,Salute,Ottenere una tessera europea di assicurazione malattia,Eliminare la necessità di incontri fisici per completare il servizio,Servizio Transfrontaliero,https://sistemats1.sanita.finanze.it/portale/tessera-sanitaria
Ministero dell'Economia e delle Finanze,Salute,Ottenere una tessera europea di assicurazione malattia,Specificare se sono richiesti documenti per utenti transfrontalieri,Servizio Transfrontaliero,https://sistemats1.sanita.finanze.it/portale/tessera-sanitaria
Ministero dell'Economia e delle Finanze,Salute,Ottenere una tessera europea di assicurazione malattia,Chiarire se è previsto un pagamento per accedere al servizio,Servizio Transfrontaliero,https://sistemats1.sanita.finanze.it/portale/tessera-sanitaria
Ministero dell'Economia e delle Finanze,Salute,Ottenere una tessera europea di assicurazione malattia,Indicare se il servizio è potenzialmente idoneo all'implementazione del principio Once-Only (OOTS),Servizio Transfrontaliero,https://sistemats1.sanita.finanze.it/portale/tessera-sanitaria
Ministero della Salute,Salute,Ottenere una tessera europea di assicurazione malattia,Consentire agli utenti stranieri di accedere al servizio online,Servizio Transfrontaliero,https://www.salute.gov.it/portale/cureUE/dettaglioContenutiCureUE.jsp?id=5272&area=cureUnioneEuropea&menu=vuoto
Ministero della Salute,Salute,Ottenere una tessera europea di assicurazione malattia,Rimuovere la barriera della necessità di identificazione/autenticazione online nazionale,Servizio Transfrontaliero,https://www.salute.gov.it/portale/cureUE/dettaglioContenutiCureUE.jsp?id=5272&area=cureUnioneEuropea&menu=vuoto
Ministero della Salute,Salute,Ottenere una tessera europea di assicurazione malattia,Consentire la presentazione dei documenti elettronici richiesti dai cittadini stranieri,Servizio Transfrontaliero,https://www.salute.gov.it/portale/cureUE/dettaglioContenutiCureUE.jsp?id=5272&area=cureUnioneEuropea&menu=vuoto
Ministero della Salute,Salute,Ottenere una tessera europea di assicurazione malattia,Eliminare la necessità di traduzione o riconoscimento dei documenti richiesti,Servizio Transfrontaliero,https://www.salute.gov.it/portale/cureUE/dettaglioContenutiCureUE.jsp?id=5272&area=cureUnioneEuropea&menu=vuoto
Ministero della Salute,Salute,Ottenere una tessera europea di assicurazione malattia,Fornire traduzioni chiare o un'interfaccia multilingue per superare le barriere linguistiche,Servizio Transfrontaliero,https://www.salute.gov.it/portale/cureUE/dettaglioContenutiCureUE.jsp?id=5272&area=cureUnioneEuropea&menu=vuoto
Ministero della Salute,Salute,Ottenere una tessera europea di assicurazione malattia,Migliorare la qualità delle traduzioni fornite sul sito web,Servizio Transfrontaliero,https://www.salute.gov.it/portale/cureUE/dettaglioContenutiCureUE.jsp?id=5272&area=cureUnioneEuropea&menu=vuoto
Ministero della Salute,Salute,Ottenere una tessera europea di assicurazione malattia,Fornire informazioni complete e facilmente accessibili anche per utenti internazionali,Servizio Transfrontaliero,https://www.salute.gov.it/portale/cureUE/dettaglioContenutiCureUE.jsp?id=5272&area=cureUnioneEuropea&menu=vuoto
Ministero della Salute,Salute,Ottenere una tessera europea di assicurazione malattia,Eliminare la necessità di incontri fisici per completare il servizio,Servizio Transfrontaliero,https://www.salute.gov.it/portale/cureUE/dettaglioContenutiCureUE.jsp?id=5272&area=cureUnioneEuropea&menu=vuoto
Ministero della Salute,Salute,Ottenere una tessera europea di assicurazione malattia,Chiarire se è necessaria un'autenticazione per accedere al servizio,Servizio Transfrontaliero,https://www.salute.gov.it/portale/cureUE/dettaglioContenutiCureUE.jsp?id=5272&area=cureUnioneEuropea&menu=vuoto
Ministero della Salute,Salute,Ottenere una tessera europea di assicurazione malattia,Permettere l'autenticazione tramite eID nazionale anche per utenti transfrontalieri,Servizio Transfrontaliero,https://www.salute.gov.it/portale/cureUE/dettaglioContenutiCureUE.jsp?id=5272&area=cureUnioneEuropea&menu=vuoto
Ministero della Salute,Salute,Ottenere una tessera europea di assicurazione malattia,Specificare se sono richiesti documenti per utenti transfrontalieri,Servizio Transfrontaliero,https://www.salute.gov.it/portale/cureUE/dettaglioContenutiCureUE.jsp?id=5272&area=cureUnioneEuropea&menu=vuoto
Ministero della Salute,Salute,Ottenere una tessera europea di assicurazione malattia,Chiarire se è previsto un pagamento per accedere al servizio,Servizio Transfrontaliero,https://www.salute.gov.it/portale/cureUE/dettaglioContenutiCureUE.jsp?id=5272&area=cureUnioneEuropea&menu=vuoto
Ministero della Salute,Salute,Ottenere una tessera europea di assicurazione malattia,Fornire una conferma automatica di ricezione della richiesta,Servizio Transfrontaliero,https://www.salute.gov.it/portale/cureUE/dettaglioContenutiCureUE.jsp?id=5272&area=cureUnioneEuropea&menu=vuoto
Ministero della Salute,Salute,Ottenere una tessera europea di assicurazione malattia,Indicare se il servizio è potenzialmente idoneo all'implementazione del principio Once-Only (OOTS),Servizio Transfrontaliero,https://www.salute.gov.it/portale/cureUE/dettaglioContenutiCureUE.jsp?id=5272&area=cureUnioneEuropea&menu=vuoto
Regione Lombardia,Salute,Registrarsi e (ri)programmare un appuntamento in ospedale,Consentire agli utenti stranieri di accedere al servizio online,Servizio Transfrontaliero,https://www.prenotasalute.regione.lombardia.it/sito/
Regione Lombardia,Salute,Registrarsi e (ri)programmare un appuntamento in ospedale,Rimuovere la barriera della necessità di identificazione/autenticazione online nazionale,Servizio Transfrontaliero,https://www.prenotasalute.regione.lombardia.it/sito/
Regione Lombardia,Salute,Registrarsi e (ri)programmare un appuntamento in ospedale,Consentire la presentazione dei documenti elettronici richiesti dai cittadini stranieri,Servizio Transfrontaliero,https://www.prenotasalute.regione.lombardia.it/sito/
Regione Lombardia,Salute,Registrarsi e (ri)programmare un appuntamento in ospedale,Eliminare la necessità di traduzione o riconoscimento dei documenti richiesti,Servizio Transfrontaliero,https://www.prenotasalute.regione.lombardia.it/sito/
Regione Lombardia,Salute,Registrarsi e (ri)programmare un appuntamento in ospedale,Fornire traduzioni chiare o un'interfaccia multilingue per superare le barriere linguistiche,Servizio Transfrontaliero,https://www.prenotasalute.regione.lombardia.it/sito/
Regione Lombardia,Salute,Registrarsi e (ri)programmare un appuntamento in ospedale,Migliorare la qualità delle traduzioni fornite sul sito web,Servizio Transfrontaliero,https://www.prenotasalute.regione.lombardia.it/sito/
Regione Lombardia,Salute,Registrarsi e (ri)programmare un appuntamento in ospedale,Fornire informazioni complete e facilmente accessibili anche per utenti internazionali,Servizio Transfrontaliero,https://www.prenotasalute.regione.lombardia.it/sito/
Regione Lombardia,Salute,Registrarsi e (ri)programmare un appuntamento in ospedale,Eliminare la necessità di incontri fisici per completare il servizio,Servizio Transfrontaliero,https://www.prenotasalute.regione.lombardia.it/sito/
Regione Lombardia,Salute,Registrarsi e (ri)programmare un appuntamento in ospedale,Chiarire se è necessaria un'autenticazione per accedere al servizio,Servizio Transfrontaliero,https://www.prenotasalute.regione.lombardia.it/sito/
Regione Lombardia,Salute,Registrarsi e (ri)programmare un appuntamento in ospedale,Permettere l'autenticazione tramite eID nazionale anche per utenti transfrontalieri,Servizio Transfrontaliero,https://www.prenotasalute.regione.lombardia.it/sito/
Regione Lombardia,Salute,Registrarsi e (ri)programmare un appuntamento in ospedale,Chiarire se è previsto un pagamento per accedere al servizio,Servizio Transfrontaliero,https://www.prenotasalute.regione.lombardia.it/sito/
Regione Lombardia,Salute,Registrarsi e (ri)programmare un appuntamento in ospedale,Indicare se il servizio rientra nel campo di applicazione della SDGR,Servizio Transfrontaliero,https://www.prenotasalute.regione.lombardia.it/sito/
Regione Lombardia,Salute,Registrarsi e (ri)programmare un appuntamento in ospedale,Indicare se il servizio è potenzialmente idoneo all'implementazione del principio Once-Only (OOTS),Servizio Transfrontaliero,https://www.prenotasalute.regione.lombardia.it/sito/
Regione Lazio,Salute,Registrarsi e (ri)programmare un appuntamento in ospedale,Rendere le informazioni disponibili anche per gli utenti stranieri,Servizio Transfrontaliero,https://www.salutelazio.it/prenotazione-visita-specialistica
Regione Lazio,Salute,Registrarsi e (ri)programmare un appuntamento in ospedale,Consentire agli utenti stranieri di accedere al servizio online,Servizio Transfrontaliero,https://www.salutelazio.it/prenotazione-visita-specialistica
Regione Lazio,Salute,Registrarsi e (ri)programmare un appuntamento in ospedale,Rimuovere la barriera della necessità di identificazione/autenticazione online nazionale,Servizio Transfrontaliero,https://www.salutelazio.it/prenotazione-visita-specialistica
Regione Lazio,Salute,Registrarsi e (ri)programmare un appuntamento in ospedale,Consentire la presentazione dei documenti elettronici richiesti dai cittadini stranieri,Servizio Transfrontaliero,https://www.salutelazio.it/prenotazione-visita-specialistica
Regione Lazio,Salute,Registrarsi e (ri)programmare un appuntamento in ospedale,Eliminare la necessità di traduzione o riconoscimento dei documenti richiesti,Servizio Transfrontaliero,https://www.salutelazio.it/prenotazione-visita-specialistica
Regione Lazio,Salute,Registrarsi e (ri)programmare un appuntamento in ospedale,Fornire traduzioni chiare o un'interfaccia multilingue per superare le barriere linguistiche,Servizio Transfrontaliero,https://www.salutelazio.it/prenotazione-visita-specialistica
Regione Lazio,Salute,Registrarsi e (ri)programmare un appuntamento in ospedale,Migliorare la qualità delle traduzioni fornite sul sito web,Servizio Transfrontaliero,https://www.salutelazio.it/prenotazione-visita-specialistica
Regione Lazio,Salute,Registrarsi e (ri)programmare un appuntamento in ospedale,Fornire informazioni complete e facilmente accessibili anche per utenti internazionali,Servizio Transfrontaliero,https://www.salutelazio.it/prenotazione-visita-specialistica
Regione Lazio,Salute,Registrarsi e (ri)programmare un appuntamento in ospedale,Eliminare la necessità di incontri fisici per completare il servizio,Servizio Transfrontaliero,https://www.salutelazio.it/prenotazione-visita-specialistica
Regione Lazio,Salute,Registrarsi e (ri)programmare un appuntamento in ospedale,Chiarire se è necessaria un'autenticazione per accedere al servizio,Servizio Transfrontaliero,https://www.salutelazio.it/prenotazione-visita-specialistica
Regione Lazio,Salute,Registrarsi e (ri)programmare un appuntamento in ospedale,Permettere l'autenticazione tramite eID nazionale anche per utenti transfrontalieri,Servizio Transfrontaliero,https://www.salutelazio.it/prenotazione-visita-specialistica
Regione Lazio,Salute,Registrarsi e (ri)programmare un appuntamento in ospedale,Chiarire se è previsto un pagamento per accedere al servizio,Servizio Transfrontaliero,https://www.salutelazio.it/prenotazione-visita-specialistica
Regione Lazio,Salute,Registrarsi e (ri)programmare un appuntamento in ospedale,Indicare se il servizio rientra nel campo di applicazione della SDGR,Servizio Transfrontaliero,https://www.salutelazio.it/prenotazione-visita-specialistica
Regione Lazio,Salute,Registrarsi e (ri)programmare un appuntamento in ospedale,Indicare se il servizio è potenzialmente idoneo all'implementazione del principio Once-Only (OOTS),Servizio Transfrontaliero,https://www.salutelazio.it/prenotazione-visita-specialistica
Regione Veneto,Salute,Registrarsi e (ri)programmare un appuntamento in ospedale,Rendere le informazioni disponibili anche per gli utenti stranieri,Servizio Transfrontaliero,http://www.ulss10.veneto.it/pubblicazioni/notizie/enatoicupnuovoservizioprenotarelevisitedalcomputerdicasa
Regione Veneto,Salute,Registrarsi e (ri)programmare un appuntamento in ospedale,Consentire agli utenti stranieri di accedere al servizio online,Servizio Transfrontaliero,http://www.ulss10.veneto.it/pubblicazioni/notizie/enatoicupnuovoservizioprenotarelevisitedalcomputerdicasa
Regione Veneto,Salute,Registrarsi e (ri)programmare un appuntamento in ospedale,Rimuovere la barriera della necessità di identificazione/autenticazione online nazionale,Servizio Transfrontaliero,http://www.ulss10.veneto.it/pubblicazioni/notizie/enatoicupnuovoservizioprenotarelevisitedalcomputerdicasa
Regione Veneto,Salute,Registrarsi e (ri)programmare un appuntamento in ospedale,Consentire la presentazione dei documenti elettronici richiesti dai cittadini stranieri,Servizio Transfrontaliero,http://www.ulss10.veneto.it/pubblicazioni/notizie/enatoicupnuovoservizioprenotarelevisitedalcomputerdicasa
Regione Veneto,Salute,Registrarsi e (ri)programmare un appuntamento in ospedale,Eliminare la necessità di traduzione o riconoscimento dei documenti richiesti,Servizio Transfrontaliero,http://www.ulss10.veneto.it/pubblicazioni/notizie/enatoicupnuovoservizioprenotarelevisitedalcomputerdicasa
Regione Veneto,Salute,Registrarsi e (ri)programmare un appuntamento in ospedale,Fornire traduzioni chiare o un'interfaccia multilingue per superare le barriere linguistiche,Servizio Transfrontaliero,http://www.ulss10.veneto.it/pubblicazioni/notizie/enatoicupnuovoservizioprenotarelevisitedalcomputerdicasa
Regione Veneto,Salute,Registrarsi e (ri)programmare un appuntamento in ospedale,Migliorare la qualità delle traduzioni fornite sul sito web,Servizio Transfrontaliero,http://www.ulss10.veneto.it/pubblicazioni/notizie/enatoicupnuovoservizioprenotarelevisitedalcomputerdicasa
Regione Veneto,Salute,Registrarsi e (ri)programmare un appuntamento in ospedale,Fornire informazioni complete e facilmente accessibili anche per utenti internazionali,Servizio Transfrontaliero,http://www.ulss10.veneto.it/pubblicazioni/notizie/enatoicupnuovoservizioprenotarelevisitedalcomputerdicasa
Regione Veneto,Salute,Registrarsi e (ri)programmare un appuntamento in ospedale,Eliminare la necessità di incontri fisici per completare il servizio,Servizio Transfrontaliero,http://www.ulss10.veneto.it/pubblicazioni/notizie/enatoicupnuovoservizioprenotarelevisitedalcomputerdicasa
Regione Veneto,Salute,Registrarsi e (ri)programmare un appuntamento in ospedale,Permettere l'autenticazione tramite eID nazionale anche per utenti transfrontalieri,Servizio Transfrontaliero,http://www.ulss10.veneto.it/pubblicazioni/notizie/enatoicupnuovoservizioprenotarelevisitedalcomputerdicasa
Regione Veneto,Salute,Registrarsi e (ri)programmare un appuntamento in ospedale,Chiarire se è previsto un pagamento per accedere al servizio,Servizio Transfrontaliero,http://www.ulss10.veneto.it/pubblicazioni/notizie/enatoicupnuovoservizioprenotarelevisitedalcomputerdicasa
Regione Veneto,Salute,Registrarsi e (ri)programmare un appuntamento in ospedale,Indicare se il servizio rientra nel campo di applicazione della SDGR,Servizio Transfrontaliero,http://www.ulss10.veneto.it/pubblicazioni/notizie/enatoicupnuovoservizioprenotarelevisitedalcomputerdicasa
Regione Veneto,Salute,Registrarsi e (ri)programmare un appuntamento in ospedale,Indicare se il servizio è potenzialmente idoneo all'implementazione del principio Once-Only (OOTS),Servizio Transfrontaliero,http://www.ulss10.veneto.it/pubblicazioni/notizie/enatoicupnuovoservizioprenotarelevisitedalcomputerdicasa
Regione Sicilia,Salute,Registrarsi e (ri)programmare un appuntamento in ospedale,Rendere le informazioni disponibili anche per gli utenti stranieri,Servizio Transfrontaliero,https://sovracup.regione.sicilia.it/home
Regione Sicilia,Salute,Registrarsi e (ri)programmare un appuntamento in ospedale,Consentire agli utenti stranieri di accedere al servizio online,Servizio Transfrontaliero,https://sovracup.regione.sicilia.it/home
Regione Sicilia,Salute,Registrarsi e (ri)programmare un appuntamento in ospedale,Rimuovere la barriera della necessità di identificazione/autenticazione online nazionale,Servizio Transfrontaliero,https://sovracup.regione.sicilia.it/home
Regione Sicilia,Salute,Registrarsi e (ri)programmare un appuntamento in ospedale,Consentire la presentazione dei documenti elettronici richiesti dai cittadini stranieri,Servizio Transfrontaliero,https://sovracup.regione.sicilia.it/home
Regione Sicilia,Salute,Registrarsi e (ri)programmare un appuntamento in ospedale,Eliminare la necessità di traduzione o riconoscimento dei documenti richiesti,Servizio Transfrontaliero,https://sovracup.regione.sicilia.it/home
Regione Sicilia,Salute,Registrarsi e (ri)programmare un appuntamento in ospedale,Fornire traduzioni chiare o un'interfaccia multilingue per superare le barriere linguistiche,Servizio Transfrontaliero,https://sovracup.regione.sicilia.it/home
Regione Sicilia,Salute,Registrarsi e (ri)programmare un appuntamento in ospedale,Migliorare la qualità delle traduzioni fornite sul sito web,Servizio Transfrontaliero,https://sovracup.regione.sicilia.it/home
Regione Sicilia,Salute,Registrarsi e (ri)programmare un appuntamento in ospedale,Fornire informazioni complete e facilmente accessibili anche per utenti internazionali,Servizio Transfrontaliero,https://sovracup.regione.sicilia.it/home
Regione Sicilia,Salute,Registrarsi e (ri)programmare un appuntamento in ospedale,Eliminare la necessità di incontri fisici per completare il servizio,Servizio Transfrontaliero,https://sovracup.regione.sicilia.it/home
Regione Sicilia,Salute,Registrarsi e (ri)programmare un appuntamento in ospedale,Permettere l'autenticazione tramite eID nazionale anche per utenti transfrontalieri,Servizio Transfrontaliero,https://sovracup.regione.sicilia.it/home
Regione Sicilia,Salute,Registrarsi e (ri)programmare un appuntamento in ospedale,Chiarire se è previsto un pagamento per accedere al servizio,Servizio Transfrontaliero,https://sovracup.regione.sicilia.it/home
Regione Sicilia,Salute,Registrarsi e (ri)programmare un appuntamento in ospedale,Indicare se il servizio rientra nel campo di applicazione della SDGR,Servizio Transfrontaliero,https://sovracup.regione.sicilia.it/home
Regione Sicilia,Salute,Registrarsi e (ri)programmare un appuntamento in ospedale,Indicare se il servizio è potenzialmente idoneo all'implementazione del principio Once-Only (OOTS),Servizio Transfrontaliero,https://sovracup.regione.sicilia.it/home
Regione Emilia-Romagna,Salute,Registrarsi e (ri)programmare un appuntamento in ospedale,Rendere le informazioni disponibili anche per gli utenti stranieri,Servizio Transfrontaliero,https://www.cupweb.it/cup_web_regionale/main.htm
Regione Emilia-Romagna,Salute,Registrarsi e (ri)programmare un appuntamento in ospedale,Consentire agli utenti stranieri di accedere al servizio online,Servizio Transfrontaliero,https://www.cupweb.it/cup_web_regionale/main.htm
Regione Emilia-Romagna,Salute,Registrarsi e (ri)programmare un appuntamento in ospedale,Rimuovere la barriera della necessità di identificazione/autenticazione online nazionale,Servizio Transfrontaliero,https://www.cupweb.it/cup_web_regionale/main.htm
Regione Emilia-Romagna,Salute,Registrarsi e (ri)programmare un appuntamento in ospedale,Consentire la presentazione dei documenti elettronici richiesti dai cittadini stranieri,Servizio Transfrontaliero,https://www.cupweb.it/cup_web_regionale/main.htm
Regione Emilia-Romagna,Salute,Registrarsi e (ri)programmare un appuntamento in ospedale,Eliminare la necessità di traduzione o riconoscimento dei documenti richiesti,Servizio Transfrontaliero,https://www.cupweb.it/cup_web_regionale/main.htm
Regione Emilia-Romagna,Salute,Registrarsi e (ri)programmare un appuntamento in ospedale,Fornire traduzioni chiare o un'interfaccia multilingue per superare le barriere linguistiche,Servizio Transfrontaliero,https://www.cupweb.it/cup_web_regionale/main.htm
Regione Emilia-Romagna,Salute,Registrarsi e (ri)programmare un appuntamento in ospedale,Migliorare la qualità delle traduzioni fornite sul sito web,Servizio Transfrontaliero,https://www.cupweb.it/cup_web_regionale/main.htm
Regione Emilia-Romagna,Salute,Registrarsi e (ri)programmare un appuntamento in ospedale,Fornire informazioni complete e facilmente accessibili anche per utenti internazionali,Servizio Transfrontaliero,https://www.cupweb.it/cup_web_regionale/main.htm
Regione Emilia-Romagna,Salute,Registrarsi e (ri)programmare un appuntamento in ospedale,Eliminare la necessità di incontri fisici per completare il servizio,Servizio Transfrontaliero,https://www.cupweb.it/cup_web_regionale/main.htm
Regione Emilia-Romagna,Salute,Registrarsi e (ri)programmare un appuntamento in ospedale,Permettere l'autenticazione tramite eID nazionale anche per utenti transfrontalieri,Servizio Transfrontaliero,https://www.cupweb.it/cup_web_regionale/main.htm
Regione Emilia-Romagna,Salute,Registrarsi e (ri)programmare un appuntamento in ospedale,Chiarire se è previsto un pagamento per accedere al servizio,Servizio Transfrontaliero,https://www.cupweb.it/cup_web_regionale/main.htm
Regione Emilia-Romagna,Salute,Registrarsi e (ri)programmare un appuntamento in ospedale,Indicare se il servizio rientra nel campo di applicazione della SDGR,Servizio Transfrontaliero,https://www.cupweb.it/cup_web_regionale/main.htm
Regione Emilia-Romagna,Salute,Registrarsi e (ri)programmare un appuntamento in ospedale,Indicare se il servizio è potenzialmente idoneo all'implementazione del principio Once-Only (OOTS),Servizio Transfrontaliero,https://www.cupweb.it/cup_web_regionale/main.htm
Regione,Salute,Richiedere e-consulti con un medico ospedaliero (tele-consultazione),Rendere le informazioni disponibili anche per gli utenti stranieri,Servizio Transfrontaliero,https://www.fascicolosanitario.regione.lombardia.it/app-fascicolo-sanitario
Regione,Salute,Richiedere e-consulti con un medico ospedaliero (tele-consultazione),Consentire agli utenti stranieri di accedere al servizio online,Servizio Transfrontaliero,https://www.fascicolosanitario.regione.lombardia.it/app-fascicolo-sanitario
Regione,Salute,Richiedere e-consulti con un medico ospedaliero (tele-consultazione),Rimuovere la barriera della necessità di identificazione/autenticazione online nazionale,Servizio Transfrontaliero,https://www.fascicolosanitario.regione.lombardia.it/app-fascicolo-sanitario
Regione,Salute,Richiedere e-consulti con un medico ospedaliero (tele-consultazione),Consentire la presentazione dei documenti elettronici richiesti dai cittadini stranieri,Servizio Transfrontaliero,https://www.fascicolosanitario.regione.lombardia.it/app-fascicolo-sanitario
Regione,Salute,Richiedere e-consulti con un medico ospedaliero (tele-consultazione),Eliminare la necessità di traduzione o riconoscimento dei documenti richiesti,Servizio Transfrontaliero,https://www.fascicolosanitario.regione.lombardia.it/app-fascicolo-sanitario
Regione,Salute,Richiedere e-consulti con un medico ospedaliero (tele-consultazione),Fornire traduzioni chiare o un'interfaccia multilingue per superare le barriere linguistiche,Servizio Transfrontaliero,https://www.fascicolosanitario.regione.lombardia.it/app-fascicolo-sanitario
Regione,Salute,Richiedere e-consulti con un medico ospedaliero (tele-consultazione),Migliorare la qualità delle traduzioni fornite sul sito web,Servizio Transfrontaliero,https://www.fascicolosanitario.regione.lombardia.it/app-fascicolo-sanitario
Regione,Salute,Richiedere e-consulti con un medico ospedaliero (tele-consultazione),Fornire informazioni complete e facilmente accessibili anche per utenti internazionali,Servizio Transfrontaliero,https://www.fascicolosanitario.regione.lombardia.it/app-fascicolo-sanitario
Regione,Salute,Richiedere e-consulti con un medico ospedaliero (tele-consultazione),Eliminare la necessità di incontri fisici per completare il servizio,Servizio Transfrontaliero,https://www.fascicolosanitario.regione.lombardia.it/app-fascicolo-sanitario
Regione,Salute,Richiedere e-consulti con un medico ospedaliero (tele-consultazione),Permettere l'autenticazione tramite eID nazionale anche per utenti transfrontalieri,Servizio Transfrontaliero,https://www.fascicolosanitario.regione.lombardia.it/app-fascicolo-sanitario
Regione,Salute,Richiedere e-consulti con un medico ospedaliero (tele-consultazione),Chiarire se è previsto un pagamento per accedere al servizio,Servizio Transfrontaliero,https://www.fascicolosanitario.regione.lombardia.it/app-fascicolo-sanitario
Regione,Salute,Richiedere e-consulti con un medico ospedaliero (tele-consultazione),Indicare se il servizio rientra nel campo di applicazione della SDGR,Servizio Transfrontaliero,https://www.fascicolosanitario.regione.lombardia.it/app-fascicolo-sanitario
Regione,Salute,Richiedere e-consulti con un medico ospedaliero (tele-consultazione),Indicare se il servizio è potenzialmente idoneo all'implementazione del principio Once-Only (OOTS),Servizio Transfrontaliero,https://www.fascicolosanitario.regione.lombardia.it/app-fascicolo-sanitario
Regione Lazio,Salute,Richiedere e-consulti con un medico ospedaliero (tele-consultazione),Rendere le informazioni disponibili anche per gli utenti stranieri,Servizio Transfrontaliero,https://www.salutelazio.it/
Regione Lazio,Salute,Richiedere e-consulti con un medico ospedaliero (tele-consultazione),Consentire agli utenti stranieri di accedere al servizio online,Servizio Transfrontaliero,https://www.salutelazio.it/
Regione Lazio,Salute,Richiedere e-consulti con un medico ospedaliero (tele-consultazione),Rimuovere la barriera della necessità di identificazione/autenticazione online nazionale,Servizio Transfrontaliero,https://www.salutelazio.it/
Regione Lazio,Salute,Richiedere e-consulti con un medico ospedaliero (tele-consultazione),Consentire la presentazione dei documenti elettronici richiesti dai cittadini stranieri,Servizio Transfrontaliero,https://www.salutelazio.it/
Regione Lazio,Salute,Richiedere e-consulti con un medico ospedaliero (tele-consultazione),Eliminare la necessità di traduzione o riconoscimento dei documenti richiesti,Servizio Transfrontaliero,https://www.salutelazio.it/
Regione Lazio,Salute,Richiedere e-consulti con un medico ospedaliero (tele-consultazione),Fornire traduzioni chiare o un'interfaccia multilingue per superare le barriere linguistiche,Servizio Transfrontaliero,https://www.salutelazio.it/
Regione Lazio,Salute,Richiedere e-consulti con un medico ospedaliero (tele-consultazione),Migliorare la qualità delle traduzioni fornite sul sito web,Servizio Transfrontaliero,https://www.salutelazio.it/
Regione Lazio,Salute,Richiedere e-consulti con un medico ospedaliero (tele-consultazione),Fornire informazioni complete e facilmente accessibili anche per utenti internazionali,Servizio Transfrontaliero,https://www.salutelazio.it/
Regione Lazio,Salute,Richiedere e-consulti con un medico ospedaliero (tele-consultazione),Eliminare la necessità di incontri fisici per completare il servizio,Servizio Transfrontaliero,https://www.salutelazio.it/
Regione Lazio,Salute,Richiedere e-consulti con un medico ospedaliero (tele-consultazione),Permettere l'autenticazione tramite eID nazionale anche per utenti transfrontalieri,Servizio Transfrontaliero,https://www.salutelazio.it/
Regione Lazio,Salute,Richiedere e-consulti con un medico ospedaliero (tele-consultazione),Chiarire se è previsto un pagamento per accedere al servizio,Servizio Transfrontaliero,https://www.salutelazio.it/
Regione Lazio,Salute,Richiedere e-consulti con un medico ospedaliero (tele-consultazione),Indicare se il servizio rientra nel campo di applicazione della SDGR,Servizio Transfrontaliero,https://www.salutelazio.it/
Regione Lazio,Salute,Richiedere e-consulti con un medico ospedaliero (tele-consultazione),Indicare se il servizio è potenzialmente idoneo all'implementazione del principio Once-Only (OOTS),Servizio Transfrontaliero,https://www.salutelazio.it/
Regione Veneto,Salute,Richiedere e-consulti con un medico ospedaliero (tele-consultazione),Rendere le informazioni disponibili anche per gli utenti stranieri,Servizio Transfrontaliero,http://www.ulss10.veneto.it/pubblicazioni/notizie/enatoicupnuovoservizioprenotarelevisitedalcomputerdicasa
Regione Veneto,Salute,Richiedere e-consulti con un medico ospedaliero (tele-consultazione),Consentire agli utenti stranieri di accedere al servizio online,Servizio Transfrontaliero,http://www.ulss10.veneto.it/pubblicazioni/notizie/enatoicupnuovoservizioprenotarelevisitedalcomputerdicasa
Regione Veneto,Salute,Richiedere e-consulti con un medico ospedaliero (tele-consultazione),Rimuovere la barriera della necessità di identificazione/autenticazione online nazionale,Servizio Transfrontaliero,http://www.ulss10.veneto.it/pubblicazioni/notizie/enatoicupnuovoservizioprenotarelevisitedalcomputerdicasa
Regione Veneto,Salute,Richiedere e-consulti con un medico ospedaliero (tele-consultazione),Consentire la presentazione dei documenti elettronici richiesti dai cittadini stranieri,Servizio Transfrontaliero,http://www.ulss10.veneto.it/pubblicazioni/notizie/enatoicupnuovoservizioprenotarelevisitedalcomputerdicasa
Regione Veneto,Salute,Richiedere e-consulti con un medico ospedaliero (tele-consultazione),Eliminare la necessità di traduzione o riconoscimento dei documenti richiesti,Servizio Transfrontaliero,http://www.ulss10.veneto.it/pubblicazioni/notizie/enatoicupnuovoservizioprenotarelevisitedalcomputerdicasa
Regione Veneto,Salute,Richiedere e-consulti con un medico ospedaliero (tele-consultazione),Fornire traduzioni chiare o un'interfaccia multilingue per superare le barriere linguistiche,Servizio Transfrontaliero,http://www.ulss10.veneto.it/pubblicazioni/notizie/enatoicupnuovoservizioprenotarelevisitedalcomputerdicasa
Regione Veneto,Salute,Richiedere e-consulti con un medico ospedaliero (tele-consultazione),Migliorare la qualità delle traduzioni fornite sul sito web,Servizio Transfrontaliero,http://www.ulss10.veneto.it/pubblicazioni/notizie/enatoicupnuovoservizioprenotarelevisitedalcomputerdicasa
Regione Veneto,Salute,Richiedere e-consulti con un medico ospedaliero (tele-consultazione),Fornire informazioni complete e facilmente accessibili anche per utenti internazionali,Servizio Transfrontaliero,http://www.ulss10.veneto.it/pubblicazioni/notizie/enatoicupnuovoservizioprenotarelevisitedalcomputerdicasa
Regione Veneto,Salute,Richiedere e-consulti con un medico ospedaliero (tele-consultazione),Eliminare la necessità di incontri fisici per completare il servizio,Servizio Transfrontaliero,http://www.ulss10.veneto.it/pubblicazioni/notizie/enatoicupnuovoservizioprenotarelevisitedalcomputerdicasa
Regione Veneto,Salute,Richiedere e-consulti con un medico ospedaliero (tele-consultazione),Chiarire se è necessaria un'autenticazione per accedere al servizio,Servizio Transfrontaliero,http://www.ulss10.veneto.it/pubblicazioni/notizie/enatoicupnuovoservizioprenotarelevisitedalcomputerdicasa
Regione Veneto,Salute,Richiedere e-consulti con un medico ospedaliero (tele-consultazione),Permettere l'autenticazione tramite eID nazionale anche per utenti transfrontalieri,Servizio Transfrontaliero,http://www.ulss10.veneto.it/pubblicazioni/notizie/enatoicupnuovoservizioprenotarelevisitedalcomputerdicasa
Regione Veneto,Salute,Richiedere e-consulti con un medico ospedaliero (tele-consultazione),Chiarire se è previsto un pagamento per accedere al servizio,Servizio Transfrontaliero,http://www.ulss10.veneto.it/pubblicazioni/notizie/enatoicupnuovoservizioprenotarelevisitedalcomputerdicasa
Regione Veneto,Salute,Richiedere e-consulti con un medico ospedaliero (tele-consultazione),Indicare se il servizio rientra nel campo di applicazione della SDGR,Servizio Transfrontaliero,http://www.ulss10.veneto.it/pubblicazioni/notizie/enatoicupnuovoservizioprenotarelevisitedalcomputerdicasa
Regione Veneto,Salute,Richiedere e-consulti con un medico ospedaliero (tele-consultazione),Indicare se il servizio è potenzialmente idoneo all'implementazione del principio Once-Only (OOTS),Servizio Transfrontaliero,http://www.ulss10.veneto.it/pubblicazioni/notizie/enatoicupnuovoservizioprenotarelevisitedalcomputerdicasa
Regione Sicilia,Salute,Richiedere e-consulti con un medico ospedaliero (tele-consultazione),Rendere le informazioni disponibili anche per gli utenti stranieri,Servizio Transfrontaliero,https://sovracup.regione.sicilia.it/home
Regione Sicilia,Salute,Richiedere e-consulti con un medico ospedaliero (tele-consultazione),Consentire agli utenti stranieri di accedere al servizio online,Servizio Transfrontaliero,https://sovracup.regione.sicilia.it/home
Regione Sicilia,Salute,Richiedere e-consulti con un medico ospedaliero (tele-consultazione),Rimuovere la barriera della necessità di identificazione/autenticazione online nazionale,Servizio Transfrontaliero,https://sovracup.regione.sicilia.it/home
Regione Sicilia,Salute,Richiedere e-consulti con un medico ospedaliero (tele-consultazione),Consentire la presentazione dei documenti elettronici richiesti dai cittadini stranieri,Servizio Transfrontaliero,https://sovracup.regione.sicilia.it/home
Regione Sicilia,Salute,Richiedere e-consulti con un medico ospedaliero (tele-consultazione),Eliminare la necessità di traduzione o riconoscimento dei documenti richiesti,Servizio Transfrontaliero,https://sovracup.regione.sicilia.it/home
Regione Sicilia,Salute,Richiedere e-consulti con un medico ospedaliero (tele-consultazione),Fornire traduzioni chiare o un'interfaccia multilingue per superare le barriere linguistiche,Servizio Transfrontaliero,https://sovracup.regione.sicilia.it/home
Regione Sicilia,Salute,Richiedere e-consulti con un medico ospedaliero (tele-consultazione),Migliorare la qualità delle traduzioni fornite sul sito web,Servizio Transfrontaliero,https://sovracup.regione.sicilia.it/home
Regione Sicilia,Salute,Richiedere e-consulti con un medico ospedaliero (tele-consultazione),Fornire informazioni complete e facilmente accessibili anche per utenti internazionali,Servizio Transfrontaliero,https://sovracup.regione.sicilia.it/home
Regione Sicilia,Salute,Richiedere e-consulti con un medico ospedaliero (tele-consultazione),Eliminare la necessità di incontri fisici per completare il servizio,Servizio Transfrontaliero,https://sovracup.regione.sicilia.it/home
Regione Sicilia,Salute,Richiedere e-consulti con un medico ospedaliero (tele-consultazione),Permettere l'autenticazione tramite eID nazionale anche per utenti transfrontalieri,Servizio Transfrontaliero,https://sovracup.regione.sicilia.it/home
Regione Sicilia,Salute,Richiedere e-consulti con un medico ospedaliero (tele-consultazione),Chiarire se è previsto un pagamento per accedere al servizio,Servizio Transfrontaliero,https://sovracup.regione.sicilia.it/home
Regione Sicilia,Salute,Richiedere e-consulti con un medico ospedaliero (tele-consultazione),Indicare se il servizio rientra nel campo di applicazione della SDGR,Servizio Transfrontaliero,https://sovracup.regione.sicilia.it/home
Regione Sicilia,Salute,Richiedere e-consulti con un medico ospedaliero (tele-consultazione),Indicare se il servizio è potenzialmente idoneo all'implementazione del principio Once-Only (OOTS),Servizio Transfrontaliero,https://sovracup.regione.sicilia.it/home
Regione Emilia-Romagna,Salute,Richiedere e-consulti con un medico ospedaliero (tele-consultazione),Rendere le informazioni disponibili anche per gli utenti stranieri,Servizio Transfrontaliero,https://www.cupweb.it/cup_web_regionale/main.htm
Regione Emilia-Romagna,Salute,Richiedere e-consulti con un medico ospedaliero (tele-consultazione),Consentire agli utenti stranieri di accedere al servizio online,Servizio Transfrontaliero,https://www.cupweb.it/cup_web_regionale/main.htm
Regione Emilia-Romagna,Salute,Richiedere e-consulti con un medico ospedaliero (tele-consultazione),Rimuovere la barriera della necessità di identificazione/autenticazione online nazionale,Servizio Transfrontaliero,https://www.cupweb.it/cup_web_regionale/main.htm
Regione Emilia-Romagna,Salute,Richiedere e-consulti con un medico ospedaliero (tele-consultazione),Consentire la presentazione dei documenti elettronici richiesti dai cittadini stranieri,Servizio Transfrontaliero,https://www.cupweb.it/cup_web_regionale/main.htm
Regione Emilia-Romagna,Salute,Richiedere e-consulti con un medico ospedaliero (tele-consultazione),Eliminare la necessità di traduzione o riconoscimento dei documenti richiesti,Servizio Transfrontaliero,https://www.cupweb.it/cup_web_regionale/main.htm
Regione Emilia-Romagna,Salute,Richiedere e-consulti con un medico ospedaliero (tele-consultazione),Fornire traduzioni chiare o un'interfaccia multilingue per superare le barriere linguistiche,Servizio Transfrontaliero,https://www.cupweb.it/cup_web_regionale/main.htm
Regione Emilia-Romagna,Salute,Richiedere e-consulti con un medico ospedaliero (tele-consultazione),Migliorare la qualità delle traduzioni fornite sul sito web,Servizio Transfrontaliero,https://www.cupweb.it/cup_web_regionale/main.htm
Regione Emilia-Romagna,Salute,Richiedere e-consulti con un medico ospedaliero (tele-consultazione),Fornire informazioni complete e facilmente accessibili anche per utenti internazionali,Servizio Transfrontaliero,https://www.cupweb.it/cup_web_regionale/main.htm
Regione Emilia-Romagna,Salute,Richiedere e-consulti con un medico ospedaliero (tele-consultazione),Eliminare la necessità di incontri fisici per completare il servizio,Servizio Transfrontaliero,https://www.cupweb.it/cup_web_regionale/main.htm
Regione Emilia-Romagna,Salute,Richiedere e-consulti con un medico ospedaliero (tele-consultazione),Permettere l'autenticazione tramite eID nazionale anche per utenti transfrontalieri,Servizio Transfrontaliero,https://www.cupweb.it/cup_web_regionale/main.htm
Regione Emilia-Romagna,Salute,Richiedere e-consulti con un medico ospedaliero (tele-consultazione),Chiarire se è previsto un pagamento per accedere al servizio,Servizio Transfrontaliero,https://www.cupweb.it/cup_web_regionale/main.htm
Regione Emilia-Romagna,Salute,Richiedere e-consulti con un medico ospedaliero (tele-consultazione),Indicare se il servizio rientra nel campo di applicazione della SDGR,Servizio Transfrontaliero,https://www.cupweb.it/cup_web_regionale/main.htm
Regione Emilia-Romagna,Salute,Richiedere e-consulti con un medico ospedaliero (tele-consultazione),Indicare se il servizio è potenzialmente idoneo all'implementazione del principio Once-Only (OOTS),Servizio Transfrontaliero,https://www.cupweb.it/cup_web_regionale/main.htm
Ministero dell'Interno,Trasloco,Registrare il nuovo indirizzo nel registro comunale,Rimuovere la barriera della necessità di identificazione/autenticazione online nazionale,Servizio Transfrontaliero,https://www.anagrafenazionale.interno.it/area-cittadino/cambio-di-residenza/
Ministero dell'Interno,Trasloco,Registrare il nuovo indirizzo nel registro comunale,Consentire la presentazione dei documenti elettronici richiesti dai cittadini stranieri,Servizio Transfrontaliero,https://www.anagrafenazionale.interno.it/area-cittadino/cambio-di-residenza/
Ministero dell'Interno,Trasloco,Registrare il nuovo indirizzo nel registro comunale,Eliminare la necessità di traduzione o riconoscimento dei documenti richiesti,Servizio Transfrontaliero,https://www.anagrafenazionale.interno.it/area-cittadino/cambio-di-residenza/
Ministero dell'Interno,Trasloco,Registrare il nuovo indirizzo nel registro comunale,Fornire traduzioni chiare o un'interfaccia multilingue per superare le barriere linguistiche,Servizio Transfrontaliero,https://www.anagrafenazionale.interno.it/area-cittadino/cambio-di-residenza/
Ministero dell'Interno,Trasloco,Registrare il nuovo indirizzo nel registro comunale,Migliorare la qualità delle traduzioni fornite sul sito web,Servizio Transfrontaliero,https://www.anagrafenazionale.interno.it/area-cittadino/cambio-di-residenza/
Ministero dell'Interno,Trasloco,Registrare il nuovo indirizzo nel registro comunale,Fornire informazioni complete e facilmente accessibili anche per utenti internazionali,Servizio Transfrontaliero,https://www.anagrafenazionale.interno.it/area-cittadino/cambio-di-residenza/
Ministero dell'Interno,Trasloco,Registrare il nuovo indirizzo nel registro comunale,Eliminare la necessità di incontri fisici per completare il servizio,Servizio Transfrontaliero,https://www.anagrafenazionale.interno.it/area-cittadino/cambio-di-residenza/
Ministero dell'Interno,Trasloco,Registrare il nuovo indirizzo nel registro comunale,Specificare se sono richiesti documenti per utenti transfrontalieri,Servizio Transfrontaliero,https://www.anagrafenazionale.interno.it/area-cittadino/cambio-di-residenza/
Ministero dell'Interno,Trasloco,Registrare il nuovo indirizzo nel registro comunale,Chiarire se è previsto un pagamento per accedere al servizio,Servizio Transfrontaliero,https://www.anagrafenazionale.interno.it/area-cittadino/cambio-di-residenza/
Ministero dell'Interno,Trasloco,Registrare il nuovo indirizzo nel registro comunale,Indicare se il servizio è potenzialmente idoneo all'implementazione del principio Once-Only (OOTS),Servizio Transfrontaliero,https://www.anagrafenazionale.interno.it/area-cittadino/cambio-di-residenza/
Ministero dell'Interno,Trasloco,Ottenere la prova di residenza,Rimuovere la barriera della necessità di identificazione/autenticazione online nazionale,Servizio Transfrontaliero,https://www.anagrafenazionale.interno.it/area-cittadino/certificati/
Ministero dell'Interno,Trasloco,Ottenere la prova di residenza,Consentire la presentazione dei documenti elettronici richiesti dai cittadini stranieri,Servizio Transfrontaliero,https://www.anagrafenazionale.interno.it/area-cittadino/certificati/
Ministero dell'Interno,Trasloco,Ottenere la prova di residenza,Eliminare la necessità di traduzione o riconoscimento dei documenti richiesti,Servizio Transfrontaliero,https://www.anagrafenazionale.interno.it/area-cittadino/certificati/
Ministero dell'Interno,Trasloco,Ottenere la prova di residenza,Fornire traduzioni chiare o un'interfaccia multilingue per superare le barriere linguistiche,Servizio Transfrontaliero,https://www.anagrafenazionale.interno.it/area-cittadino/certificati/
Ministero dell'Interno,Trasloco,Ottenere la prova di residenza,Migliorare la qualità delle traduzioni fornite sul sito web,Servizio Transfrontaliero,https://www.anagrafenazionale.interno.it/area-cittadino/certificati/
Ministero dell'Interno,Trasloco,Ottenere la prova di residenza,Fornire informazioni complete e facilmente accessibili anche per utenti internazionali,Servizio Transfrontaliero,https://www.anagrafenazionale.interno.it/area-cittadino/certificati/
Ministero dell'Interno,Trasloco,Ottenere la prova di residenza,Eliminare la necessità di incontri fisici per completare il servizio,Servizio Transfrontaliero,https://www.anagrafenazionale.interno.it/area-cittadino/certificati/
Ministero dell'Interno,Trasloco,Ottenere la prova di residenza,Specificare se sono richiesti documenti per utenti transfrontalieri,Servizio Transfrontaliero,https://www.anagrafenazionale.interno.it/area-cittadino/certificati/
Ministero dell'Interno,Trasloco,Ottenere la prova di residenza,Chiarire se è previsto un pagamento per accedere al servizio,Servizio Transfrontaliero,https://www.anagrafenazionale.interno.it/area-cittadino/certificati/
Ministero dell'Interno,Trasloco,Ottenere la prova di residenza,Indicare se il servizio è potenzialmente idoneo all'implementazione del principio Once-Only (OOTS),Servizio Transfrontaliero,https://www.anagrafenazionale.interno.it/area-cittadino/certificati/
Proattivo,Trasloco,Registrare l'uscita dal vecchio comune,Indicare se il servizio è potenzialmente idoneo all'implementazione del principio Once-Only (OOTS),Servizio Transfrontaliero,Proactive
Ministero dell'Interno,Trasloco,Verificare i diritti e gli obblighi per trasferirsi nel paese,Rimuovere la barriera della necessità di identificazione/autenticazione online nazionale,Servizio Transfrontaliero,https://serviziconsolarionline.esteri.it/ScoFE/index.sco
Ministero dell'Interno,Trasloco,Verificare i diritti e gli obblighi per trasferirsi nel paese,Consentire la presentazione dei documenti elettronici richiesti dai cittadini stranieri,Servizio Transfrontaliero,https://serviziconsolarionline.esteri.it/ScoFE/index.sco
Ministero dell'Interno,Trasloco,Verificare i diritti e gli obblighi per trasferirsi nel paese,Eliminare la necessità di traduzione o riconoscimento dei documenti richiesti,Servizio Transfrontaliero,https://serviziconsolarionline.esteri.it/ScoFE/index.sco
Ministero dell'Interno,Trasloco,Verificare i diritti e gli obblighi per trasferirsi nel paese,Fornire traduzioni chiare o un'interfaccia multilingue per superare le barriere linguistiche,Servizio Transfrontaliero,https://serviziconsolarionline.esteri.it/ScoFE/index.sco
Ministero dell'Interno,Trasloco,Verificare i diritti e gli obblighi per trasferirsi nel paese,Migliorare la qualità delle traduzioni fornite sul sito web,Servizio Transfrontaliero,https://serviziconsolarionline.esteri.it/ScoFE/index.sco
Ministero dell'Interno,Trasloco,Verificare i diritti e gli obblighi per trasferirsi nel paese,Fornire informazioni complete e facilmente accessibili anche per utenti internazionali,Servizio Transfrontaliero,https://serviziconsolarionline.esteri.it/ScoFE/index.sco
Ministero dell'Interno,Trasloco,Verificare i diritti e gli obblighi per trasferirsi nel paese,Eliminare la necessità di incontri fisici per completare il servizio,Servizio Transfrontaliero,https://serviziconsolarionline.esteri.it/ScoFE/index.sco
Ministero dell'Interno,Trasloco,Verificare i diritti e gli obblighi per trasferirsi nel paese,Indicare se il servizio rientra nel campo di applicazione della SDGR,Servizio Transfrontaliero,https://serviziconsolarionline.esteri.it/ScoFE/index.sco
Ministero dell'Interno,Trasloco,Verificare i diritti e gli obblighi per trasferirsi nel paese,Indicare se il servizio è potenzialmente idoneo all'implementazione del principio Once-Only (OOTS),Servizio Transfrontaliero,https://serviziconsolarionline.esteri.it/ScoFE/index.sco
Ministero dell'Interno,Trasloco,Verificare i diritti e gli obblighi per trasferirsi nel paese,Rimuovere la barriera della necessità di identificazione/autenticazione online nazionale,Servizio Transfrontaliero,https://www.esteri.it/en/servizi-consolari-e-visti/ingressosoggiornoinitalia/soggiorno_stranieri_in_italia/
Ministero dell'Interno,Trasloco,Verificare i diritti e gli obblighi per trasferirsi nel paese,Consentire la presentazione dei documenti elettronici richiesti dai cittadini stranieri,Servizio Transfrontaliero,https://www.esteri.it/en/servizi-consolari-e-visti/ingressosoggiornoinitalia/soggiorno_stranieri_in_italia/
Ministero dell'Interno,Trasloco,Verificare i diritti e gli obblighi per trasferirsi nel paese,Eliminare la necessità di traduzione o riconoscimento dei documenti richiesti,Servizio Transfrontaliero,https://www.esteri.it/en/servizi-consolari-e-visti/ingressosoggiornoinitalia/soggiorno_stranieri_in_italia/
Ministero dell'Interno,Trasloco,Verificare i diritti e gli obblighi per trasferirsi nel paese,Fornire traduzioni chiare o un'interfaccia multilingue per superare le barriere linguistiche,Servizio Transfrontaliero,https://www.esteri.it/en/servizi-consolari-e-visti/ingressosoggiornoinitalia/soggiorno_stranieri_in_italia/
Ministero dell'Interno,Trasloco,Verificare i diritti e gli obblighi per trasferirsi nel paese,Migliorare la qualità delle traduzioni fornite sul sito web,Servizio Transfrontaliero,https://www.esteri.it/en/servizi-consolari-e-visti/ingressosoggiornoinitalia/soggiorno_stranieri_in_italia/
Ministero dell'Interno,Trasloco,Verificare i diritti e gli obblighi per trasferirsi nel paese,Fornire informazioni complete e facilmente accessibili anche per utenti internazionali,Servizio Transfrontaliero,https://www.esteri.it/en/servizi-consolari-e-visti/ingressosoggiornoinitalia/soggiorno_stranieri_in_italia/
Ministero dell'Interno,Trasloco,Verificare i diritti e gli obblighi per trasferirsi nel paese,Eliminare la necessità di incontri fisici per completare il servizio,Servizio Transfrontaliero,https://www.esteri.it/en/servizi-consolari-e-visti/ingressosoggiornoinitalia/soggiorno_stranieri_in_italia/
Ministero dell'Interno,Trasloco,Verificare i diritti e gli obblighi per trasferirsi nel paese,Indicare se il servizio rientra nel campo di applicazione della SDGR,Servizio Transfrontaliero,https://www.esteri.it/en/servizi-consolari-e-visti/ingressosoggiornoinitalia/soggiorno_stranieri_in_italia/
Ministero dell'Interno,Trasloco,Verificare i diritti e gli obblighi per trasferirsi nel paese,Indicare se il servizio è potenzialmente idoneo all'implementazione del principio Once-Only (OOTS),Servizio Transfrontaliero,https://www.esteri.it/en/servizi-consolari-e-visti/ingressosoggiornoinitalia/soggiorno_stranieri_in_italia/
Ministero dell'Interno,Trasloco,Ottenere un certificato di registrazione,Rimuovere la barriera della necessità di identificazione/autenticazione online nazionale,Servizio Transfrontaliero,https://www.anagrafenazionale.interno.it/area-cittadino/certificati/
Ministero dell'Interno,Trasloco,Ottenere un certificato di registrazione,Consentire la presentazione dei documenti elettronici richiesti dai cittadini stranieri,Servizio Transfrontaliero,https://www.anagrafenazionale.interno.it/area-cittadino/certificati/
Ministero dell'Interno,Trasloco,Ottenere un certificato di registrazione,Eliminare la necessità di traduzione o riconoscimento dei documenti richiesti,Servizio Transfrontaliero,https://www.anagrafenazionale.interno.it/area-cittadino/certificati/
Ministero dell'Interno,Trasloco,Ottenere un certificato di registrazione,Fornire traduzioni chiare o un'interfaccia multilingue per superare le barriere linguistiche,Servizio Transfrontaliero,https://www.anagrafenazionale.interno.it/area-cittadino/certificati/
Ministero dell'Interno,Trasloco,Ottenere un certificato di registrazione,Migliorare la qualità delle traduzioni fornite sul sito web,Servizio Transfrontaliero,https://www.anagrafenazionale.interno.it/area-cittadino/certificati/
Ministero dell'Interno,Trasloco,Ottenere un certificato di registrazione,Fornire informazioni complete e facilmente accessibili anche per utenti internazionali,Servizio Transfrontaliero,https://www.anagrafenazionale.interno.it/area-cittadino/certificati/
Ministero dell'Interno,Trasloco,Ottenere un certificato di registrazione,Eliminare la necessità di incontri fisici per completare il servizio,Servizio Transfrontaliero,https://www.anagrafenazionale.interno.it/area-cittadino/certificati/
Ministero dell'Interno,Trasloco,Ottenere un certificato di registrazione,Chiarire se è previsto un pagamento per accedere al servizio,Servizio Transfrontaliero,https://www.anagrafenazionale.interno.it/area-cittadino/certificati/
Ministero dell'Interno,Trasloco,Ottenere un certificato di registrazione,Indicare se il servizio rientra nel campo di applicazione della SDGR,Servizio Transfrontaliero,https://www.anagrafenazionale.interno.it/area-cittadino/certificati/
Ministero dell'Interno,Trasloco,Ottenere un certificato di registrazione,Indicare se il servizio è potenzialmente idoneo all'implementazione del principio Once-Only (OOTS),Servizio Transfrontaliero,https://www.anagrafenazionale.interno.it/area-cittadino/certificati/
Ministero della Giustizia,Giustizia,Verificare le fasi procedurali per avviare una procedura per controversie minori,Rendere le informazioni disponibili anche per gli utenti stranieri,Servizio Transfrontaliero,http://www.giudicedipace.bologna.it/it/Content/Index/26930
Ministero della Giustizia,Giustizia,Verificare le fasi procedurali per avviare una procedura per controversie minori,Consentire agli utenti stranieri di accedere al servizio online,Servizio Transfrontaliero,http://www.giudicedipace.bologna.it/it/Content/Index/26930
Ministero della Giustizia,Giustizia,Verificare le fasi procedurali per avviare una procedura per controversie minori,Rimuovere la barriera della necessità di identificazione/autenticazione online nazionale,Servizio Transfrontaliero,http://www.giudicedipace.bologna.it/it/Content/Index/26930
Ministero della Giustizia,Giustizia,Verificare le fasi procedurali per avviare una procedura per controversie minori,Consentire la presentazione dei documenti elettronici richiesti dai cittadini stranieri,Servizio Transfrontaliero,http://www.giudicedipace.bologna.it/it/Content/Index/26930
Ministero della Giustizia,Giustizia,Verificare le fasi procedurali per avviare una procedura per controversie minori,Eliminare la necessità di traduzione o riconoscimento dei documenti richiesti,Servizio Transfrontaliero,http://www.giudicedipace.bologna.it/it/Content/Index/26930
Ministero della Giustizia,Giustizia,Verificare le fasi procedurali per avviare una procedura per controversie minori,Fornire traduzioni chiare o un'interfaccia multilingue per superare le barriere linguistiche,Servizio Transfrontaliero,http://www.giudicedipace.bologna.it/it/Content/Index/26930
Ministero della Giustizia,Giustizia,Verificare le fasi procedurali per avviare una procedura per controversie minori,Migliorare la qualità delle traduzioni fornite sul sito web,Servizio Transfrontaliero,http://www.giudicedipace.bologna.it/it/Content/Index/26930
Ministero della Giustizia,Giustizia,Verificare le fasi procedurali per avviare una procedura per controversie minori,Fornire informazioni complete e facilmente accessibili anche per utenti internazionali,Servizio Transfrontaliero,http://www.giudicedipace.bologna.it/it/Content/Index/26930
Ministero della Giustizia,Giustizia,Verificare le fasi procedurali per avviare una procedura per controversie minori,Eliminare la necessità di incontri fisici per completare il servizio,Servizio Transfrontaliero,http://www.giudicedipace.bologna.it/it/Content/Index/26930
Ministero della Giustizia,Giustizia,Verificare le fasi procedurali per avviare una procedura per controversie minori,Indicare se il servizio rientra nel campo di applicazione della SDGR,Servizio Transfrontaliero,http://www.giudicedipace.bologna.it/it/Content/Index/26930
Ministero della Giustizia,Giustizia,Verificare le fasi procedurali per avviare una procedura per controversie minori,Indicare se il servizio è potenzialmente idoneo all'implementazione del principio Once-Only (OOTS),Servizio Transfrontaliero,http://www.giudicedipace.bologna.it/it/Content/Index/26930
Ministero della Giustizia,Giustizia,Verificare le fasi procedurali per avviare una procedura per controversie minori,Rendere le informazioni disponibili anche per gli utenti stranieri,Servizio Transfrontaliero,http://www.giudicedipacefirenze.it/start.asp
Ministero della Giustizia,Giustizia,Verificare le fasi procedurali per avviare una procedura per controversie minori,Consentire agli utenti stranieri di accedere al servizio online,Servizio Transfrontaliero,http://www.giudicedipacefirenze.it/start.asp
Ministero della Giustizia,Giustizia,Verificare le fasi procedurali per avviare una procedura per controversie minori,Rimuovere la barriera della necessità di identificazione/autenticazione online nazionale,Servizio Transfrontaliero,http://www.giudicedipacefirenze.it/start.asp
Ministero della Giustizia,Giustizia,Verificare le fasi procedurali per avviare una procedura per controversie minori,Consentire la presentazione dei documenti elettronici richiesti dai cittadini stranieri,Servizio Transfrontaliero,http://www.giudicedipacefirenze.it/start.asp
Ministero della Giustizia,Giustizia,Verificare le fasi procedurali per avviare una procedura per controversie minori,Eliminare la necessità di traduzione o riconoscimento dei documenti richiesti,Servizio Transfrontaliero,http://www.giudicedipacefirenze.it/start.asp
Ministero della Giustizia,Giustizia,Verificare le fasi procedurali per avviare una procedura per controversie minori,Fornire traduzioni chiare o un'interfaccia multilingue per superare le barriere linguistiche,Servizio Transfrontaliero,http://www.giudicedipacefirenze.it/start.asp
Ministero della Giustizia,Giustizia,Verificare le fasi procedurali per avviare una procedura per controversie minori,Migliorare la qualità delle traduzioni fornite sul sito web,Servizio Transfrontaliero,http://www.giudicedipacefirenze.it/start.asp
Ministero della Giustizia,Giustizia,Verificare le fasi procedurali per avviare una procedura per controversie minori,Fornire informazioni complete e facilmente accessibili anche per utenti internazionali,Servizio Transfrontaliero,http://www.giudicedipacefirenze.it/start.asp
Ministero della Giustizia,Giustizia,Verificare le fasi procedurali per avviare una procedura per controversie minori,Eliminare la necessità di incontri fisici per completare il servizio,Servizio Transfrontaliero,http://www.giudicedipacefirenze.it/start.asp
Ministero della Giustizia,Giustizia,Verificare le fasi procedurali per avviare una procedura per controversie minori,Indicare se il servizio rientra nel campo di applicazione della SDGR,Servizio Transfrontaliero,http://www.giudicedipacefirenze.it/start.asp
Ministero della Giustizia,Giustizia,Verificare le fasi procedurali per avviare una procedura per controversie minori,Indicare se il servizio è potenzialmente idoneo all'implementazione del principio Once-Only (OOTS),Servizio Transfrontaliero,http://www.giudicedipacefirenze.it/start.asp
Ministero della Giustizia,Giustizia,Verificare le fasi procedurali per avviare una procedura per controversie minori,Rimuovere la barriera della necessità di identificazione/autenticazione online nazionale,Servizio Transfrontaliero,https://gdp.giustizia.it/index.php?menu=guida&pagina=guida
Ministero della Giustizia,Giustizia,Verificare le fasi procedurali per avviare una procedura per controversie minori,Consentire la presentazione dei documenti elettronici richiesti dai cittadini stranieri,Servizio Transfrontaliero,https://gdp.giustizia.it/index.php?menu=guida&pagina=guida
Ministero della Giustizia,Giustizia,Verificare le fasi procedurali per avviare una procedura per controversie minori,Eliminare la necessità di traduzione o riconoscimento dei documenti richiesti,Servizio Transfrontaliero,https://gdp.giustizia.it/index.php?menu=guida&pagina=guida
Ministero della Giustizia,Giustizia,Verificare le fasi procedurali per avviare una procedura per controversie minori,Fornire traduzioni chiare o un'interfaccia multilingue per superare le barriere linguistiche,Servizio Transfrontaliero,https://gdp.giustizia.it/index.php?menu=guida&pagina=guida
Ministero della Giustizia,Giustizia,Verificare le fasi procedurali per avviare una procedura per controversie minori,Migliorare la qualità delle traduzioni fornite sul sito web,Servizio Transfrontaliero,https://gdp.giustizia.it/index.php?menu=guida&pagina=guida
Ministero della Giustizia,Giustizia,Verificare le fasi procedurali per avviare una procedura per controversie minori,Fornire informazioni complete e facilmente accessibili anche per utenti internazionali,Servizio Transfrontaliero,https://gdp.giustizia.it/index.php?menu=guida&pagina=guida
Ministero della Giustizia,Giustizia,Verificare le fasi procedurali per avviare una procedura per controversie minori,Eliminare la necessità di incontri fisici per completare il servizio,Servizio Transfrontaliero,https://gdp.giustizia.it/index.php?menu=guida&pagina=guida
Ministero della Giustizia,Giustizia,Verificare le fasi procedurali per avviare una procedura per controversie minori,Indicare se il servizio rientra nel campo di applicazione della SDGR,Servizio Transfrontaliero,https://gdp.giustizia.it/index.php?menu=guida&pagina=guida
Ministero della Giustizia,Giustizia,Verificare le fasi procedurali per avviare una procedura per controversie minori,Indicare se il servizio è potenzialmente idoneo all'implementazione del principio Once-Only (OOTS),Servizio Transfrontaliero,https://gdp.giustizia.it/index.php?menu=guida&pagina=guida
Ministero della Giustizia,Giustizia,Verificare la legislazione pertinente e i diritti per difendere il proprio caso,Rendere le informazioni disponibili anche per gli utenti stranieri,Servizio Transfrontaliero,http://www.giudicedipace.bologna.it/it
Ministero della Giustizia,Giustizia,Verificare la legislazione pertinente e i diritti per difendere il proprio caso,Consentire agli utenti stranieri di accedere al servizio online,Servizio Transfrontaliero,http://www.giudicedipace.bologna.it/it
Ministero della Giustizia,Giustizia,Verificare la legislazione pertinente e i diritti per difendere il proprio caso,Rimuovere la barriera della necessità di identificazione/autenticazione online nazionale,Servizio Transfrontaliero,http://www.giudicedipace.bologna.it/it
Ministero della Giustizia,Giustizia,Verificare la legislazione pertinente e i diritti per difendere il proprio caso,Consentire la presentazione dei documenti elettronici richiesti dai cittadini stranieri,Servizio Transfrontaliero,http://www.giudicedipace.bologna.it/it
Ministero della Giustizia,Giustizia,Verificare la legislazione pertinente e i diritti per difendere il proprio caso,Eliminare la necessità di traduzione o riconoscimento dei documenti richiesti,Servizio Transfrontaliero,http://www.giudicedipace.bologna.it/it
Ministero della Giustizia,Giustizia,Verificare la legislazione pertinente e i diritti per difendere il proprio caso,Fornire traduzioni chiare o un'interfaccia multilingue per superare le barriere linguistiche,Servizio Transfrontaliero,http://www.giudicedipace.bologna.it/it
Ministero della Giustizia,Giustizia,Verificare la legislazione pertinente e i diritti per difendere il proprio caso,Migliorare la qualità delle traduzioni fornite sul sito web,Servizio Transfrontaliero,http://www.giudicedipace.bologna.it/it
Ministero della Giustizia,Giustizia,Verificare la legislazione pertinente e i diritti per difendere il proprio caso,Fornire informazioni complete e facilmente accessibili anche per utenti internazionali,Servizio Transfrontaliero,http://www.giudicedipace.bologna.it/it
Ministero della Giustizia,Giustizia,Verificare la legislazione pertinente e i diritti per difendere il proprio caso,Eliminare la necessità di incontri fisici per completare il servizio,Servizio Transfrontaliero,http://www.giudicedipace.bologna.it/it
Ministero della Giustizia,Giustizia,Verificare la legislazione pertinente e i diritti per difendere il proprio caso,Indicare se il servizio rientra nel campo di applicazione della SDGR,Servizio Transfrontaliero,http://www.giudicedipace.bologna.it/it
Ministero della Giustizia,Giustizia,Verificare la legislazione pertinente e i diritti per difendere il proprio caso,Indicare se il servizio è potenzialmente idoneo all'implementazione del principio Once-Only (OOTS),Servizio Transfrontaliero,http://www.giudicedipace.bologna.it/it
Ministero della Giustizia,Giustizia,Verificare la legislazione pertinente e i diritti per difendere il proprio caso,Rendere le informazioni disponibili anche per gli utenti stranieri,Servizio Transfrontaliero,http://www.giudicedipacefirenze.it/start.asp
Ministero della Giustizia,Giustizia,Verificare la legislazione pertinente e i diritti per difendere il proprio caso,Consentire agli utenti stranieri di accedere al servizio online,Servizio Transfrontaliero,http://www.giudicedipacefirenze.it/start.asp
Ministero della Giustizia,Giustizia,Verificare la legislazione pertinente e i diritti per difendere il proprio caso,Rimuovere la barriera della necessità di identificazione/autenticazione online nazionale,Servizio Transfrontaliero,http://www.giudicedipacefirenze.it/start.asp
Ministero della Giustizia,Giustizia,Verificare la legislazione pertinente e i diritti per difendere il proprio caso,Consentire la presentazione dei documenti elettronici richiesti dai cittadini stranieri,Servizio Transfrontaliero,http://www.giudicedipacefirenze.it/start.asp
Ministero della Giustizia,Giustizia,Verificare la legislazione pertinente e i diritti per difendere il proprio caso,Eliminare la necessità di traduzione o riconoscimento dei documenti richiesti,Servizio Transfrontaliero,http://www.giudicedipacefirenze.it/start.asp
Ministero della Giustizia,Giustizia,Verificare la legislazione pertinente e i diritti per difendere il proprio caso,Fornire traduzioni chiare o un'interfaccia multilingue per superare le barriere linguistiche,Servizio Transfrontaliero,http://www.giudicedipacefirenze.it/start.asp
Ministero della Giustizia,Giustizia,Verificare la legislazione pertinente e i diritti per difendere il proprio caso,Migliorare la qualità delle traduzioni fornite sul sito web,Servizio Transfrontaliero,http://www.giudicedipacefirenze.it/start.asp
Ministero della Giustizia,Giustizia,Verificare la legislazione pertinente e i diritti per difendere il proprio caso,Fornire informazioni complete e facilmente accessibili anche per utenti internazionali,Servizio Transfrontaliero,http://www.giudicedipacefirenze.it/start.asp
Ministero della Giustizia,Giustizia,Verificare la legislazione pertinente e i diritti per difendere il proprio caso,Eliminare la necessità di incontri fisici per completare il servizio,Servizio Transfrontaliero,http://www.giudicedipacefirenze.it/start.asp
Ministero della Giustizia,Giustizia,Verificare la legislazione pertinente e i diritti per difendere il proprio caso,Indicare se il servizio rientra nel campo di applicazione della SDGR,Servizio Transfrontaliero,http://www.giudicedipacefirenze.it/start.asp
Ministero della Giustizia,Giustizia,Verificare la legislazione pertinente e i diritti per difendere il proprio caso,Indicare se il servizio è potenzialmente idoneo all'implementazione del principio Once-Only (OOTS),Servizio Transfrontaliero,http://www.giudicedipacefirenze.it/start.asp
Ministero della Giustizia,Giustizia,Verificare la legislazione pertinente e i diritti per difendere il proprio caso,Rimuovere la barriera della necessità di identificazione/autenticazione online nazionale,Servizio Transfrontaliero,https://gdp.giustizia.it/index.php?pagina=cambiaufficio#
Ministero della Giustizia,Giustizia,Verificare la legislazione pertinente e i diritti per difendere il proprio caso,Consentire la presentazione dei documenti elettronici richiesti dai cittadini stranieri,Servizio Transfrontaliero,https://gdp.giustizia.it/index.php?pagina=cambiaufficio#
Ministero della Giustizia,Giustizia,Verificare la legislazione pertinente e i diritti per difendere il proprio caso,Eliminare la necessità di traduzione o riconoscimento dei documenti richiesti,Servizio Transfrontaliero,https://gdp.giustizia.it/index.php?pagina=cambiaufficio#
Ministero della Giustizia,Giustizia,Verificare la legislazione pertinente e i diritti per difendere il proprio caso,Fornire traduzioni chiare o un'interfaccia multilingue per superare le barriere linguistiche,Servizio Transfrontaliero,https://gdp.giustizia.it/index.php?pagina=cambiaufficio#
Ministero della Giustizia,Giustizia,Verificare la legislazione pertinente e i diritti per difendere il proprio caso,Migliorare la qualità delle traduzioni fornite sul sito web,Servizio Transfrontaliero,https://gdp.giustizia.it/index.php?pagina=cambiaufficio#
Ministero della Giustizia,Giustizia,Verificare la legislazione pertinente e i diritti per difendere il proprio caso,Fornire informazioni complete e facilmente accessibili anche per utenti internazionali,Servizio Transfrontaliero,https://gdp.giustizia.it/index.php?pagina=cambiaufficio#
Ministero della Giustizia,Giustizia,Verificare la legislazione pertinente e i diritti per difendere il proprio caso,Eliminare la necessità di incontri fisici per completare il servizio,Servizio Transfrontaliero,https://gdp.giustizia.it/index.php?pagina=cambiaufficio#
Ministero della Giustizia,Giustizia,Verificare la legislazione pertinente e i diritti per difendere il proprio caso,Indicare se il servizio rientra nel campo di applicazione della SDGR,Servizio Transfrontaliero,https://gdp.giustizia.it/index.php?pagina=cambiaufficio#
Ministero della Giustizia,Giustizia,Verificare la legislazione pertinente e i diritti per difendere il proprio caso,Indicare se il servizio è potenzialmente idoneo all'implementazione del principio Once-Only (OOTS),Servizio Transfrontaliero,https://gdp.giustizia.it/index.php?pagina=cambiaufficio#
Ministero della Giustizia,Giustizia,Presentare una procedura per controversie minori (emettere il reclamo in tribunale),Rendere le informazioni disponibili anche per gli utenti stranieri,Servizio Transfrontaliero,https://gdp.giustizia.it/sigp/?idlingua=IT
Ministero della Giustizia,Giustizia,Presentare una procedura per controversie minori (emettere il reclamo in tribunale),Consentire agli utenti stranieri di accedere al servizio online,Servizio Transfrontaliero,https://gdp.giustizia.it/sigp/?idlingua=IT
Ministero della Giustizia,Giustizia,Presentare una procedura per controversie minori (emettere il reclamo in tribunale),Rimuovere la barriera della necessità di identificazione/autenticazione online nazionale,Servizio Transfrontaliero,https://gdp.giustizia.it/sigp/?idlingua=IT
Ministero della Giustizia,Giustizia,Presentare una procedura per controversie minori (emettere il reclamo in tribunale),Consentire la presentazione dei documenti elettronici richiesti dai cittadini stranieri,Servizio Transfrontaliero,https://gdp.giustizia.it/sigp/?idlingua=IT
Ministero della Giustizia,Giustizia,Presentare una procedura per controversie minori (emettere il reclamo in tribunale),Eliminare la necessità di traduzione o riconoscimento dei documenti richiesti,Servizio Transfrontaliero,https://gdp.giustizia.it/sigp/?idlingua=IT
Ministero della Giustizia,Giustizia,Presentare una procedura per controversie minori (emettere il reclamo in tribunale),Fornire traduzioni chiare o un'interfaccia multilingue per superare le barriere linguistiche,Servizio Transfrontaliero,https://gdp.giustizia.it/sigp/?idlingua=IT
Ministero della Giustizia,Giustizia,Presentare una procedura per controversie minori (emettere il reclamo in tribunale),Migliorare la qualità delle traduzioni fornite sul sito web,Servizio Transfrontaliero,https://gdp.giustizia.it/sigp/?idlingua=IT
Ministero della Giustizia,Giustizia,Presentare una procedura per controversie minori (emettere il reclamo in tribunale),Fornire informazioni complete e facilmente accessibili anche per utenti internazionali,Servizio Transfrontaliero,https://gdp.giustizia.it/sigp/?idlingua=IT
Ministero della Giustizia,Giustizia,Presentare una procedura per controversie minori (emettere il reclamo in tribunale),Eliminare la necessità di incontri fisici per completare il servizio,Servizio Transfrontaliero,https://gdp.giustizia.it/sigp/?idlingua=IT
Ministero della Giustizia,Giustizia,Presentare una procedura per controversie minori (emettere il reclamo in tribunale),Permettere l'autenticazione tramite eID nazionale anche per utenti transfrontalieri,Servizio Transfrontaliero,https://gdp.giustizia.it/sigp/?idlingua=IT
Ministero della Giustizia,Giustizia,Presentare una procedura per controversie minori (emettere il reclamo in tribunale),Chiarire se è previsto un pagamento per accedere al servizio,Servizio Transfrontaliero,https://gdp.giustizia.it/sigp/?idlingua=IT
Ministero della Giustizia,Giustizia,Presentare una procedura per controversie minori (emettere il reclamo in tribunale),Indicare se il servizio rientra nel campo di applicazione della SDGR,Servizio Transfrontaliero,https://gdp.giustizia.it/sigp/?idlingua=IT
Ministero della Giustizia,Giustizia,Presentare una procedura per controversie minori (emettere il reclamo in tribunale),Indicare se il servizio è potenzialmente idoneo all'implementazione del principio Once-Only (OOTS),Servizio Transfrontaliero,https://gdp.giustizia.it/sigp/?idlingua=IT
Ministero della Giustizia,Giustizia,Presentare una procedura per controversie minori (emettere il reclamo in tribunale),Rimuovere la barriera della necessità di identificazione/autenticazione online nazionale,Servizio Transfrontaliero,https://play.google.com/store/apps/details?id=it.giustizia.civile
Ministero della Giustizia,Giustizia,Presentare una procedura per controversie minori (emettere il reclamo in tribunale),Consentire la presentazione dei documenti elettronici richiesti dai cittadini stranieri,Servizio Transfrontaliero,https://play.google.com/store/apps/details?id=it.giustizia.civile
Ministero della Giustizia,Giustizia,Presentare una procedura per controversie minori (emettere il reclamo in tribunale),Eliminare la necessità di traduzione o riconoscimento dei documenti richiesti,Servizio Transfrontaliero,https://play.google.com/store/apps/details?id=it.giustizia.civile
Ministero della Giustizia,Giustizia,Presentare una procedura per controversie minori (emettere il reclamo in tribunale),Fornire traduzioni chiare o un'interfaccia multilingue per superare le barriere linguistiche,Servizio Transfrontaliero,https://play.google.com/store/apps/details?id=it.giustizia.civile
Ministero della Giustizia,Giustizia,Presentare una procedura per controversie minori (emettere il reclamo in tribunale),Migliorare la qualità delle traduzioni fornite sul sito web,Servizio Transfrontaliero,https://play.google.com/store/apps/details?id=it.giustizia.civile
Ministero della Giustizia,Giustizia,Presentare una procedura per controversie minori (emettere il reclamo in tribunale),Fornire informazioni complete e facilmente accessibili anche per utenti internazionali,Servizio Transfrontaliero,https://play.google.com/store/apps/details?id=it.giustizia.civile
Ministero della Giustizia,Giustizia,Presentare una procedura per controversie minori (emettere il reclamo in tribunale),Eliminare la necessità di incontri fisici per completare il servizio,Servizio Transfrontaliero,https://play.google.com/store/apps/details?id=it.giustizia.civile
Ministero della Giustizia,Giustizia,Presentare una procedura per controversie minori (emettere il reclamo in tribunale),Permettere l'autenticazione tramite eID nazionale anche per utenti transfrontalieri,Servizio Transfrontaliero,https://play.google.com/store/apps/details?id=it.giustizia.civile
Ministero della Giustizia,Giustizia,Presentare una procedura per controversie minori (emettere il reclamo in tribunale),Chiarire se è previsto un pagamento per accedere al servizio,Servizio Transfrontaliero,https://play.google.com/store/apps/details?id=it.giustizia.civile
Ministero della Giustizia,Giustizia,Presentare una procedura per controversie minori (emettere il reclamo in tribunale),Indicare se il servizio rientra nel campo di applicazione della SDGR,Servizio Transfrontaliero,https://play.google.com/store/apps/details?id=it.giustizia.civile
Ministero della Giustizia,Giustizia,Presentare una procedura per controversie minori (emettere il reclamo in tribunale),Indicare se il servizio è potenzialmente idoneo all'implementazione del principio Once-Only (OOTS),Servizio Transfrontaliero,https://play.google.com/store/apps/details?id=it.giustizia.civile
Ministero della Giustizia,Giustizia,Presentare prove/documenti di supporto,Rimuovere la barriera della necessità di identificazione/autenticazione online nazionale,Servizio Transfrontaliero,https://gdp.giustizia.it/sigp/?idlingua=IT
Ministero della Giustizia,Giustizia,Presentare prove/documenti di supporto,Consentire la presentazione dei documenti elettronici richiesti dai cittadini stranieri,Servizio Transfrontaliero,https://gdp.giustizia.it/sigp/?idlingua=IT
Ministero della Giustizia,Giustizia,Presentare prove/documenti di supporto,Eliminare la necessità di traduzione o riconoscimento dei documenti richiesti,Servizio Transfrontaliero,https://gdp.giustizia.it/sigp/?idlingua=IT
Ministero della Giustizia,Giustizia,Presentare prove/documenti di supporto,Fornire traduzioni chiare o un'interfaccia multilingue per superare le barriere linguistiche,Servizio Transfrontaliero,https://gdp.giustizia.it/sigp/?idlingua=IT
Ministero della Giustizia,Giustizia,Presentare prove/documenti di supporto,Migliorare la qualità delle traduzioni fornite sul sito web,Servizio Transfrontaliero,https://gdp.giustizia.it/sigp/?idlingua=IT
Ministero della Giustizia,Giustizia,Presentare prove/documenti di supporto,Fornire informazioni complete e facilmente accessibili anche per utenti internazionali,Servizio Transfrontaliero,https://gdp.giustizia.it/sigp/?idlingua=IT
Ministero della Giustizia,Giustizia,Presentare prove/documenti di supporto,Eliminare la necessità di incontri fisici per completare il servizio,Servizio Transfrontaliero,https://gdp.giustizia.it/sigp/?idlingua=IT
Ministero della Giustizia,Giustizia,Presentare prove/documenti di supporto,Permettere l'autenticazione tramite eID nazionale anche per utenti transfrontalieri,Servizio Transfrontaliero,https://gdp.giustizia.it/sigp/?idlingua=IT
Ministero della Giustizia,Giustizia,Presentare prove/documenti di supporto,Chiarire se è previsto un pagamento per accedere al servizio,Servizio Transfrontaliero,https://gdp.giustizia.it/sigp/?idlingua=IT
Ministero della Giustizia,Giustizia,Presentare prove/documenti di supporto,Indicare se il servizio rientra nel campo di applicazione della SDGR,Servizio Transfrontaliero,https://gdp.giustizia.it/sigp/?idlingua=IT
Ministero della Giustizia,Giustizia,Presentare prove/documenti di supporto,Indicare se il servizio è potenzialmente idoneo all'implementazione del principio Once-Only (OOTS),Servizio Transfrontaliero,https://gdp.giustizia.it/sigp/?idlingua=IT
Ministero della Giustizia,Giustizia,Monitorare lo stato del caso,Rimuovere la barriera della necessità di identificazione/autenticazione online nazionale,Servizio Transfrontaliero,https://gdp.giustizia.it/sigp/?idlingua=IT
Ministero della Giustizia,Giustizia,Monitorare lo stato del caso,Consentire la presentazione dei documenti elettronici richiesti dai cittadini stranieri,Servizio Transfrontaliero,https://gdp.giustizia.it/sigp/?idlingua=IT
Ministero della Giustizia,Giustizia,Monitorare lo stato del caso,Eliminare la necessità di traduzione o riconoscimento dei documenti richiesti,Servizio Transfrontaliero,https://gdp.giustizia.it/sigp/?idlingua=IT
Ministero della Giustizia,Giustizia,Monitorare lo stato del caso,Fornire traduzioni chiare o un'interfaccia multilingue per superare le barriere linguistiche,Servizio Transfrontaliero,https://gdp.giustizia.it/sigp/?idlingua=IT
Ministero della Giustizia,Giustizia,Monitorare lo stato del caso,Migliorare la qualità delle traduzioni fornite sul sito web,Servizio Transfrontaliero,https://gdp.giustizia.it/sigp/?idlingua=IT
Ministero della Giustizia,Giustizia,Monitorare lo stato del caso,Fornire informazioni complete e facilmente accessibili anche per utenti internazionali,Servizio Transfrontaliero,https://gdp.giustizia.it/sigp/?idlingua=IT
Ministero della Giustizia,Giustizia,Monitorare lo stato del caso,Eliminare la necessità di incontri fisici per completare il servizio,Servizio Transfrontaliero,https://gdp.giustizia.it/sigp/?idlingua=IT
Ministero della Giustizia,Giustizia,Monitorare lo stato del caso,Indicare se il servizio rientra nel campo di applicazione della SDGR,Servizio Transfrontaliero,https://gdp.giustizia.it/sigp/?idlingua=IT
Ministero della Giustizia,Giustizia,Monitorare lo stato del caso,Indicare se il servizio è potenzialmente idoneo all'implementazione del principio Once-Only (OOTS),Servizio Transfrontaliero,https://gdp.giustizia.it/sigp/?idlingua=IT
Ministero della Giustizia,Giustizia,Monitorare lo stato del caso,Rimuovere la barriera della necessità di identificazione/autenticazione online nazionale,Servizio Transfrontaliero,https://gdp.giustizia.it/sigp/index.php?menu=ricerche&pagina=cambiaufficio&nextpagina=direttapiweb#elenco
Ministero della Giustizia,Giustizia,Monitorare lo stato del caso,Consentire la presentazione dei documenti elettronici richiesti dai cittadini stranieri,Servizio Transfrontaliero,https://gdp.giustizia.it/sigp/index.php?menu=ricerche&pagina=cambiaufficio&nextpagina=direttapiweb#elenco
Ministero della Giustizia,Giustizia,Monitorare lo stato del caso,Eliminare la necessità di traduzione o riconoscimento dei documenti richiesti,Servizio Transfrontaliero,https://gdp.giustizia.it/sigp/index.php?menu=ricerche&pagina=cambiaufficio&nextpagina=direttapiweb#elenco
Ministero della Giustizia,Giustizia,Monitorare lo stato del caso,Fornire traduzioni chiare o un'interfaccia multilingue per superare le barriere linguistiche,Servizio Transfrontaliero,https://gdp.giustizia.it/sigp/index.php?menu=ricerche&pagina=cambiaufficio&nextpagina=direttapiweb#elenco
Ministero della Giustizia,Giustizia,Monitorare lo stato del caso,Migliorare la qualità delle traduzioni fornite sul sito web,Servizio Transfrontaliero,https://gdp.giustizia.it/sigp/index.php?menu=ricerche&pagina=cambiaufficio&nextpagina=direttapiweb#elenco
Ministero della Giustizia,Giustizia,Monitorare lo stato del caso,Fornire informazioni complete e facilmente accessibili anche per utenti internazionali,Servizio Transfrontaliero,https://gdp.giustizia.it/sigp/index.php?menu=ricerche&pagina=cambiaufficio&nextpagina=direttapiweb#elenco
Ministero della Giustizia,Giustizia,Monitorare lo stato del caso,Eliminare la necessità di incontri fisici per completare il servizio,Servizio Transfrontaliero,https://gdp.giustizia.it/sigp/index.php?menu=ricerche&pagina=cambiaufficio&nextpagina=direttapiweb#elenco
Ministero della Giustizia,Giustizia,Monitorare lo stato del caso,Indicare se il servizio rientra nel campo di applicazione della SDGR,Servizio Transfrontaliero,https://gdp.giustizia.it/sigp/index.php?menu=ricerche&pagina=cambiaufficio&nextpagina=direttapiweb#elenco
Ministero della Giustizia,Giustizia,Monitorare lo stato del caso,Indicare se il servizio è potenzialmente idoneo all'implementazione del principio Once-Only (OOTS),Servizio Transfrontaliero,https://gdp.giustizia.it/sigp/index.php?menu=ricerche&pagina=cambiaufficio&nextpagina=direttapiweb#elenco
Ministero della Giustizia,Giustizia,Ricorrere contro la decisione del tribunale,Rendere le informazioni disponibili anche per gli utenti stranieri,Servizio Transfrontaliero,http://www.giudicedipace.bologna.it/it
Ministero della Giustizia,Giustizia,Ricorrere contro la decisione del tribunale,Consentire agli utenti stranieri di accedere al servizio online,Servizio Transfrontaliero,http://www.giudicedipace.bologna.it/it
Ministero della Giustizia,Giustizia,Ricorrere contro la decisione del tribunale,Rimuovere la barriera della necessità di identificazione/autenticazione online nazionale,Servizio Transfrontaliero,http://www.giudicedipace.bologna.it/it
Ministero della Giustizia,Giustizia,Ricorrere contro la decisione del tribunale,Consentire la presentazione dei documenti elettronici richiesti dai cittadini stranieri,Servizio Transfrontaliero,http://www.giudicedipace.bologna.it/it
Ministero della Giustizia,Giustizia,Ricorrere contro la decisione del tribunale,Eliminare la necessità di traduzione o riconoscimento dei documenti richiesti,Servizio Transfrontaliero,http://www.giudicedipace.bologna.it/it
Ministero della Giustizia,Giustizia,Ricorrere contro la decisione del tribunale,Fornire traduzioni chiare o un'interfaccia multilingue per superare le barriere linguistiche,Servizio Transfrontaliero,http://www.giudicedipace.bologna.it/it
Ministero della Giustizia,Giustizia,Ricorrere contro la decisione del tribunale,Migliorare la qualità delle traduzioni fornite sul sito web,Servizio Transfrontaliero,http://www.giudicedipace.bologna.it/it
Ministero della Giustizia,Giustizia,Ricorrere contro la decisione del tribunale,Fornire informazioni complete e facilmente accessibili anche per utenti internazionali,Servizio Transfrontaliero,http://www.giudicedipace.bologna.it/it
Ministero della Giustizia,Giustizia,Ricorrere contro la decisione del tribunale,Eliminare la necessità di incontri fisici per completare il servizio,Servizio Transfrontaliero,http://www.giudicedipace.bologna.it/it
Ministero della Giustizia,Giustizia,Ricorrere contro la decisione del tribunale,Permettere l'autenticazione tramite eID nazionale anche per utenti transfrontalieri,Servizio Transfrontaliero,http://www.giudicedipace.bologna.it/it
Ministero della Giustizia,Giustizia,Ricorrere contro la decisione del tribunale,Chiarire se è previsto un pagamento per accedere al servizio,Servizio Transfrontaliero,http://www.giudicedipace.bologna.it/it
Ministero della Giustizia,Giustizia,Ricorrere contro la decisione del tribunale,Indicare se il servizio rientra nel campo di applicazione della SDGR,Servizio Transfrontaliero,http://www.giudicedipace.bologna.it/it
Ministero della Giustizia,Giustizia,Ricorrere contro la decisione del tribunale,Indicare se il servizio è potenzialmente idoneo all'implementazione del principio Once-Only (OOTS),Servizio Transfrontaliero,http://www.giudicedipace.bologna.it/it
Ministero della Giustizia,Giustizia,Ricorrere contro la decisione del tribunale,Rendere le informazioni disponibili anche per gli utenti stranieri,Servizio Transfrontaliero,http://www.giudicedipacefirenze.it/start.asp
Ministero della Giustizia,Giustizia,Ricorrere contro la decisione del tribunale,Consentire agli utenti stranieri di accedere al servizio online,Servizio Transfrontaliero,http://www.giudicedipacefirenze.it/start.asp
Ministero della Giustizia,Giustizia,Ricorrere contro la decisione del tribunale,Rimuovere la barriera della necessità di identificazione/autenticazione online nazionale,Servizio Transfrontaliero,http://www.giudicedipacefirenze.it/start.asp
Ministero della Giustizia,Giustizia,Ricorrere contro la decisione del tribunale,Consentire la presentazione dei documenti elettronici richiesti dai cittadini stranieri,Servizio Transfrontaliero,http://www.giudicedipacefirenze.it/start.asp
Ministero della Giustizia,Giustizia,Ricorrere contro la decisione del tribunale,Eliminare la necessità di traduzione o riconoscimento dei documenti richiesti,Servizio Transfrontaliero,http://www.giudicedipacefirenze.it/start.asp
Ministero della Giustizia,Giustizia,Ricorrere contro la decisione del tribunale,Fornire traduzioni chiare o un'interfaccia multilingue per superare le barriere linguistiche,Servizio Transfrontaliero,http://www.giudicedipacefirenze.it/start.asp
Ministero della Giustizia,Giustizia,Ricorrere contro la decisione del tribunale,Migliorare la qualità delle traduzioni fornite sul sito web,Servizio Transfrontaliero,http://www.giudicedipacefirenze.it/start.asp
Ministero della Giustizia,Giustizia,Ricorrere contro la decisione del tribunale,Fornire informazioni complete e facilmente accessibili anche per utenti internazionali,Servizio Transfrontaliero,http://www.giudicedipacefirenze.it/start.asp
Ministero della Giustizia,Giustizia,Ricorrere contro la decisione del tribunale,Eliminare la necessità di incontri fisici per completare il servizio,Servizio Transfrontaliero,http://www.giudicedipacefirenze.it/start.asp
Ministero della Giustizia,Giustizia,Ricorrere contro la decisione del tribunale,Permettere l'autenticazione tramite eID nazionale anche per utenti transfrontalieri,Servizio Transfrontaliero,http://www.giudicedipacefirenze.it/start.asp
Ministero della Giustizia,Giustizia,Ricorrere contro la decisione del tribunale,Chiarire se è previsto un pagamento per accedere al servizio,Servizio Transfrontaliero,http://www.giudicedipacefirenze.it/start.asp
Ministero della Giustizia,Giustizia,Ricorrere contro la decisione del tribunale,Indicare se il servizio rientra nel campo di applicazione della SDGR,Servizio Transfrontaliero,http://www.giudicedipacefirenze.it/start.asp
Ministero della Giustizia,Giustizia,Ricorrere contro la decisione del tribunale,Indicare se il servizio è potenzialmente idoneo all'implementazione del principio Once-Only (OOTS),Servizio Transfrontaliero,http://www.giudicedipacefirenze.it/start.asp
Ministero della Giustizia,Giustizia,Ricorrere contro la decisione del tribunale,Rendere le informazioni disponibili anche per gli utenti stranieri,Servizio Transfrontaliero,https://gdp.giustizia.it/index.php?pagina=cambiaufficio#
Ministero della Giustizia,Giustizia,Ricorrere contro la decisione del tribunale,Consentire agli utenti stranieri di accedere al servizio online,Servizio Transfrontaliero,https://gdp.giustizia.it/index.php?pagina=cambiaufficio#
Ministero della Giustizia,Giustizia,Ricorrere contro la decisione del tribunale,Rimuovere la barriera della necessità di identificazione/autenticazione online nazionale,Servizio Transfrontaliero,https://gdp.giustizia.it/index.php?pagina=cambiaufficio#
Ministero della Giustizia,Giustizia,Ricorrere contro la decisione del tribunale,Consentire la presentazione dei documenti elettronici richiesti dai cittadini stranieri,Servizio Transfrontaliero,https://gdp.giustizia.it/index.php?pagina=cambiaufficio#
Ministero della Giustizia,Giustizia,Ricorrere contro la decisione del tribunale,Eliminare la necessità di traduzione o riconoscimento dei documenti richiesti,Servizio Transfrontaliero,https://gdp.giustizia.it/index.php?pagina=cambiaufficio#
Ministero della Giustizia,Giustizia,Ricorrere contro la decisione del tribunale,Fornire traduzioni chiare o un'interfaccia multilingue per superare le barriere linguistiche,Servizio Transfrontaliero,https://gdp.giustizia.it/index.php?pagina=cambiaufficio#
Ministero della Giustizia,Giustizia,Ricorrere contro la decisione del tribunale,Migliorare la qualità delle traduzioni fornite sul sito web,Servizio Transfrontaliero,https://gdp.giustizia.it/index.php?pagina=cambiaufficio#
Ministero della Giustizia,Giustizia,Ricorrere contro la decisione del tribunale,Fornire informazioni complete e facilmente accessibili anche per utenti internazionali,Servizio Transfrontaliero,https://gdp.giustizia.it/index.php?pagina=cambiaufficio#
Ministero della Giustizia,Giustizia,Ricorrere contro la decisione del tribunale,Eliminare la necessità di incontri fisici per completare il servizio,Servizio Transfrontaliero,https://gdp.giustizia.it/index.php?pagina=cambiaufficio#
Ministero della Giustizia,Giustizia,Ricorrere contro la decisione del tribunale,Permettere l'autenticazione tramite eID nazionale anche per utenti transfrontalieri,Servizio Transfrontaliero,https://gdp.giustizia.it/index.php?pagina=cambiaufficio#
Ministero della Giustizia,Giustizia,Ricorrere contro la decisione del tribunale,Chiarire se è previsto un pagamento per accedere al servizio,Servizio Transfrontaliero,https://gdp.giustizia.it/index.php?pagina=cambiaufficio#
Ministero della Giustizia,Giustizia,Ricorrere contro la decisione del tribunale,Indicare se il servizio rientra nel campo di applicazione della SDGR,Servizio Transfrontaliero,https://gdp.giustizia.it/index.php?pagina=cambiaufficio#
Ministero della Giustizia,Giustizia,Ricorrere contro la decisione del tribunale,Indicare se il servizio è potenzialmente idoneo all'implementazione del principio Once-Only (OOTS),Servizio Transfrontaliero,https://gdp.giustizia.it/index.php?pagina=cambiaufficio#
Ministero dei Trasporti,Trasporti,Registrare un’auto,Rendere le informazioni disponibili anche per gli utenti stranieri,Servizio Transfrontaliero,https://www.ilportaledellautomobilista.it/web/portale-automobilista/immatricolazione
Ministero dei Trasporti,Trasporti,Registrare un’auto,Consentire agli utenti stranieri di accedere al servizio online,Servizio Transfrontaliero,https://www.ilportaledellautomobilista.it/web/portale-automobilista/immatricolazione
Ministero dei Trasporti,Trasporti,Registrare un’auto,Rimuovere la barriera della necessità di identificazione/autenticazione online nazionale,Servizio Transfrontaliero,https://www.ilportaledellautomobilista.it/web/portale-automobilista/immatricolazione
Ministero dei Trasporti,Trasporti,Registrare un’auto,Consentire la presentazione dei documenti elettronici richiesti dai cittadini stranieri,Servizio Transfrontaliero,https://www.ilportaledellautomobilista.it/web/portale-automobilista/immatricolazione
Ministero dei Trasporti,Trasporti,Registrare un’auto,Eliminare la necessità di traduzione o riconoscimento dei documenti richiesti,Servizio Transfrontaliero,https://www.ilportaledellautomobilista.it/web/portale-automobilista/immatricolazione
Ministero dei Trasporti,Trasporti,Registrare un’auto,Fornire traduzioni chiare o un'interfaccia multilingue per superare le barriere linguistiche,Servizio Transfrontaliero,https://www.ilportaledellautomobilista.it/web/portale-automobilista/immatricolazione
Ministero dei Trasporti,Trasporti,Registrare un’auto,Migliorare la qualità delle traduzioni fornite sul sito web,Servizio Transfrontaliero,https://www.ilportaledellautomobilista.it/web/portale-automobilista/immatricolazione
Ministero dei Trasporti,Trasporti,Registrare un’auto,Fornire informazioni complete e facilmente accessibili anche per utenti internazionali,Servizio Transfrontaliero,https://www.ilportaledellautomobilista.it/web/portale-automobilista/immatricolazione
Ministero dei Trasporti,Trasporti,Registrare un’auto,Eliminare la necessità di incontri fisici per completare il servizio,Servizio Transfrontaliero,https://www.ilportaledellautomobilista.it/web/portale-automobilista/immatricolazione
Ministero dei Trasporti,Trasporti,Registrare un’auto,Specificare se sono richiesti documenti per utenti transfrontalieri,Servizio Transfrontaliero,https://www.ilportaledellautomobilista.it/web/portale-automobilista/immatricolazione
Ministero dei Trasporti,Trasporti,Registrare un’auto,Consentire il pagamento elettronico anche da altri paesi,Servizio Transfrontaliero,https://www.ilportaledellautomobilista.it/web/portale-automobilista/immatricolazione
Ministero dei Trasporti,Trasporti,Registrare un’auto,Fornire una conferma automatica di ricezione della richiesta,Servizio Transfrontaliero,https://www.ilportaledellautomobilista.it/web/portale-automobilista/immatricolazione
Ministero dei Trasporti,Trasporti,Registrare un’auto,Fornire un output elettronico del servizio,Servizio Transfrontaliero,https://www.ilportaledellautomobilista.it/web/portale-automobilista/immatricolazione
Ministero dei Trasporti,Trasporti,Registrare un’auto,Comunicare automaticamente all'utente il completamento del servizio,Servizio Transfrontaliero,https://www.ilportaledellautomobilista.it/web/portale-automobilista/immatricolazione
Ministero dei Trasporti,Trasporti,Registrare un’auto,Indicare se il servizio è potenzialmente idoneo all'implementazione del principio Once-Only (OOTS),Servizio Transfrontaliero,https://www.ilportaledellautomobilista.it/web/portale-automobilista/immatricolazione
Autostrade per l'Italia,Trasporti,Ottenere un permesso per strade a pedaggio o vignette,Rimuovere la barriera della necessità di identificazione/autenticazione online nazionale,Servizio Transfrontaliero,https://www.autostrade.it/en/il-pedaggio/dispositivi-di-telepedaggio
Autostrade per l'Italia,Trasporti,Ottenere un permesso per strade a pedaggio o vignette,Consentire la presentazione dei documenti elettronici richiesti dai cittadini stranieri,Servizio Transfrontaliero,https://www.autostrade.it/en/il-pedaggio/dispositivi-di-telepedaggio
Autostrade per l'Italia,Trasporti,Ottenere un permesso per strade a pedaggio o vignette,Eliminare la necessità di traduzione o riconoscimento dei documenti richiesti,Servizio Transfrontaliero,https://www.autostrade.it/en/il-pedaggio/dispositivi-di-telepedaggio
Autostrade per l'Italia,Trasporti,Ottenere un permesso per strade a pedaggio o vignette,Fornire traduzioni chiare o un'interfaccia multilingue per superare le barriere linguistiche,Servizio Transfrontaliero,https://www.autostrade.it/en/il-pedaggio/dispositivi-di-telepedaggio
Autostrade per l'Italia,Trasporti,Ottenere un permesso per strade a pedaggio o vignette,Migliorare la qualità delle traduzioni fornite sul sito web,Servizio Transfrontaliero,https://www.autostrade.it/en/il-pedaggio/dispositivi-di-telepedaggio
Autostrade per l'Italia,Trasporti,Ottenere un permesso per strade a pedaggio o vignette,Fornire informazioni complete e facilmente accessibili anche per utenti internazionali,Servizio Transfrontaliero,https://www.autostrade.it/en/il-pedaggio/dispositivi-di-telepedaggio
Autostrade per l'Italia,Trasporti,Ottenere un permesso per strade a pedaggio o vignette,Eliminare la necessità di incontri fisici per completare il servizio,Servizio Transfrontaliero,https://www.autostrade.it/en/il-pedaggio/dispositivi-di-telepedaggio
Autostrade per l'Italia,Trasporti,Ottenere un permesso per strade a pedaggio o vignette,Permettere l'autenticazione tramite eID nazionale anche per utenti transfrontalieri,Servizio Transfrontaliero,https://www.autostrade.it/en/il-pedaggio/dispositivi-di-telepedaggio
Autostrade per l'Italia,Trasporti,Ottenere un permesso per strade a pedaggio o vignette,Specificare se sono richiesti documenti per utenti transfrontalieri,Servizio Transfrontaliero,https://www.autostrade.it/en/il-pedaggio/dispositivi-di-telepedaggio
Autostrade per l'Italia,Trasporti,Ottenere un permesso per strade a pedaggio o vignette,Indicare se il servizio è potenzialmente idoneo all'implementazione del principio Once-Only (OOTS),Servizio Transfrontaliero,https://www.autostrade.it/en/il-pedaggio/dispositivi-di-telepedaggio
Non Applicabile,Trasporti,Ottenere adesivi per le emissioni,Indicare se il servizio è potenzialmente idoneo all'implementazione del principio Once-Only (OOTS),Servizio Transfrontaliero,Not applicable
Trenitalia,Trasporti,Verificare le informazioni e pianificare un viaggio (coinvolgendo più tipi di trasporto pubblico),Rimuovere la barriera della necessità di identificazione/autenticazione online nazionale,Servizio Transfrontaliero,https://www.trenitalia.com/en.html
Trenitalia,Trasporti,Verificare le informazioni e pianificare un viaggio (coinvolgendo più tipi di trasporto pubblico),Consentire la presentazione dei documenti elettronici richiesti dai cittadini stranieri,Servizio Transfrontaliero,https://www.trenitalia.com/en.html
Trenitalia,Trasporti,Verificare le informazioni e pianificare un viaggio (coinvolgendo più tipi di trasporto pubblico),Eliminare la necessità di traduzione o riconoscimento dei documenti richiesti,Servizio Transfrontaliero,https://www.trenitalia.com/en.html
Trenitalia,Trasporti,Verificare le informazioni e pianificare un viaggio (coinvolgendo più tipi di trasporto pubblico),Fornire traduzioni chiare o un'interfaccia multilingue per superare le barriere linguistiche,Servizio Transfrontaliero,https://www.trenitalia.com/en.html
Trenitalia,Trasporti,Verificare le informazioni e pianificare un viaggio (coinvolgendo più tipi di trasporto pubblico),Migliorare la qualità delle traduzioni fornite sul sito web,Servizio Transfrontaliero,https://www.trenitalia.com/en.html
Trenitalia,Trasporti,Verificare le informazioni e pianificare un viaggio (coinvolgendo più tipi di trasporto pubblico),Fornire informazioni complete e facilmente accessibili anche per utenti internazionali,Servizio Transfrontaliero,https://www.trenitalia.com/en.html
Trenitalia,Trasporti,Verificare le informazioni e pianificare un viaggio (coinvolgendo più tipi di trasporto pubblico),Eliminare la necessità di incontri fisici per completare il servizio,Servizio Transfrontaliero,https://www.trenitalia.com/en.html
Trenitalia,Trasporti,Verificare le informazioni e pianificare un viaggio (coinvolgendo più tipi di trasporto pubblico),Indicare se il servizio rientra nel campo di applicazione della SDGR,Servizio Transfrontaliero,https://www.trenitalia.com/en.html
Trenitalia,Trasporti,Verificare le informazioni e pianificare un viaggio (coinvolgendo più tipi di trasporto pubblico),Indicare se il servizio è potenzialmente idoneo all'implementazione del principio Once-Only (OOTS),Servizio Transfrontaliero,https://www.trenitalia.com/en.html
Comune di Roma,Trasporti,Verificare le informazioni e pianificare un viaggio (coinvolgendo più tipi di trasporto pubblico),Rimuovere la barriera della necessità di identificazione/autenticazione online nazionale,Servizio Transfrontaliero,https://www.atac.roma.it/
Comune di Roma,Trasporti,Verificare le informazioni e pianificare un viaggio (coinvolgendo più tipi di trasporto pubblico),Consentire la presentazione dei documenti elettronici richiesti dai cittadini stranieri,Servizio Transfrontaliero,https://www.atac.roma.it/
Comune di Roma,Trasporti,Verificare le informazioni e pianificare un viaggio (coinvolgendo più tipi di trasporto pubblico),Eliminare la necessità di traduzione o riconoscimento dei documenti richiesti,Servizio Transfrontaliero,https://www.atac.roma.it/
Comune di Roma,Trasporti,Verificare le informazioni e pianificare un viaggio (coinvolgendo più tipi di trasporto pubblico),Fornire traduzioni chiare o un'interfaccia multilingue per superare le barriere linguistiche,Servizio Transfrontaliero,https://www.atac.roma.it/
Comune di Roma,Trasporti,Verificare le informazioni e pianificare un viaggio (coinvolgendo più tipi di trasporto pubblico),Migliorare la qualità delle traduzioni fornite sul sito web,Servizio Transfrontaliero,https://www.atac.roma.it/
Comune di Roma,Trasporti,Verificare le informazioni e pianificare un viaggio (coinvolgendo più tipi di trasporto pubblico),Fornire informazioni complete e facilmente accessibili anche per utenti internazionali,Servizio Transfrontaliero,https://www.atac.roma.it/
Comune di Roma,Trasporti,Verificare le informazioni e pianificare un viaggio (coinvolgendo più tipi di trasporto pubblico),Eliminare la necessità di incontri fisici per completare il servizio,Servizio Transfrontaliero,https://www.atac.roma.it/
Comune di Roma,Trasporti,Verificare le informazioni e pianificare un viaggio (coinvolgendo più tipi di trasporto pubblico),Indicare se il servizio rientra nel campo di applicazione della SDGR,Servizio Transfrontaliero,https://www.atac.roma.it/
Comune di Roma,Trasporti,Verificare le informazioni e pianificare un viaggio (coinvolgendo più tipi di trasporto pubblico),Indicare se il servizio è potenzialmente idoneo all'implementazione del principio Once-Only (OOTS),Servizio Transfrontaliero,https://www.atac.roma.it/
Comune di Milano,Trasporti,Verificare le informazioni e pianificare un viaggio (coinvolgendo più tipi di trasporto pubblico),Rimuovere la barriera della necessità di identificazione/autenticazione online nazionale,Servizio Transfrontaliero,https://www.atm.it/en/Pages/default.aspx
Comune di Milano,Trasporti,Verificare le informazioni e pianificare un viaggio (coinvolgendo più tipi di trasporto pubblico),Consentire la presentazione dei documenti elettronici richiesti dai cittadini stranieri,Servizio Transfrontaliero,https://www.atm.it/en/Pages/default.aspx
Comune di Milano,Trasporti,Verificare le informazioni e pianificare un viaggio (coinvolgendo più tipi di trasporto pubblico),Eliminare la necessità di traduzione o riconoscimento dei documenti richiesti,Servizio Transfrontaliero,https://www.atm.it/en/Pages/default.aspx
Comune di Milano,Trasporti,Verificare le informazioni e pianificare un viaggio (coinvolgendo più tipi di trasporto pubblico),Fornire traduzioni chiare o un'interfaccia multilingue per superare le barriere linguistiche,Servizio Transfrontaliero,https://www.atm.it/en/Pages/default.aspx
Comune di Milano,Trasporti,Verificare le informazioni e pianificare un viaggio (coinvolgendo più tipi di trasporto pubblico),Migliorare la qualità delle traduzioni fornite sul sito web,Servizio Transfrontaliero,https://www.atm.it/en/Pages/default.aspx
Comune di Milano,Trasporti,Verificare le informazioni e pianificare un viaggio (coinvolgendo più tipi di trasporto pubblico),Fornire informazioni complete e facilmente accessibili anche per utenti internazionali,Servizio Transfrontaliero,https://www.atm.it/en/Pages/default.aspx
Comune di Milano,Trasporti,Verificare le informazioni e pianificare un viaggio (coinvolgendo più tipi di trasporto pubblico),Eliminare la necessità di incontri fisici per completare il servizio,Servizio Transfrontaliero,https://www.atm.it/en/Pages/default.aspx
Comune di Milano,Trasporti,Verificare le informazioni e pianificare un viaggio (coinvolgendo più tipi di trasporto pubblico),Indicare se il servizio rientra nel campo di applicazione della SDGR,Servizio Transfrontaliero,https://www.atm.it/en/Pages/default.aspx
Comune di Milano,Trasporti,Verificare le informazioni e pianificare un viaggio (coinvolgendo più tipi di trasporto pubblico),Indicare se il servizio è potenzialmente idoneo all'implementazione del principio Once-Only (OOTS),Servizio Transfrontaliero,https://www.atm.it/en/Pages/default.aspx
Trenitalia,Trasporti,Ottenere biglietti per il trasporto pubblico (tariffa standard),Rimuovere la barriera della necessità di identificazione/autenticazione online nazionale,Servizio Transfrontaliero,https://www.trenitalia.com/en.html
Trenitalia,Trasporti,Ottenere biglietti per il trasporto pubblico (tariffa standard),Consentire la presentazione dei documenti elettronici richiesti dai cittadini stranieri,Servizio Transfrontaliero,https://www.trenitalia.com/en.html
Trenitalia,Trasporti,Ottenere biglietti per il trasporto pubblico (tariffa standard),Eliminare la necessità di traduzione o riconoscimento dei documenti richiesti,Servizio Transfrontaliero,https://www.trenitalia.com/en.html
Trenitalia,Trasporti,Ottenere biglietti per il trasporto pubblico (tariffa standard),Fornire traduzioni chiare o un'interfaccia multilingue per superare le barriere linguistiche,Servizio Transfrontaliero,https://www.trenitalia.com/en.html
Trenitalia,Trasporti,Ottenere biglietti per il trasporto pubblico (tariffa standard),Migliorare la qualità delle traduzioni fornite sul sito web,Servizio Transfrontaliero,https://www.trenitalia.com/en.html
Trenitalia,Trasporti,Ottenere biglietti per il trasporto pubblico (tariffa standard),Fornire informazioni complete e facilmente accessibili anche per utenti internazionali,Servizio Transfrontaliero,https://www.trenitalia.com/en.html
Trenitalia,Trasporti,Ottenere biglietti per il trasporto pubblico (tariffa standard),Eliminare la necessità di incontri fisici per completare il servizio,Servizio Transfrontaliero,https://www.trenitalia.com/en.html
Trenitalia,Trasporti,Ottenere biglietti per il trasporto pubblico (tariffa standard),Chiarire se è necessaria un'autenticazione per accedere al servizio,Servizio Transfrontaliero,https://www.trenitalia.com/en.html
Trenitalia,Trasporti,Ottenere biglietti per il trasporto pubblico (tariffa standard),Permettere l'autenticazione tramite eID nazionale anche per utenti transfrontalieri,Servizio Transfrontaliero,https://www.trenitalia.com/en.html
Trenitalia,Trasporti,Ottenere biglietti per il trasporto pubblico (tariffa standard),Indicare se il servizio rientra nel campo di applicazione della SDGR,Servizio Transfrontaliero,https://www.trenitalia.com/en.html
Trenitalia,Trasporti,Ottenere biglietti per il trasporto pubblico (tariffa standard),Indicare se il servizio è potenzialmente idoneo all'implementazione del principio Once-Only (OOTS),Servizio Transfrontaliero,https://www.trenitalia.com/en.html
Comune di Roma,Trasporti,Ottenere biglietti per il trasporto pubblico (tariffa standard),Rimuovere la barriera della necessità di identificazione/autenticazione online nazionale,Servizio Transfrontaliero,https://www.atac.roma.it/
Comune di Roma,Trasporti,Ottenere biglietti per il trasporto pubblico (tariffa standard),Consentire la presentazione dei documenti elettronici richiesti dai cittadini stranieri,Servizio Transfrontaliero,https://www.atac.roma.it/
Comune di Roma,Trasporti,Ottenere biglietti per il trasporto pubblico (tariffa standard),Eliminare la necessità di traduzione o riconoscimento dei documenti richiesti,Servizio Transfrontaliero,https://www.atac.roma.it/
Comune di Roma,Trasporti,Ottenere biglietti per il trasporto pubblico (tariffa standard),Fornire traduzioni chiare o un'interfaccia multilingue per superare le barriere linguistiche,Servizio Transfrontaliero,https://www.atac.roma.it/
Comune di Roma,Trasporti,Ottenere biglietti per il trasporto pubblico (tariffa standard),Migliorare la qualità delle traduzioni fornite sul sito web,Servizio Transfrontaliero,https://www.atac.roma.it/
Comune di Roma,Trasporti,Ottenere biglietti per il trasporto pubblico (tariffa standard),Fornire informazioni complete e facilmente accessibili anche per utenti internazionali,Servizio Transfrontaliero,https://www.atac.roma.it/
Comune di Roma,Trasporti,Ottenere biglietti per il trasporto pubblico (tariffa standard),Eliminare la necessità di incontri fisici per completare il servizio,Servizio Transfrontaliero,https://www.atac.roma.it/
Comune di Roma,Trasporti,Ottenere biglietti per il trasporto pubblico (tariffa standard),Chiarire se è necessaria un'autenticazione per accedere al servizio,Servizio Transfrontaliero,https://www.atac.roma.it/
Comune di Roma,Trasporti,Ottenere biglietti per il trasporto pubblico (tariffa standard),Permettere l'autenticazione tramite eID nazionale anche per utenti transfrontalieri,Servizio Transfrontaliero,https://www.atac.roma.it/
Comune di Roma,Trasporti,Ottenere biglietti per il trasporto pubblico (tariffa standard),Indicare se il servizio rientra nel campo di applicazione della SDGR,Servizio Transfrontaliero,https://www.atac.roma.it/
Comune di Roma,Trasporti,Ottenere biglietti per il trasporto pubblico (tariffa standard),Indicare se il servizio è potenzialmente idoneo all'implementazione del principio Once-Only (OOTS),Servizio Transfrontaliero,https://www.atac.roma.it/
Comune di Milano,Trasporti,Ottenere biglietti per il trasporto pubblico (tariffa standard),Rimuovere la barriera della necessità di identificazione/autenticazione online nazionale,Servizio Transfrontaliero,https://www.atm.it/en/Pages/default.aspx
Comune di Milano,Trasporti,Ottenere biglietti per il trasporto pubblico (tariffa standard),Consentire la presentazione dei documenti elettronici richiesti dai cittadini stranieri,Servizio Transfrontaliero,https://www.atm.it/en/Pages/default.aspx
Comune di Milano,Trasporti,Ottenere biglietti per il trasporto pubblico (tariffa standard),Eliminare la necessità di traduzione o riconoscimento dei documenti richiesti,Servizio Transfrontaliero,https://www.atm.it/en/Pages/default.aspx
Comune di Milano,Trasporti,Ottenere biglietti per il trasporto pubblico (tariffa standard),Fornire traduzioni chiare o un'interfaccia multilingue per superare le barriere linguistiche,Servizio Transfrontaliero,https://www.atm.it/en/Pages/default.aspx
Comune di Milano,Trasporti,Ottenere biglietti per il trasporto pubblico (tariffa standard),Migliorare la qualità delle traduzioni fornite sul sito web,Servizio Transfrontaliero,https://www.atm.it/en/Pages/default.aspx
Comune di Milano,Trasporti,Ottenere biglietti per il trasporto pubblico (tariffa standard),Fornire informazioni complete e facilmente accessibili anche per utenti internazionali,Servizio Transfrontaliero,https://www.atm.it/en/Pages/default.aspx
Comune di Milano,Trasporti,Ottenere biglietti per il trasporto pubblico (tariffa standard),Eliminare la necessità di incontri fisici per completare il servizio,Servizio Transfrontaliero,https://www.atm.it/en/Pages/default.aspx
Comune di Milano,Trasporti,Ottenere biglietti per il trasporto pubblico (tariffa standard),Chiarire se è necessaria un'autenticazione per accedere al servizio,Servizio Transfrontaliero,https://www.atm.it/en/Pages/default.aspx
Comune di Milano,Trasporti,Ottenere biglietti per il trasporto pubblico (tariffa standard),Permettere l'autenticazione tramite eID nazionale anche per utenti transfrontalieri,Servizio Transfrontaliero,https://www.atm.it/en/Pages/default.aspx
Comune di Milano,Trasporti,Ottenere biglietti per il trasporto pubblico (tariffa standard),Indicare se il servizio rientra nel campo di applicazione della SDGR,Servizio Transfrontaliero,https://www.atm.it/en/Pages/default.aspx
Comune di Milano,Trasporti,Ottenere biglietti per il trasporto pubblico (tariffa standard),Indicare se il servizio è potenzialmente idoneo all'implementazione del principio Once-Only (OOTS),Servizio Transfrontaliero,https://www.atm.it/en/Pages/default.aspx
Trenitalia,Trasporti,Fare ricorso e richiedere un rimborso del biglietto,Rimuovere la barriera della necessità di identificazione/autenticazione online nazionale,Servizio Transfrontaliero,https://www.trenitalia.com/en/info_contacts/refund-for-journey-cancellation.html
Trenitalia,Trasporti,Fare ricorso e richiedere un rimborso del biglietto,Consentire la presentazione dei documenti elettronici richiesti dai cittadini stranieri,Servizio Transfrontaliero,https://www.trenitalia.com/en/info_contacts/refund-for-journey-cancellation.html
Trenitalia,Trasporti,Fare ricorso e richiedere un rimborso del biglietto,Eliminare la necessità di traduzione o riconoscimento dei documenti richiesti,Servizio Transfrontaliero,https://www.trenitalia.com/en/info_contacts/refund-for-journey-cancellation.html
Trenitalia,Trasporti,Fare ricorso e richiedere un rimborso del biglietto,Fornire traduzioni chiare o un'interfaccia multilingue per superare le barriere linguistiche,Servizio Transfrontaliero,https://www.trenitalia.com/en/info_contacts/refund-for-journey-cancellation.html
Trenitalia,Trasporti,Fare ricorso e richiedere un rimborso del biglietto,Migliorare la qualità delle traduzioni fornite sul sito web,Servizio Transfrontaliero,https://www.trenitalia.com/en/info_contacts/refund-for-journey-cancellation.html
Trenitalia,Trasporti,Fare ricorso e richiedere un rimborso del biglietto,Fornire informazioni complete e facilmente accessibili anche per utenti internazionali,Servizio Transfrontaliero,https://www.trenitalia.com/en/info_contacts/refund-for-journey-cancellation.html
Trenitalia,Trasporti,Fare ricorso e richiedere un rimborso del biglietto,Eliminare la necessità di incontri fisici per completare il servizio,Servizio Transfrontaliero,https://www.trenitalia.com/en/info_contacts/refund-for-journey-cancellation.html
Trenitalia,Trasporti,Fare ricorso e richiedere un rimborso del biglietto,Permettere l'autenticazione tramite eID nazionale anche per utenti transfrontalieri,Servizio Transfrontaliero,https://www.trenitalia.com/en/info_contacts/refund-for-journey-cancellation.html
Trenitalia,Trasporti,Fare ricorso e richiedere un rimborso del biglietto,Chiarire se è previsto un pagamento per accedere al servizio,Servizio Transfrontaliero,https://www.trenitalia.com/en/info_contacts/refund-for-journey-cancellation.html
Trenitalia,Trasporti,Fare ricorso e richiedere un rimborso del biglietto,Indicare se il servizio rientra nel campo di applicazione della SDGR,Servizio Transfrontaliero,https://www.trenitalia.com/en/info_contacts/refund-for-journey-cancellation.html
Trenitalia,Trasporti,Fare ricorso e richiedere un rimborso del biglietto,Indicare se il servizio è potenzialmente idoneo all'implementazione del principio Once-Only (OOTS),Servizio Transfrontaliero,https://www.trenitalia.com/en/info_contacts/refund-for-journey-cancellation.html
Comune di Roma,Trasporti,Fare ricorso e richiedere un rimborso del biglietto,Consentire agli utenti stranieri di accedere al servizio online,Servizio Transfrontaliero,https://www.atac.roma.it/customer-experience/multe-e-rimborsi
Comune di Roma,Trasporti,Fare ricorso e richiedere un rimborso del biglietto,Rimuovere la barriera della necessità di identificazione/autenticazione online nazionale,Servizio Transfrontaliero,https://www.atac.roma.it/customer-experience/multe-e-rimborsi
Comune di Roma,Trasporti,Fare ricorso e richiedere un rimborso del biglietto,Consentire la presentazione dei documenti elettronici richiesti dai cittadini stranieri,Servizio Transfrontaliero,https://www.atac.roma.it/customer-experience/multe-e-rimborsi
Comune di Roma,Trasporti,Fare ricorso e richiedere un rimborso del biglietto,Eliminare la necessità di traduzione o riconoscimento dei documenti richiesti,Servizio Transfrontaliero,https://www.atac.roma.it/customer-experience/multe-e-rimborsi
Comune di Roma,Trasporti,Fare ricorso e richiedere un rimborso del biglietto,Fornire traduzioni chiare o un'interfaccia multilingue per superare le barriere linguistiche,Servizio Transfrontaliero,https://www.atac.roma.it/customer-experience/multe-e-rimborsi
Comune di Roma,Trasporti,Fare ricorso e richiedere un rimborso del biglietto,Migliorare la qualità delle traduzioni fornite sul sito web,Servizio Transfrontaliero,https://www.atac.roma.it/customer-experience/multe-e-rimborsi
Comune di Roma,Trasporti,Fare ricorso e richiedere un rimborso del biglietto,Fornire informazioni complete e facilmente accessibili anche per utenti internazionali,Servizio Transfrontaliero,https://www.atac.roma.it/customer-experience/multe-e-rimborsi
Comune di Roma,Trasporti,Fare ricorso e richiedere un rimborso del biglietto,Eliminare la necessità di incontri fisici per completare il servizio,Servizio Transfrontaliero,https://www.atac.roma.it/customer-experience/multe-e-rimborsi
Comune di Roma,Trasporti,Fare ricorso e richiedere un rimborso del biglietto,Chiarire se è necessaria un'autenticazione per accedere al servizio,Servizio Transfrontaliero,https://www.atac.roma.it/customer-experience/multe-e-rimborsi
Comune di Roma,Trasporti,Fare ricorso e richiedere un rimborso del biglietto,Permettere l'autenticazione tramite eID nazionale anche per utenti transfrontalieri,Servizio Transfrontaliero,https://www.atac.roma.it/customer-experience/multe-e-rimborsi
Comune di Roma,Trasporti,Fare ricorso e richiedere un rimborso del biglietto,Chiarire se è previsto un pagamento per accedere al servizio,Servizio Transfrontaliero,https://www.atac.roma.it/customer-experience/multe-e-rimborsi
Comune di Roma,Trasporti,Fare ricorso e richiedere un rimborso del biglietto,Indicare se il servizio rientra nel campo di applicazione della SDGR,Servizio Transfrontaliero,https://www.atac.roma.it/customer-experience/multe-e-rimborsi
Comune di Roma,Trasporti,Fare ricorso e richiedere un rimborso del biglietto,Indicare se il servizio è potenzialmente idoneo all'implementazione del principio Once-Only (OOTS),Servizio Transfrontaliero,https://www.atac.roma.it/customer-experience/multe-e-rimborsi
Comune di Milano,Trasporti,Fare ricorso e richiedere un rimborso del biglietto,Consentire agli utenti stranieri di accedere al servizio online,Servizio Transfrontaliero,https://www.atm.it/en/Pages/default.aspx
Comune di Milano,Trasporti,Fare ricorso e richiedere un rimborso del biglietto,Rimuovere la barriera della necessità di identificazione/autenticazione online nazionale,Servizio Transfrontaliero,https://www.atm.it/en/Pages/default.aspx
Comune di Milano,Trasporti,Fare ricorso e richiedere un rimborso del biglietto,Consentire la presentazione dei documenti elettronici richiesti dai cittadini stranieri,Servizio Transfrontaliero,https://www.atm.it/en/Pages/default.aspx
Comune di Milano,Trasporti,Fare ricorso e richiedere un rimborso del biglietto,Eliminare la necessità di traduzione o riconoscimento dei documenti richiesti,Servizio Transfrontaliero,https://www.atm.it/en/Pages/default.aspx
Comune di Milano,Trasporti,Fare ricorso e richiedere un rimborso del biglietto,Fornire traduzioni chiare o un'interfaccia multilingue per superare le barriere linguistiche,Servizio Transfrontaliero,https://www.atm.it/en/Pages/default.aspx
Comune di Milano,Trasporti,Fare ricorso e richiedere un rimborso del biglietto,Migliorare la qualità delle traduzioni fornite sul sito web,Servizio Transfrontaliero,https://www.atm.it/en/Pages/default.aspx
Comune di Milano,Trasporti,Fare ricorso e richiedere un rimborso del biglietto,Fornire informazioni complete e facilmente accessibili anche per utenti internazionali,Servizio Transfrontaliero,https://www.atm.it/en/Pages/default.aspx
Comune di Milano,Trasporti,Fare ricorso e richiedere un rimborso del biglietto,Eliminare la necessità di incontri fisici per completare il servizio,Servizio Transfrontaliero,https://www.atm.it/en/Pages/default.aspx
Comune di Milano,Trasporti,Fare ricorso e richiedere un rimborso del biglietto,Chiarire se è necessaria un'autenticazione per accedere al servizio,Servizio Transfrontaliero,https://www.atm.it/en/Pages/default.aspx
Comune di Milano,Trasporti,Fare ricorso e richiedere un rimborso del biglietto,Permettere l'autenticazione tramite eID nazionale anche per utenti transfrontalieri,Servizio Transfrontaliero,https://www.atm.it/en/Pages/default.aspx
Comune di Milano,Trasporti,Fare ricorso e richiedere un rimborso del biglietto,Chiarire se è previsto un pagamento per accedere al servizio,Servizio Transfrontaliero,https://www.atm.it/en/Pages/default.aspx
Comune di Milano,Trasporti,Fare ricorso e richiedere un rimborso del biglietto,Indicare se il servizio rientra nel campo di applicazione della SDGR,Servizio Transfrontaliero,https://www.atm.it/en/Pages/default.aspx
Comune di Milano,Trasporti,Fare ricorso e richiedere un rimborso del biglietto,Indicare se il servizio è potenzialmente idoneo all'implementazione del principio Once-Only (OOTS),Servizio Transfrontaliero,https://www.atm.it/en/Pages/default.aspx
Agenzia delle Entrate,Avvio di impresa,Ottenere un certificato di assenza di carichi pendenti,Consentire agli utenti stranieri di accedere al servizio online,Servizio Transfrontaliero,https://www.agenziaentrate.gov.it/portale/web/english/nse/invest-in-italy
Agenzia delle Entrate,Avvio di impresa,Ottenere un certificato di assenza di carichi pendenti,Rimuovere la barriera della necessità di identificazione/autenticazione online nazionale,Servizio Transfrontaliero,https://www.agenziaentrate.gov.it/portale/web/english/nse/invest-in-italy
Agenzia delle Entrate,Avvio di impresa,Ottenere un certificato di assenza di carichi pendenti,Consentire la presentazione dei documenti elettronici richiesti dai cittadini stranieri,Servizio Transfrontaliero,https://www.agenziaentrate.gov.it/portale/web/english/nse/invest-in-italy
Agenzia delle Entrate,Avvio di impresa,Ottenere un certificato di assenza di carichi pendenti,Eliminare la necessità di traduzione o riconoscimento dei documenti richiesti,Servizio Transfrontaliero,https://www.agenziaentrate.gov.it/portale/web/english/nse/invest-in-italy
Agenzia delle Entrate,Avvio di impresa,Ottenere un certificato di assenza di carichi pendenti,Fornire traduzioni chiare o un'interfaccia multilingue per superare le barriere linguistiche,Servizio Transfrontaliero,https://www.agenziaentrate.gov.it/portale/web/english/nse/invest-in-italy
Agenzia delle Entrate,Avvio di impresa,Ottenere un certificato di assenza di carichi pendenti,Migliorare la qualità delle traduzioni fornite sul sito web,Servizio Transfrontaliero,https://www.agenziaentrate.gov.it/portale/web/english/nse/invest-in-italy
Agenzia delle Entrate,Avvio di impresa,Ottenere un certificato di assenza di carichi pendenti,Fornire informazioni complete e facilmente accessibili anche per utenti internazionali,Servizio Transfrontaliero,https://www.agenziaentrate.gov.it/portale/web/english/nse/invest-in-italy
Agenzia delle Entrate,Avvio di impresa,Ottenere un certificato di assenza di carichi pendenti,Eliminare la necessità di incontri fisici per completare il servizio,Servizio Transfrontaliero,https://www.agenziaentrate.gov.it/portale/web/english/nse/invest-in-italy
Agenzia delle Entrate,Avvio di impresa,Ottenere un certificato di assenza di carichi pendenti,Permettere l'autenticazione tramite eID nazionale anche per utenti transfrontalieri,Servizio Transfrontaliero,https://www.agenziaentrate.gov.it/portale/web/english/nse/invest-in-italy
Agenzia delle Entrate,Avvio di impresa,Ottenere un certificato di assenza di carichi pendenti,Chiarire se è previsto un pagamento per accedere al servizio,Servizio Transfrontaliero,https://www.agenziaentrate.gov.it/portale/web/english/nse/invest-in-italy
Agenzia delle Entrate,Avvio di impresa,Ottenere un certificato di assenza di carichi pendenti,Indicare se il servizio rientra nel campo di applicazione della SDGR,Servizio Transfrontaliero,https://www.agenziaentrate.gov.it/portale/web/english/nse/invest-in-italy
Agenzia delle Entrate,Avvio di impresa,Ottenere un certificato di assenza di carichi pendenti,Indicare se il servizio è potenzialmente idoneo all'implementazione del principio Once-Only (OOTS),Servizio Transfrontaliero,https://www.agenziaentrate.gov.it/portale/web/english/nse/invest-in-italy
Unioncamere,Avvio di impresa,Registrare l'azienda per la prima volta,Consentire agli utenti stranieri di accedere al servizio online,Servizio Transfrontaliero,https://www.registroimprese.it/comunicazione-unica-d-impresa
Unioncamere,Avvio di impresa,Registrare l'azienda per la prima volta,Rimuovere la barriera della necessità di identificazione/autenticazione online nazionale,Servizio Transfrontaliero,https://www.registroimprese.it/comunicazione-unica-d-impresa
Unioncamere,Avvio di impresa,Registrare l'azienda per la prima volta,Consentire la presentazione dei documenti elettronici richiesti dai cittadini stranieri,Servizio Transfrontaliero,https://www.registroimprese.it/comunicazione-unica-d-impresa
Unioncamere,Avvio di impresa,Registrare l'azienda per la prima volta,Eliminare la necessità di traduzione o riconoscimento dei documenti richiesti,Servizio Transfrontaliero,https://www.registroimprese.it/comunicazione-unica-d-impresa
Unioncamere,Avvio di impresa,Registrare l'azienda per la prima volta,Fornire traduzioni chiare o un'interfaccia multilingue per superare le barriere linguistiche,Servizio Transfrontaliero,https://www.registroimprese.it/comunicazione-unica-d-impresa
Unioncamere,Avvio di impresa,Registrare l'azienda per la prima volta,Migliorare la qualità delle traduzioni fornite sul sito web,Servizio Transfrontaliero,https://www.registroimprese.it/comunicazione-unica-d-impresa
Unioncamere,Avvio di impresa,Registrare l'azienda per la prima volta,Fornire informazioni complete e facilmente accessibili anche per utenti internazionali,Servizio Transfrontaliero,https://www.registroimprese.it/comunicazione-unica-d-impresa
Unioncamere,Avvio di impresa,Registrare l'azienda per la prima volta,Eliminare la necessità di incontri fisici per completare il servizio,Servizio Transfrontaliero,https://www.registroimprese.it/comunicazione-unica-d-impresa
Unioncamere,Avvio di impresa,Registrare l'azienda per la prima volta,Permettere l'autenticazione tramite eID nazionale anche per utenti transfrontalieri,Servizio Transfrontaliero,https://www.registroimprese.it/comunicazione-unica-d-impresa
Unioncamere,Avvio di impresa,Registrare l'azienda per la prima volta,Chiarire se è previsto un pagamento per accedere al servizio,Servizio Transfrontaliero,https://www.registroimprese.it/comunicazione-unica-d-impresa
Unioncamere,Avvio di impresa,Registrare l'azienda per la prima volta,Indicare se il servizio rientra nel campo di applicazione della SDGR,Servizio Transfrontaliero,https://www.registroimprese.it/comunicazione-unica-d-impresa
Unioncamere,Avvio di impresa,Registrare l'azienda per la prima volta,Indicare se il servizio è potenzialmente idoneo all'implementazione del principio Once-Only (OOTS),Servizio Transfrontaliero,https://www.registroimprese.it/comunicazione-unica-d-impresa
Unioncamere,Avvio di impresa,Registrare l'azienda per la prima volta,Consentire agli utenti stranieri di accedere al servizio online,Servizio Transfrontaliero,https://starweb.infocamere.it/starweb/docPubblici/GUIDA_STARWEB_DE.PDF
Unioncamere,Avvio di impresa,Registrare l'azienda per la prima volta,Rimuovere la barriera della necessità di identificazione/autenticazione online nazionale,Servizio Transfrontaliero,https://starweb.infocamere.it/starweb/docPubblici/GUIDA_STARWEB_DE.PDF
Unioncamere,Avvio di impresa,Registrare l'azienda per la prima volta,Consentire la presentazione dei documenti elettronici richiesti dai cittadini stranieri,Servizio Transfrontaliero,https://starweb.infocamere.it/starweb/docPubblici/GUIDA_STARWEB_DE.PDF
Unioncamere,Avvio di impresa,Registrare l'azienda per la prima volta,Eliminare la necessità di traduzione o riconoscimento dei documenti richiesti,Servizio Transfrontaliero,https://starweb.infocamere.it/starweb/docPubblici/GUIDA_STARWEB_DE.PDF
Unioncamere,Avvio di impresa,Registrare l'azienda per la prima volta,Fornire traduzioni chiare o un'interfaccia multilingue per superare le barriere linguistiche,Servizio Transfrontaliero,https://starweb.infocamere.it/starweb/docPubblici/GUIDA_STARWEB_DE.PDF
Unioncamere,Avvio di impresa,Registrare l'azienda per la prima volta,Migliorare la qualità delle traduzioni fornite sul sito web,Servizio Transfrontaliero,https://starweb.infocamere.it/starweb/docPubblici/GUIDA_STARWEB_DE.PDF
Unioncamere,Avvio di impresa,Registrare l'azienda per la prima volta,Fornire informazioni complete e facilmente accessibili anche per utenti internazionali,Servizio Transfrontaliero,https://starweb.infocamere.it/starweb/docPubblici/GUIDA_STARWEB_DE.PDF
Unioncamere,Avvio di impresa,Registrare l'azienda per la prima volta,Eliminare la necessità di incontri fisici per completare il servizio,Servizio Transfrontaliero,https://starweb.infocamere.it/starweb/docPubblici/GUIDA_STARWEB_DE.PDF
Unioncamere,Avvio di impresa,Registrare l'azienda per la prima volta,Permettere l'autenticazione tramite eID nazionale anche per utenti transfrontalieri,Servizio Transfrontaliero,https://starweb.infocamere.it/starweb/docPubblici/GUIDA_STARWEB_DE.PDF
Unioncamere,Avvio di impresa,Registrare l'azienda per la prima volta,Chiarire se è previsto un pagamento per accedere al servizio,Servizio Transfrontaliero,https://starweb.infocamere.it/starweb/docPubblici/GUIDA_STARWEB_DE.PDF
Unioncamere,Avvio di impresa,Registrare l'azienda per la prima volta,Indicare se il servizio rientra nel campo di applicazione della SDGR,Servizio Transfrontaliero,https://starweb.infocamere.it/starweb/docPubblici/GUIDA_STARWEB_DE.PDF
Unioncamere,Avvio di impresa,Registrare l'azienda per la prima volta,Indicare se il servizio è potenzialmente idoneo all'implementazione del principio Once-Only (OOTS),Servizio Transfrontaliero,https://starweb.infocamere.it/starweb/docPubblici/GUIDA_STARWEB_DE.PDF
Unioncamere,Avvio di impresa,Ottenere una carta/numero di identificazione fiscale,Rendere le informazioni disponibili anche per gli utenti stranieri,Servizio Transfrontaliero,https://www.registroimprese.it/comunicazione-unica-d-impresa
Unioncamere,Avvio di impresa,Ottenere una carta/numero di identificazione fiscale,Consentire agli utenti stranieri di accedere al servizio online,Servizio Transfrontaliero,https://www.registroimprese.it/comunicazione-unica-d-impresa
Unioncamere,Avvio di impresa,Ottenere una carta/numero di identificazione fiscale,Rimuovere la barriera della necessità di identificazione/autenticazione online nazionale,Servizio Transfrontaliero,https://www.registroimprese.it/comunicazione-unica-d-impresa
Unioncamere,Avvio di impresa,Ottenere una carta/numero di identificazione fiscale,Consentire la presentazione dei documenti elettronici richiesti dai cittadini stranieri,Servizio Transfrontaliero,https://www.registroimprese.it/comunicazione-unica-d-impresa
Unioncamere,Avvio di impresa,Ottenere una carta/numero di identificazione fiscale,Eliminare la necessità di traduzione o riconoscimento dei documenti richiesti,Servizio Transfrontaliero,https://www.registroimprese.it/comunicazione-unica-d-impresa
Unioncamere,Avvio di impresa,Ottenere una carta/numero di identificazione fiscale,Fornire traduzioni chiare o un'interfaccia multilingue per superare le barriere linguistiche,Servizio Transfrontaliero,https://www.registroimprese.it/comunicazione-unica-d-impresa
Unioncamere,Avvio di impresa,Ottenere una carta/numero di identificazione fiscale,Migliorare la qualità delle traduzioni fornite sul sito web,Servizio Transfrontaliero,https://www.registroimprese.it/comunicazione-unica-d-impresa
Unioncamere,Avvio di impresa,Ottenere una carta/numero di identificazione fiscale,Fornire informazioni complete e facilmente accessibili anche per utenti internazionali,Servizio Transfrontaliero,https://www.registroimprese.it/comunicazione-unica-d-impresa
Unioncamere,Avvio di impresa,Ottenere una carta/numero di identificazione fiscale,Eliminare la necessità di incontri fisici per completare il servizio,Servizio Transfrontaliero,https://www.registroimprese.it/comunicazione-unica-d-impresa
Unioncamere,Avvio di impresa,Ottenere una carta/numero di identificazione fiscale,Permettere l'autenticazione tramite eID nazionale anche per utenti transfrontalieri,Servizio Transfrontaliero,https://www.registroimprese.it/comunicazione-unica-d-impresa
Unioncamere,Avvio di impresa,Ottenere una carta/numero di identificazione fiscale,Chiarire se è previsto un pagamento per accedere al servizio,Servizio Transfrontaliero,https://www.registroimprese.it/comunicazione-unica-d-impresa
Unioncamere,Avvio di impresa,Ottenere una carta/numero di identificazione fiscale,Indicare se il servizio rientra nel campo di applicazione della SDGR,Servizio Transfrontaliero,https://www.registroimprese.it/comunicazione-unica-d-impresa
Unioncamere,Avvio di impresa,Ottenere una carta/numero di identificazione fiscale,Indicare se il servizio è potenzialmente idoneo all'implementazione del principio Once-Only (OOTS),Servizio Transfrontaliero,https://www.registroimprese.it/comunicazione-unica-d-impresa
Unioncamere,Avvio di impresa,Ottenere una carta/numero di identificazione fiscale,Consentire agli utenti stranieri di accedere al servizio online,Servizio Transfrontaliero,https://starweb.infocamere.it/starweb/docPubblici/GUIDA_STARWEB_DE.PDF
Unioncamere,Avvio di impresa,Ottenere una carta/numero di identificazione fiscale,Rimuovere la barriera della necessità di identificazione/autenticazione online nazionale,Servizio Transfrontaliero,https://starweb.infocamere.it/starweb/docPubblici/GUIDA_STARWEB_DE.PDF
Unioncamere,Avvio di impresa,Ottenere una carta/numero di identificazione fiscale,Consentire la presentazione dei documenti elettronici richiesti dai cittadini stranieri,Servizio Transfrontaliero,https://starweb.infocamere.it/starweb/docPubblici/GUIDA_STARWEB_DE.PDF
Unioncamere,Avvio di impresa,Ottenere una carta/numero di identificazione fiscale,Eliminare la necessità di traduzione o riconoscimento dei documenti richiesti,Servizio Transfrontaliero,https://starweb.infocamere.it/starweb/docPubblici/GUIDA_STARWEB_DE.PDF
Unioncamere,Avvio di impresa,Ottenere una carta/numero di identificazione fiscale,Fornire traduzioni chiare o un'interfaccia multilingue per superare le barriere linguistiche,Servizio Transfrontaliero,https://starweb.infocamere.it/starweb/docPubblici/GUIDA_STARWEB_DE.PDF
Unioncamere,Avvio di impresa,Ottenere una carta/numero di identificazione fiscale,Migliorare la qualità delle traduzioni fornite sul sito web,Servizio Transfrontaliero,https://starweb.infocamere.it/starweb/docPubblici/GUIDA_STARWEB_DE.PDF
Unioncamere,Avvio di impresa,Ottenere una carta/numero di identificazione fiscale,Fornire informazioni complete e facilmente accessibili anche per utenti internazionali,Servizio Transfrontaliero,https://starweb.infocamere.it/starweb/docPubblici/GUIDA_STARWEB_DE.PDF
Unioncamere,Avvio di impresa,Ottenere una carta/numero di identificazione fiscale,Eliminare la necessità di incontri fisici per completare il servizio,Servizio Transfrontaliero,https://starweb.infocamere.it/starweb/docPubblici/GUIDA_STARWEB_DE.PDF
Unioncamere,Avvio di impresa,Ottenere una carta/numero di identificazione fiscale,Permettere l'autenticazione tramite eID nazionale anche per utenti transfrontalieri,Servizio Transfrontaliero,https://starweb.infocamere.it/starweb/docPubblici/GUIDA_STARWEB_DE.PDF
Unioncamere,Avvio di impresa,Ottenere una carta/numero di identificazione fiscale,Chiarire se è previsto un pagamento per accedere al servizio,Servizio Transfrontaliero,https://starweb.infocamere.it/starweb/docPubblici/GUIDA_STARWEB_DE.PDF
Unioncamere,Avvio di impresa,Ottenere una carta/numero di identificazione fiscale,Indicare se il servizio rientra nel campo di applicazione della SDGR,Servizio Transfrontaliero,https://starweb.infocamere.it/starweb/docPubblici/GUIDA_STARWEB_DE.PDF
Unioncamere,Avvio di impresa,Ottenere una carta/numero di identificazione fiscale,Indicare se il servizio è potenzialmente idoneo all'implementazione del principio Once-Only (OOTS),Servizio Transfrontaliero,https://starweb.infocamere.it/starweb/docPubblici/GUIDA_STARWEB_DE.PDF
Unioncamere,Avvio di impresa,Ottenere un numero di raccoglitore IVA,Rendere le informazioni disponibili anche per gli utenti stranieri,Servizio Transfrontaliero,https://www.registroimprese.it/comunicazione-unica-d-impresa
Unioncamere,Avvio di impresa,Ottenere un numero di raccoglitore IVA,Consentire agli utenti stranieri di accedere al servizio online,Servizio Transfrontaliero,https://www.registroimprese.it/comunicazione-unica-d-impresa
Unioncamere,Avvio di impresa,Ottenere un numero di raccoglitore IVA,Rimuovere la barriera della necessità di identificazione/autenticazione online nazionale,Servizio Transfrontaliero,https://www.registroimprese.it/comunicazione-unica-d-impresa
Unioncamere,Avvio di impresa,Ottenere un numero di raccoglitore IVA,Consentire la presentazione dei documenti elettronici richiesti dai cittadini stranieri,Servizio Transfrontaliero,https://www.registroimprese.it/comunicazione-unica-d-impresa
Unioncamere,Avvio di impresa,Ottenere un numero di raccoglitore IVA,Eliminare la necessità di traduzione o riconoscimento dei documenti richiesti,Servizio Transfrontaliero,https://www.registroimprese.it/comunicazione-unica-d-impresa
Unioncamere,Avvio di impresa,Ottenere un numero di raccoglitore IVA,Fornire traduzioni chiare o un'interfaccia multilingue per superare le barriere linguistiche,Servizio Transfrontaliero,https://www.registroimprese.it/comunicazione-unica-d-impresa
Unioncamere,Avvio di impresa,Ottenere un numero di raccoglitore IVA,Migliorare la qualità delle traduzioni fornite sul sito web,Servizio Transfrontaliero,https://www.registroimprese.it/comunicazione-unica-d-impresa
Unioncamere,Avvio di impresa,Ottenere un numero di raccoglitore IVA,Fornire informazioni complete e facilmente accessibili anche per utenti internazionali,Servizio Transfrontaliero,https://www.registroimprese.it/comunicazione-unica-d-impresa
Unioncamere,Avvio di impresa,Ottenere un numero di raccoglitore IVA,Eliminare la necessità di incontri fisici per completare il servizio,Servizio Transfrontaliero,https://www.registroimprese.it/comunicazione-unica-d-impresa
Unioncamere,Avvio di impresa,Ottenere un numero di raccoglitore IVA,Permettere l'autenticazione tramite eID nazionale anche per utenti transfrontalieri,Servizio Transfrontaliero,https://www.registroimprese.it/comunicazione-unica-d-impresa
Unioncamere,Avvio di impresa,Ottenere un numero di raccoglitore IVA,Chiarire se è previsto un pagamento per accedere al servizio,Servizio Transfrontaliero,https://www.registroimprese.it/comunicazione-unica-d-impresa
Unioncamere,Avvio di impresa,Ottenere un numero di raccoglitore IVA,Indicare se il servizio rientra nel campo di applicazione della SDGR,Servizio Transfrontaliero,https://www.registroimprese.it/comunicazione-unica-d-impresa
Unioncamere,Avvio di impresa,Ottenere un numero di raccoglitore IVA,Indicare se il servizio è potenzialmente idoneo all'implementazione del principio Once-Only (OOTS),Servizio Transfrontaliero,https://www.registroimprese.it/comunicazione-unica-d-impresa
Unioncamere,Avvio di impresa,Ottenere un numero di raccoglitore IVA,Consentire agli utenti stranieri di accedere al servizio online,Servizio Transfrontaliero,https://starweb.infocamere.it/starweb/docPubblici/GUIDA_STARWEB_DE.PDF
Unioncamere,Avvio di impresa,Ottenere un numero di raccoglitore IVA,Rimuovere la barriera della necessità di identificazione/autenticazione online nazionale,Servizio Transfrontaliero,https://starweb.infocamere.it/starweb/docPubblici/GUIDA_STARWEB_DE.PDF
Unioncamere,Avvio di impresa,Ottenere un numero di raccoglitore IVA,Consentire la presentazione dei documenti elettronici richiesti dai cittadini stranieri,Servizio Transfrontaliero,https://starweb.infocamere.it/starweb/docPubblici/GUIDA_STARWEB_DE.PDF
Unioncamere,Avvio di impresa,Ottenere un numero di raccoglitore IVA,Eliminare la necessità di traduzione o riconoscimento dei documenti richiesti,Servizio Transfrontaliero,https://starweb.infocamere.it/starweb/docPubblici/GUIDA_STARWEB_DE.PDF
Unioncamere,Avvio di impresa,Ottenere un numero di raccoglitore IVA,Fornire traduzioni chiare o un'interfaccia multilingue per superare le barriere linguistiche,Servizio Transfrontaliero,https://starweb.infocamere.it/starweb/docPubblici/GUIDA_STARWEB_DE.PDF
Unioncamere,Avvio di impresa,Ottenere un numero di raccoglitore IVA,Migliorare la qualità delle traduzioni fornite sul sito web,Servizio Transfrontaliero,https://starweb.infocamere.it/starweb/docPubblici/GUIDA_STARWEB_DE.PDF
Unioncamere,Avvio di impresa,Ottenere un numero di raccoglitore IVA,Fornire informazioni complete e facilmente accessibili anche per utenti internazionali,Servizio Transfrontaliero,https://starweb.infocamere.it/starweb/docPubblici/GUIDA_STARWEB_DE.PDF
Unioncamere,Avvio di impresa,Ottenere un numero di raccoglitore IVA,Eliminare la necessità di incontri fisici per completare il servizio,Servizio Transfrontaliero,https://starweb.infocamere.it/starweb/docPubblici/GUIDA_STARWEB_DE.PDF
Unioncamere,Avvio di impresa,Ottenere un numero di raccoglitore IVA,Permettere l'autenticazione tramite eID nazionale anche per utenti transfrontalieri,Servizio Transfrontaliero,https://starweb.infocamere.it/starweb/docPubblici/GUIDA_STARWEB_DE.PDF
Unioncamere,Avvio di impresa,Ottenere un numero di raccoglitore IVA,Chiarire se è previsto un pagamento per accedere al servizio,Servizio Transfrontaliero,https://starweb.infocamere.it/starweb/docPubblici/GUIDA_STARWEB_DE.PDF
Unioncamere,Avvio di impresa,Ottenere un numero di raccoglitore IVA,Indicare se il servizio rientra nel campo di applicazione della SDGR,Servizio Transfrontaliero,https://starweb.infocamere.it/starweb/docPubblici/GUIDA_STARWEB_DE.PDF
Unioncamere,Avvio di impresa,Ottenere un numero di raccoglitore IVA,Indicare se il servizio è potenzialmente idoneo all'implementazione del principio Once-Only (OOTS),Servizio Transfrontaliero,https://starweb.infocamere.it/starweb/docPubblici/GUIDA_STARWEB_DE.PDF
Unioncamere,Avvio di impresa,Registrarsi presso l'ufficio di sicurezza sociale,Rendere le informazioni disponibili anche per gli utenti stranieri,Servizio Transfrontaliero,https://www.registroimprese.it/comunicazione-unica-d-impresa
Unioncamere,Avvio di impresa,Registrarsi presso l'ufficio di sicurezza sociale,Consentire agli utenti stranieri di accedere al servizio online,Servizio Transfrontaliero,https://www.registroimprese.it/comunicazione-unica-d-impresa
Unioncamere,Avvio di impresa,Registrarsi presso l'ufficio di sicurezza sociale,Rimuovere la barriera della necessità di identificazione/autenticazione online nazionale,Servizio Transfrontaliero,https://www.registroimprese.it/comunicazione-unica-d-impresa
Unioncamere,Avvio di impresa,Registrarsi presso l'ufficio di sicurezza sociale,Consentire la presentazione dei documenti elettronici richiesti dai cittadini stranieri,Servizio Transfrontaliero,https://www.registroimprese.it/comunicazione-unica-d-impresa
Unioncamere,Avvio di impresa,Registrarsi presso l'ufficio di sicurezza sociale,Eliminare la necessità di traduzione o riconoscimento dei documenti richiesti,Servizio Transfrontaliero,https://www.registroimprese.it/comunicazione-unica-d-impresa
Unioncamere,Avvio di impresa,Registrarsi presso l'ufficio di sicurezza sociale,Fornire traduzioni chiare o un'interfaccia multilingue per superare le barriere linguistiche,Servizio Transfrontaliero,https://www.registroimprese.it/comunicazione-unica-d-impresa
Unioncamere,Avvio di impresa,Registrarsi presso l'ufficio di sicurezza sociale,Migliorare la qualità delle traduzioni fornite sul sito web,Servizio Transfrontaliero,https://www.registroimprese.it/comunicazione-unica-d-impresa
Unioncamere,Avvio di impresa,Registrarsi presso l'ufficio di sicurezza sociale,Fornire informazioni complete e facilmente accessibili anche per utenti internazionali,Servizio Transfrontaliero,https://www.registroimprese.it/comunicazione-unica-d-impresa
Unioncamere,Avvio di impresa,Registrarsi presso l'ufficio di sicurezza sociale,Eliminare la necessità di incontri fisici per completare il servizio,Servizio Transfrontaliero,https://www.registroimprese.it/comunicazione-unica-d-impresa
Unioncamere,Avvio di impresa,Registrarsi presso l'ufficio di sicurezza sociale,Permettere l'autenticazione tramite eID nazionale anche per utenti transfrontalieri,Servizio Transfrontaliero,https://www.registroimprese.it/comunicazione-unica-d-impresa
Unioncamere,Avvio di impresa,Registrarsi presso l'ufficio di sicurezza sociale,Specificare se sono richiesti documenti per utenti transfrontalieri,Servizio Transfrontaliero,https://www.registroimprese.it/comunicazione-unica-d-impresa
Unioncamere,Avvio di impresa,Registrarsi presso l'ufficio di sicurezza sociale,Chiarire se è previsto un pagamento per accedere al servizio,Servizio Transfrontaliero,https://www.registroimprese.it/comunicazione-unica-d-impresa
Unioncamere,Avvio di impresa,Registrarsi presso l'ufficio di sicurezza sociale,Fornire un output elettronico del servizio,Servizio Transfrontaliero,https://www.registroimprese.it/comunicazione-unica-d-impresa
Unioncamere,Avvio di impresa,Registrarsi presso l'ufficio di sicurezza sociale,Comunicare automaticamente all'utente il completamento del servizio,Servizio Transfrontaliero,https://www.registroimprese.it/comunicazione-unica-d-impresa
Unioncamere,Avvio di impresa,Registrarsi presso l'ufficio di sicurezza sociale,Indicare se il servizio è potenzialmente idoneo all'implementazione del principio Once-Only (OOTS),Servizio Transfrontaliero,https://www.registroimprese.it/comunicazione-unica-d-impresa
Unioncamere,Avvio di impresa,Registrarsi presso l'ufficio di sicurezza sociale,Consentire agli utenti stranieri di accedere al servizio online,Servizio Transfrontaliero,https://starweb.infocamere.it/starweb/docPubblici/GUIDA_STARWEB_DE.PDF
Unioncamere,Avvio di impresa,Registrarsi presso l'ufficio di sicurezza sociale,Rimuovere la barriera della necessità di identificazione/autenticazione online nazionale,Servizio Transfrontaliero,https://starweb.infocamere.it/starweb/docPubblici/GUIDA_STARWEB_DE.PDF
Unioncamere,Avvio di impresa,Registrarsi presso l'ufficio di sicurezza sociale,Consentire la presentazione dei documenti elettronici richiesti dai cittadini stranieri,Servizio Transfrontaliero,https://starweb.infocamere.it/starweb/docPubblici/GUIDA_STARWEB_DE.PDF
Unioncamere,Avvio di impresa,Registrarsi presso l'ufficio di sicurezza sociale,Eliminare la necessità di traduzione o riconoscimento dei documenti richiesti,Servizio Transfrontaliero,https://starweb.infocamere.it/starweb/docPubblici/GUIDA_STARWEB_DE.PDF
Unioncamere,Avvio di impresa,Registrarsi presso l'ufficio di sicurezza sociale,Fornire traduzioni chiare o un'interfaccia multilingue per superare le barriere linguistiche,Servizio Transfrontaliero,https://starweb.infocamere.it/starweb/docPubblici/GUIDA_STARWEB_DE.PDF
Unioncamere,Avvio di impresa,Registrarsi presso l'ufficio di sicurezza sociale,Migliorare la qualità delle traduzioni fornite sul sito web,Servizio Transfrontaliero,https://starweb.infocamere.it/starweb/docPubblici/GUIDA_STARWEB_DE.PDF
Unioncamere,Avvio di impresa,Registrarsi presso l'ufficio di sicurezza sociale,Fornire informazioni complete e facilmente accessibili anche per utenti internazionali,Servizio Transfrontaliero,https://starweb.infocamere.it/starweb/docPubblici/GUIDA_STARWEB_DE.PDF
Unioncamere,Avvio di impresa,Registrarsi presso l'ufficio di sicurezza sociale,Eliminare la necessità di incontri fisici per completare il servizio,Servizio Transfrontaliero,https://starweb.infocamere.it/starweb/docPubblici/GUIDA_STARWEB_DE.PDF
Unioncamere,Avvio di impresa,Registrarsi presso l'ufficio di sicurezza sociale,Permettere l'autenticazione tramite eID nazionale anche per utenti transfrontalieri,Servizio Transfrontaliero,https://starweb.infocamere.it/starweb/docPubblici/GUIDA_STARWEB_DE.PDF
Unioncamere,Avvio di impresa,Registrarsi presso l'ufficio di sicurezza sociale,Specificare se sono richiesti documenti per utenti transfrontalieri,Servizio Transfrontaliero,https://starweb.infocamere.it/starweb/docPubblici/GUIDA_STARWEB_DE.PDF
Unioncamere,Avvio di impresa,Registrarsi presso l'ufficio di sicurezza sociale,Chiarire se è previsto un pagamento per accedere al servizio,Servizio Transfrontaliero,https://starweb.infocamere.it/starweb/docPubblici/GUIDA_STARWEB_DE.PDF
Unioncamere,Avvio di impresa,Registrarsi presso l'ufficio di sicurezza sociale,Indicare se il servizio è potenzialmente idoneo all'implementazione del principio Once-Only (OOTS),Servizio Transfrontaliero,https://starweb.infocamere.it/starweb/docPubblici/GUIDA_STARWEB_DE.PDF
Unioncamere,Avvio di impresa,Registrare la tua azienda come datore di lavoro,Rendere le informazioni disponibili anche per gli utenti stranieri,Servizio Transfrontaliero,http://www.registroimprese.it/comunicazione-unica-d-impresa
Unioncamere,Avvio di impresa,Registrare la tua azienda come datore di lavoro,Consentire agli utenti stranieri di accedere al servizio online,Servizio Transfrontaliero,http://www.registroimprese.it/comunicazione-unica-d-impresa
Unioncamere,Avvio di impresa,Registrare la tua azienda come datore di lavoro,Rimuovere la barriera della necessità di identificazione/autenticazione online nazionale,Servizio Transfrontaliero,http://www.registroimprese.it/comunicazione-unica-d-impresa
Unioncamere,Avvio di impresa,Registrare la tua azienda come datore di lavoro,Consentire la presentazione dei documenti elettronici richiesti dai cittadini stranieri,Servizio Transfrontaliero,http://www.registroimprese.it/comunicazione-unica-d-impresa
Unioncamere,Avvio di impresa,Registrare la tua azienda come datore di lavoro,Eliminare la necessità di traduzione o riconoscimento dei documenti richiesti,Servizio Transfrontaliero,http://www.registroimprese.it/comunicazione-unica-d-impresa
Unioncamere,Avvio di impresa,Registrare la tua azienda come datore di lavoro,Fornire traduzioni chiare o un'interfaccia multilingue per superare le barriere linguistiche,Servizio Transfrontaliero,http://www.registroimprese.it/comunicazione-unica-d-impresa
Unioncamere,Avvio di impresa,Registrare la tua azienda come datore di lavoro,Migliorare la qualità delle traduzioni fornite sul sito web,Servizio Transfrontaliero,http://www.registroimprese.it/comunicazione-unica-d-impresa
Unioncamere,Avvio di impresa,Registrare la tua azienda come datore di lavoro,Fornire informazioni complete e facilmente accessibili anche per utenti internazionali,Servizio Transfrontaliero,http://www.registroimprese.it/comunicazione-unica-d-impresa
Unioncamere,Avvio di impresa,Registrare la tua azienda come datore di lavoro,Eliminare la necessità di incontri fisici per completare il servizio,Servizio Transfrontaliero,http://www.registroimprese.it/comunicazione-unica-d-impresa
Unioncamere,Avvio di impresa,Registrare la tua azienda come datore di lavoro,Permettere l'autenticazione tramite eID nazionale anche per utenti transfrontalieri,Servizio Transfrontaliero,http://www.registroimprese.it/comunicazione-unica-d-impresa
Unioncamere,Avvio di impresa,Registrare la tua azienda come datore di lavoro,Specificare se sono richiesti documenti per utenti transfrontalieri,Servizio Transfrontaliero,http://www.registroimprese.it/comunicazione-unica-d-impresa
Unioncamere,Avvio di impresa,Registrare la tua azienda come datore di lavoro,Chiarire se è previsto un pagamento per accedere al servizio,Servizio Transfrontaliero,http://www.registroimprese.it/comunicazione-unica-d-impresa
Unioncamere,Avvio di impresa,Registrare la tua azienda come datore di lavoro,Fornire un output elettronico del servizio,Servizio Transfrontaliero,http://www.registroimprese.it/comunicazione-unica-d-impresa
Unioncamere,Avvio di impresa,Registrare la tua azienda come datore di lavoro,Comunicare automaticamente all'utente il completamento del servizio,Servizio Transfrontaliero,http://www.registroimprese.it/comunicazione-unica-d-impresa
Unioncamere,Avvio di impresa,Registrare la tua azienda come datore di lavoro,Indicare se il servizio è potenzialmente idoneo all'implementazione del principio Once-Only (OOTS),Servizio Transfrontaliero,http://www.registroimprese.it/comunicazione-unica-d-impresa
Unioncamere,Avvio di impresa,Registrare la tua azienda come datore di lavoro,Consentire agli utenti stranieri di accedere al servizio online,Servizio Transfrontaliero,https://starweb.infocamere.it/starweb/docPubblici/GUIDA_STARWEB_DE.PDF
Unioncamere,Avvio di impresa,Registrare la tua azienda come datore di lavoro,Rimuovere la barriera della necessità di identificazione/autenticazione online nazionale,Servizio Transfrontaliero,https://starweb.infocamere.it/starweb/docPubblici/GUIDA_STARWEB_DE.PDF
Unioncamere,Avvio di impresa,Registrare la tua azienda come datore di lavoro,Consentire la presentazione dei documenti elettronici richiesti dai cittadini stranieri,Servizio Transfrontaliero,https://starweb.infocamere.it/starweb/docPubblici/GUIDA_STARWEB_DE.PDF
Unioncamere,Avvio di impresa,Registrare la tua azienda come datore di lavoro,Eliminare la necessità di traduzione o riconoscimento dei documenti richiesti,Servizio Transfrontaliero,https://starweb.infocamere.it/starweb/docPubblici/GUIDA_STARWEB_DE.PDF
Unioncamere,Avvio di impresa,Registrare la tua azienda come datore di lavoro,Fornire traduzioni chiare o un'interfaccia multilingue per superare le barriere linguistiche,Servizio Transfrontaliero,https://starweb.infocamere.it/starweb/docPubblici/GUIDA_STARWEB_DE.PDF
Unioncamere,Avvio di impresa,Registrare la tua azienda come datore di lavoro,Migliorare la qualità delle traduzioni fornite sul sito web,Servizio Transfrontaliero,https://starweb.infocamere.it/starweb/docPubblici/GUIDA_STARWEB_DE.PDF
Unioncamere,Avvio di impresa,Registrare la tua azienda come datore di lavoro,Fornire informazioni complete e facilmente accessibili anche per utenti internazionali,Servizio Transfrontaliero,https://starweb.infocamere.it/starweb/docPubblici/GUIDA_STARWEB_DE.PDF
Unioncamere,Avvio di impresa,Registrare la tua azienda come datore di lavoro,Eliminare la necessità di incontri fisici per completare il servizio,Servizio Transfrontaliero,https://starweb.infocamere.it/starweb/docPubblici/GUIDA_STARWEB_DE.PDF
Unioncamere,Avvio di impresa,Registrare la tua azienda come datore di lavoro,Permettere l'autenticazione tramite eID nazionale anche per utenti transfrontalieri,Servizio Transfrontaliero,https://starweb.infocamere.it/starweb/docPubblici/GUIDA_STARWEB_DE.PDF
Unioncamere,Avvio di impresa,Registrare la tua azienda come datore di lavoro,Specificare se sono richiesti documenti per utenti transfrontalieri,Servizio Transfrontaliero,https://starweb.infocamere.it/starweb/docPubblici/GUIDA_STARWEB_DE.PDF
Unioncamere,Avvio di impresa,Registrare la tua azienda come datore di lavoro,Chiarire se è previsto un pagamento per accedere al servizio,Servizio Transfrontaliero,https://starweb.infocamere.it/starweb/docPubblici/GUIDA_STARWEB_DE.PDF
Unioncamere,Avvio di impresa,Registrare la tua azienda come datore di lavoro,Indicare se il servizio è potenzialmente idoneo all'implementazione del principio Once-Only (OOTS),Servizio Transfrontaliero,https://starweb.infocamere.it/starweb/docPubblici/GUIDA_STARWEB_DE.PDF
Unioncamere,Avvio di impresa,Registrare il dipendente prima del primo giorno di lavoro,Consentire agli utenti stranieri di accedere al servizio online,Servizio Transfrontaliero,http://starweb.infocamere.it/starweb/index.jsp
Unioncamere,Avvio di impresa,Registrare il dipendente prima del primo giorno di lavoro,Rimuovere la barriera della necessità di identificazione/autenticazione online nazionale,Servizio Transfrontaliero,http://starweb.infocamere.it/starweb/index.jsp
Unioncamere,Avvio di impresa,Registrare il dipendente prima del primo giorno di lavoro,Consentire la presentazione dei documenti elettronici richiesti dai cittadini stranieri,Servizio Transfrontaliero,http://starweb.infocamere.it/starweb/index.jsp
Unioncamere,Avvio di impresa,Registrare il dipendente prima del primo giorno di lavoro,Eliminare la necessità di traduzione o riconoscimento dei documenti richiesti,Servizio Transfrontaliero,http://starweb.infocamere.it/starweb/index.jsp
Unioncamere,Avvio di impresa,Registrare il dipendente prima del primo giorno di lavoro,Fornire traduzioni chiare o un'interfaccia multilingue per superare le barriere linguistiche,Servizio Transfrontaliero,http://starweb.infocamere.it/starweb/index.jsp
Unioncamere,Avvio di impresa,Registrare il dipendente prima del primo giorno di lavoro,Migliorare la qualità delle traduzioni fornite sul sito web,Servizio Transfrontaliero,http://starweb.infocamere.it/starweb/index.jsp
Unioncamere,Avvio di impresa,Registrare il dipendente prima del primo giorno di lavoro,Fornire informazioni complete e facilmente accessibili anche per utenti internazionali,Servizio Transfrontaliero,http://starweb.infocamere.it/starweb/index.jsp
Unioncamere,Avvio di impresa,Registrare il dipendente prima del primo giorno di lavoro,Eliminare la necessità di incontri fisici per completare il servizio,Servizio Transfrontaliero,http://starweb.infocamere.it/starweb/index.jsp
Unioncamere,Avvio di impresa,Registrare il dipendente prima del primo giorno di lavoro,Permettere l'autenticazione tramite eID nazionale anche per utenti transfrontalieri,Servizio Transfrontaliero,http://starweb.infocamere.it/starweb/index.jsp
Unioncamere,Avvio di impresa,Registrare il dipendente prima del primo giorno di lavoro,Specificare se sono richiesti documenti per utenti transfrontalieri,Servizio Transfrontaliero,http://starweb.infocamere.it/starweb/index.jsp
Unioncamere,Avvio di impresa,Registrare il dipendente prima del primo giorno di lavoro,Chiarire se è previsto un pagamento per accedere al servizio,Servizio Transfrontaliero,http://starweb.infocamere.it/starweb/index.jsp
Unioncamere,Avvio di impresa,Registrare il dipendente prima del primo giorno di lavoro,Fornire un output elettronico del servizio,Servizio Transfrontaliero,http://starweb.infocamere.it/starweb/index.jsp
Unioncamere,Avvio di impresa,Registrare il dipendente prima del primo giorno di lavoro,Comunicare automaticamente all'utente il completamento del servizio,Servizio Transfrontaliero,http://starweb.infocamere.it/starweb/index.jsp
Unioncamere,Avvio di impresa,Registrare il dipendente prima del primo giorno di lavoro,Indicare se il servizio è potenzialmente idoneo all'implementazione del principio Once-Only (OOTS),Servizio Transfrontaliero,http://starweb.infocamere.it/starweb/index.jsp
Unioncamere,Avvio di impresa,Registrare il dipendente prima del primo giorno di lavoro,Consentire agli utenti stranieri di accedere al servizio online,Servizio Transfrontaliero,https://starweb.infocamere.it/starweb/docPubblici/GUIDA_STARWEB_DE.PDF
Unioncamere,Avvio di impresa,Registrare il dipendente prima del primo giorno di lavoro,Rimuovere la barriera della necessità di identificazione/autenticazione online nazionale,Servizio Transfrontaliero,https://starweb.infocamere.it/starweb/docPubblici/GUIDA_STARWEB_DE.PDF
Unioncamere,Avvio di impresa,Registrare il dipendente prima del primo giorno di lavoro,Consentire la presentazione dei documenti elettronici richiesti dai cittadini stranieri,Servizio Transfrontaliero,https://starweb.infocamere.it/starweb/docPubblici/GUIDA_STARWEB_DE.PDF
Unioncamere,Avvio di impresa,Registrare il dipendente prima del primo giorno di lavoro,Eliminare la necessità di traduzione o riconoscimento dei documenti richiesti,Servizio Transfrontaliero,https://starweb.infocamere.it/starweb/docPubblici/GUIDA_STARWEB_DE.PDF
Unioncamere,Avvio di impresa,Registrare il dipendente prima del primo giorno di lavoro,Fornire traduzioni chiare o un'interfaccia multilingue per superare le barriere linguistiche,Servizio Transfrontaliero,https://starweb.infocamere.it/starweb/docPubblici/GUIDA_STARWEB_DE.PDF
Unioncamere,Avvio di impresa,Registrare il dipendente prima del primo giorno di lavoro,Migliorare la qualità delle traduzioni fornite sul sito web,Servizio Transfrontaliero,https://starweb.infocamere.it/starweb/docPubblici/GUIDA_STARWEB_DE.PDF
Unioncamere,Avvio di impresa,Registrare il dipendente prima del primo giorno di lavoro,Fornire informazioni complete e facilmente accessibili anche per utenti internazionali,Servizio Transfrontaliero,https://starweb.infocamere.it/starweb/docPubblici/GUIDA_STARWEB_DE.PDF
Unioncamere,Avvio di impresa,Registrare il dipendente prima del primo giorno di lavoro,Eliminare la necessità di incontri fisici per completare il servizio,Servizio Transfrontaliero,https://starweb.infocamere.it/starweb/docPubblici/GUIDA_STARWEB_DE.PDF
Unioncamere,Avvio di impresa,Registrare il dipendente prima del primo giorno di lavoro,Permettere l'autenticazione tramite eID nazionale anche per utenti transfrontalieri,Servizio Transfrontaliero,https://starweb.infocamere.it/starweb/docPubblici/GUIDA_STARWEB_DE.PDF
Unioncamere,Avvio di impresa,Registrare il dipendente prima del primo giorno di lavoro,Specificare se sono richiesti documenti per utenti transfrontalieri,Servizio Transfrontaliero,https://starweb.infocamere.it/starweb/docPubblici/GUIDA_STARWEB_DE.PDF
Unioncamere,Avvio di impresa,Registrare il dipendente prima del primo giorno di lavoro,Chiarire se è previsto un pagamento per accedere al servizio,Servizio Transfrontaliero,https://starweb.infocamere.it/starweb/docPubblici/GUIDA_STARWEB_DE.PDF
Unioncamere,Avvio di impresa,Registrare il dipendente prima del primo giorno di lavoro,Indicare se il servizio è potenzialmente idoneo all'implementazione del principio Once-Only (OOTS),Servizio Transfrontaliero,https://starweb.infocamere.it/starweb/docPubblici/GUIDA_STARWEB_DE.PDF
INPS - Istituto Nazionale della Previdenza Sociale,Avvio di impresa,Richiedere un certificato di copertura (modulo PD A1),Rimuovere la barriera della necessità di identificazione/autenticazione online nazionale,Servizio Transfrontaliero,https://www.inps.it/it/it/dettaglio-scheda.it.schede-servizio-strumento.schede-servizi.rilascio-certificazione-a1-per-attivit-lavorative-in-stati-ue-see-svizzera.html
INPS - Istituto Nazionale della Previdenza Sociale,Avvio di impresa,Richiedere un certificato di copertura (modulo PD A1),Consentire la presentazione dei documenti elettronici richiesti dai cittadini stranieri,Servizio Transfrontaliero,https://www.inps.it/it/it/dettaglio-scheda.it.schede-servizio-strumento.schede-servizi.rilascio-certificazione-a1-per-attivit-lavorative-in-stati-ue-see-svizzera.html
INPS - Istituto Nazionale della Previdenza Sociale,Avvio di impresa,Richiedere un certificato di copertura (modulo PD A1),Eliminare la necessità di traduzione o riconoscimento dei documenti richiesti,Servizio Transfrontaliero,https://www.inps.it/it/it/dettaglio-scheda.it.schede-servizio-strumento.schede-servizi.rilascio-certificazione-a1-per-attivit-lavorative-in-stati-ue-see-svizzera.html
INPS - Istituto Nazionale della Previdenza Sociale,Avvio di impresa,Richiedere un certificato di copertura (modulo PD A1),Fornire traduzioni chiare o un'interfaccia multilingue per superare le barriere linguistiche,Servizio Transfrontaliero,https://www.inps.it/it/it/dettaglio-scheda.it.schede-servizio-strumento.schede-servizi.rilascio-certificazione-a1-per-attivit-lavorative-in-stati-ue-see-svizzera.html
INPS - Istituto Nazionale della Previdenza Sociale,Avvio di impresa,Richiedere un certificato di copertura (modulo PD A1),Migliorare la qualità delle traduzioni fornite sul sito web,Servizio Transfrontaliero,https://www.inps.it/it/it/dettaglio-scheda.it.schede-servizio-strumento.schede-servizi.rilascio-certificazione-a1-per-attivit-lavorative-in-stati-ue-see-svizzera.html
INPS - Istituto Nazionale della Previdenza Sociale,Avvio di impresa,Richiedere un certificato di copertura (modulo PD A1),Fornire informazioni complete e facilmente accessibili anche per utenti internazionali,Servizio Transfrontaliero,https://www.inps.it/it/it/dettaglio-scheda.it.schede-servizio-strumento.schede-servizi.rilascio-certificazione-a1-per-attivit-lavorative-in-stati-ue-see-svizzera.html
INPS - Istituto Nazionale della Previdenza Sociale,Avvio di impresa,Richiedere un certificato di copertura (modulo PD A1),Eliminare la necessità di incontri fisici per completare il servizio,Servizio Transfrontaliero,https://www.inps.it/it/it/dettaglio-scheda.it.schede-servizio-strumento.schede-servizi.rilascio-certificazione-a1-per-attivit-lavorative-in-stati-ue-see-svizzera.html
INPS - Istituto Nazionale della Previdenza Sociale,Avvio di impresa,Richiedere un certificato di copertura (modulo PD A1),Specificare se sono richiesti documenti per utenti transfrontalieri,Servizio Transfrontaliero,https://www.inps.it/it/it/dettaglio-scheda.it.schede-servizio-strumento.schede-servizi.rilascio-certificazione-a1-per-attivit-lavorative-in-stati-ue-see-svizzera.html
INPS - Istituto Nazionale della Previdenza Sociale,Avvio di impresa,Richiedere un certificato di copertura (modulo PD A1),Chiarire se è previsto un pagamento per accedere al servizio,Servizio Transfrontaliero,https://www.inps.it/it/it/dettaglio-scheda.it.schede-servizio-strumento.schede-servizi.rilascio-certificazione-a1-per-attivit-lavorative-in-stati-ue-see-svizzera.html
INPS - Istituto Nazionale della Previdenza Sociale,Avvio di impresa,Richiedere un certificato di copertura (modulo PD A1),Indicare se il servizio è potenzialmente idoneo all'implementazione del principio Once-Only (OOTS),Servizio Transfrontaliero,https://www.inps.it/it/it/dettaglio-scheda.it.schede-servizio-strumento.schede-servizi.rilascio-certificazione-a1-per-attivit-lavorative-in-stati-ue-see-svizzera.html
Ministero dell'Ambiente e della Tutela del Territorio e del Mare,Avvio di impresa,Verificare le condizioni per i permessi ambientali,Consentire agli utenti stranieri di accedere al servizio online,Servizio Transfrontaliero,https://va.minambiente.it/it-IT
Ministero dell'Ambiente e della Tutela del Territorio e del Mare,Avvio di impresa,Verificare le condizioni per i permessi ambientali,Rimuovere la barriera della necessità di identificazione/autenticazione online nazionale,Servizio Transfrontaliero,https://va.minambiente.it/it-IT
Ministero dell'Ambiente e della Tutela del Territorio e del Mare,Avvio di impresa,Verificare le condizioni per i permessi ambientali,Consentire la presentazione dei documenti elettronici richiesti dai cittadini stranieri,Servizio Transfrontaliero,https://va.minambiente.it/it-IT
Ministero dell'Ambiente e della Tutela del Territorio e del Mare,Avvio di impresa,Verificare le condizioni per i permessi ambientali,Eliminare la necessità di traduzione o riconoscimento dei documenti richiesti,Servizio Transfrontaliero,https://va.minambiente.it/it-IT
Ministero dell'Ambiente e della Tutela del Territorio e del Mare,Avvio di impresa,Verificare le condizioni per i permessi ambientali,Fornire traduzioni chiare o un'interfaccia multilingue per superare le barriere linguistiche,Servizio Transfrontaliero,https://va.minambiente.it/it-IT
Ministero dell'Ambiente e della Tutela del Territorio e del Mare,Avvio di impresa,Verificare le condizioni per i permessi ambientali,Migliorare la qualità delle traduzioni fornite sul sito web,Servizio Transfrontaliero,https://va.minambiente.it/it-IT
Ministero dell'Ambiente e della Tutela del Territorio e del Mare,Avvio di impresa,Verificare le condizioni per i permessi ambientali,Fornire informazioni complete e facilmente accessibili anche per utenti internazionali,Servizio Transfrontaliero,https://va.minambiente.it/it-IT
Ministero dell'Ambiente e della Tutela del Territorio e del Mare,Avvio di impresa,Verificare le condizioni per i permessi ambientali,Eliminare la necessità di incontri fisici per completare il servizio,Servizio Transfrontaliero,https://va.minambiente.it/it-IT
Ministero dell'Ambiente e della Tutela del Territorio e del Mare,Avvio di impresa,Verificare le condizioni per i permessi ambientali,Indicare se il servizio rientra nel campo di applicazione della SDGR,Servizio Transfrontaliero,https://va.minambiente.it/it-IT
Ministero dell'Ambiente e della Tutela del Territorio e del Mare,Avvio di impresa,Verificare le condizioni per i permessi ambientali,Indicare se il servizio è potenzialmente idoneo all'implementazione del principio Once-Only (OOTS),Servizio Transfrontaliero,https://va.minambiente.it/it-IT
Unioncamere,Avvio di impresa,Verificare le condizioni per i permessi ambientali,Rendere le informazioni disponibili anche per gli utenti stranieri,Servizio Transfrontaliero,https://www.unioncamere.gov.it/ambiente/mud-2022
Unioncamere,Avvio di impresa,Verificare le condizioni per i permessi ambientali,Consentire agli utenti stranieri di accedere al servizio online,Servizio Transfrontaliero,https://www.unioncamere.gov.it/ambiente/mud-2022
Unioncamere,Avvio di impresa,Verificare le condizioni per i permessi ambientali,Rimuovere la barriera della necessità di identificazione/autenticazione online nazionale,Servizio Transfrontaliero,https://www.unioncamere.gov.it/ambiente/mud-2022
Unioncamere,Avvio di impresa,Verificare le condizioni per i permessi ambientali,Consentire la presentazione dei documenti elettronici richiesti dai cittadini stranieri,Servizio Transfrontaliero,https://www.unioncamere.gov.it/ambiente/mud-2022
Unioncamere,Avvio di impresa,Verificare le condizioni per i permessi ambientali,Eliminare la necessità di traduzione o riconoscimento dei documenti richiesti,Servizio Transfrontaliero,https://www.unioncamere.gov.it/ambiente/mud-2022
Unioncamere,Avvio di impresa,Verificare le condizioni per i permessi ambientali,Fornire traduzioni chiare o un'interfaccia multilingue per superare le barriere linguistiche,Servizio Transfrontaliero,https://www.unioncamere.gov.it/ambiente/mud-2022
Unioncamere,Avvio di impresa,Verificare le condizioni per i permessi ambientali,Migliorare la qualità delle traduzioni fornite sul sito web,Servizio Transfrontaliero,https://www.unioncamere.gov.it/ambiente/mud-2022
Unioncamere,Avvio di impresa,Verificare le condizioni per i permessi ambientali,Fornire informazioni complete e facilmente accessibili anche per utenti internazionali,Servizio Transfrontaliero,https://www.unioncamere.gov.it/ambiente/mud-2022
Unioncamere,Avvio di impresa,Verificare le condizioni per i permessi ambientali,Eliminare la necessità di incontri fisici per completare il servizio,Servizio Transfrontaliero,https://www.unioncamere.gov.it/ambiente/mud-2022
Unioncamere,Avvio di impresa,Verificare le condizioni per i permessi ambientali,Indicare se il servizio rientra nel campo di applicazione della SDGR,Servizio Transfrontaliero,https://www.unioncamere.gov.it/ambiente/mud-2022
Unioncamere,Avvio di impresa,Verificare le condizioni per i permessi ambientali,Indicare se il servizio è potenzialmente idoneo all'implementazione del principio Once-Only (OOTS),Servizio Transfrontaliero,https://www.unioncamere.gov.it/ambiente/mud-2022
Comune di Roma,Avvio di impresa,Ottenere un permesso di inquinamento/ambientale,Consentire agli utenti stranieri di accedere al servizio online,Servizio Transfrontaliero,https://www.comune.roma.it/web/it/scheda-servizi.page?contentId=INF623090
Comune di Roma,Avvio di impresa,Ottenere un permesso di inquinamento/ambientale,Rimuovere la barriera della necessità di identificazione/autenticazione online nazionale,Servizio Transfrontaliero,https://www.comune.roma.it/web/it/scheda-servizi.page?contentId=INF623090
Comune di Roma,Avvio di impresa,Ottenere un permesso di inquinamento/ambientale,Consentire la presentazione dei documenti elettronici richiesti dai cittadini stranieri,Servizio Transfrontaliero,https://www.comune.roma.it/web/it/scheda-servizi.page?contentId=INF623090
Comune di Roma,Avvio di impresa,Ottenere un permesso di inquinamento/ambientale,Eliminare la necessità di traduzione o riconoscimento dei documenti richiesti,Servizio Transfrontaliero,https://www.comune.roma.it/web/it/scheda-servizi.page?contentId=INF623090
Comune di Roma,Avvio di impresa,Ottenere un permesso di inquinamento/ambientale,Fornire traduzioni chiare o un'interfaccia multilingue per superare le barriere linguistiche,Servizio Transfrontaliero,https://www.comune.roma.it/web/it/scheda-servizi.page?contentId=INF623090
Comune di Roma,Avvio di impresa,Ottenere un permesso di inquinamento/ambientale,Migliorare la qualità delle traduzioni fornite sul sito web,Servizio Transfrontaliero,https://www.comune.roma.it/web/it/scheda-servizi.page?contentId=INF623090
Comune di Roma,Avvio di impresa,Ottenere un permesso di inquinamento/ambientale,Fornire informazioni complete e facilmente accessibili anche per utenti internazionali,Servizio Transfrontaliero,https://www.comune.roma.it/web/it/scheda-servizi.page?contentId=INF623090
Comune di Roma,Avvio di impresa,Ottenere un permesso di inquinamento/ambientale,Eliminare la necessità di incontri fisici per completare il servizio,Servizio Transfrontaliero,https://www.comune.roma.it/web/it/scheda-servizi.page?contentId=INF623090
Comune di Roma,Avvio di impresa,Ottenere un permesso di inquinamento/ambientale,Permettere l'autenticazione tramite eID nazionale anche per utenti transfrontalieri,Servizio Transfrontaliero,https://www.comune.roma.it/web/it/scheda-servizi.page?contentId=INF623090
Comune di Roma,Avvio di impresa,Ottenere un permesso di inquinamento/ambientale,Specificare se sono richiesti documenti per utenti transfrontalieri,Servizio Transfrontaliero,https://www.comune.roma.it/web/it/scheda-servizi.page?contentId=INF623090
Comune di Roma,Avvio di impresa,Ottenere un permesso di inquinamento/ambientale,Chiarire se è previsto un pagamento per accedere al servizio,Servizio Transfrontaliero,https://www.comune.roma.it/web/it/scheda-servizi.page?contentId=INF623090
Comune di Roma,Avvio di impresa,Ottenere un permesso di inquinamento/ambientale,Comunicare automaticamente all'utente il completamento del servizio,Servizio Transfrontaliero,https://www.comune.roma.it/web/it/scheda-servizi.page?contentId=INF623090
Comune di Roma,Avvio di impresa,Ottenere un permesso di inquinamento/ambientale,Indicare se il servizio è potenzialmente idoneo all'implementazione del principio Once-Only (OOTS),Servizio Transfrontaliero,https://www.comune.roma.it/web/it/scheda-servizi.page?contentId=INF623090
Comune di Milano,Avvio di impresa,Ottenere un permesso di inquinamento/ambientale,Consentire agli utenti stranieri di accedere al servizio online,Servizio Transfrontaliero,https://www.comune.milano.it/en/aree-tematiche/ambiente/valutazione-e-autorizzazioni-ambientali/autorizzazioni-ambientali
Comune di Milano,Avvio di impresa,Ottenere un permesso di inquinamento/ambientale,Rimuovere la barriera della necessità di identificazione/autenticazione online nazionale,Servizio Transfrontaliero,https://www.comune.milano.it/en/aree-tematiche/ambiente/valutazione-e-autorizzazioni-ambientali/autorizzazioni-ambientali
Comune di Milano,Avvio di impresa,Ottenere un permesso di inquinamento/ambientale,Consentire la presentazione dei documenti elettronici richiesti dai cittadini stranieri,Servizio Transfrontaliero,https://www.comune.milano.it/en/aree-tematiche/ambiente/valutazione-e-autorizzazioni-ambientali/autorizzazioni-ambientali
Comune di Milano,Avvio di impresa,Ottenere un permesso di inquinamento/ambientale,Eliminare la necessità di traduzione o riconoscimento dei documenti richiesti,Servizio Transfrontaliero,https://www.comune.milano.it/en/aree-tematiche/ambiente/valutazione-e-autorizzazioni-ambientali/autorizzazioni-ambientali
Comune di Milano,Avvio di impresa,Ottenere un permesso di inquinamento/ambientale,Fornire traduzioni chiare o un'interfaccia multilingue per superare le barriere linguistiche,Servizio Transfrontaliero,https://www.comune.milano.it/en/aree-tematiche/ambiente/valutazione-e-autorizzazioni-ambientali/autorizzazioni-ambientali
Comune di Milano,Avvio di impresa,Ottenere un permesso di inquinamento/ambientale,Migliorare la qualità delle traduzioni fornite sul sito web,Servizio Transfrontaliero,https://www.comune.milano.it/en/aree-tematiche/ambiente/valutazione-e-autorizzazioni-ambientali/autorizzazioni-ambientali
Comune di Milano,Avvio di impresa,Ottenere un permesso di inquinamento/ambientale,Fornire informazioni complete e facilmente accessibili anche per utenti internazionali,Servizio Transfrontaliero,https://www.comune.milano.it/en/aree-tematiche/ambiente/valutazione-e-autorizzazioni-ambientali/autorizzazioni-ambientali
Comune di Milano,Avvio di impresa,Ottenere un permesso di inquinamento/ambientale,Eliminare la necessità di incontri fisici per completare il servizio,Servizio Transfrontaliero,https://www.comune.milano.it/en/aree-tematiche/ambiente/valutazione-e-autorizzazioni-ambientali/autorizzazioni-ambientali
Comune di Milano,Avvio di impresa,Ottenere un permesso di inquinamento/ambientale,Permettere l'autenticazione tramite eID nazionale anche per utenti transfrontalieri,Servizio Transfrontaliero,https://www.comune.milano.it/en/aree-tematiche/ambiente/valutazione-e-autorizzazioni-ambientali/autorizzazioni-ambientali
Comune di Milano,Avvio di impresa,Ottenere un permesso di inquinamento/ambientale,Specificare se sono richiesti documenti per utenti transfrontalieri,Servizio Transfrontaliero,https://www.comune.milano.it/en/aree-tematiche/ambiente/valutazione-e-autorizzazioni-ambientali/autorizzazioni-ambientali
Comune di Milano,Avvio di impresa,Ottenere un permesso di inquinamento/ambientale,Chiarire se è previsto un pagamento per accedere al servizio,Servizio Transfrontaliero,https://www.comune.milano.it/en/aree-tematiche/ambiente/valutazione-e-autorizzazioni-ambientali/autorizzazioni-ambientali
Comune di Milano,Avvio di impresa,Ottenere un permesso di inquinamento/ambientale,Comunicare automaticamente all'utente il completamento del servizio,Servizio Transfrontaliero,https://www.comune.milano.it/en/aree-tematiche/ambiente/valutazione-e-autorizzazioni-ambientali/autorizzazioni-ambientali
Comune di Milano,Avvio di impresa,Ottenere un permesso di inquinamento/ambientale,Indicare se il servizio è potenzialmente idoneo all'implementazione del principio Once-Only (OOTS),Servizio Transfrontaliero,https://www.comune.milano.it/en/aree-tematiche/ambiente/valutazione-e-autorizzazioni-ambientali/autorizzazioni-ambientali
Comune di Napoli,Avvio di impresa,Ottenere un permesso di inquinamento/ambientale,Rendere le informazioni disponibili anche per gli utenti stranieri,Servizio Transfrontaliero,https://www.cittametropolitana.na.it/autorizzazione-unica-ambientale
Comune di Napoli,Avvio di impresa,Ottenere un permesso di inquinamento/ambientale,Consentire agli utenti stranieri di accedere al servizio online,Servizio Transfrontaliero,https://www.cittametropolitana.na.it/autorizzazione-unica-ambientale
Comune di Napoli,Avvio di impresa,Ottenere un permesso di inquinamento/ambientale,Rimuovere la barriera della necessità di identificazione/autenticazione online nazionale,Servizio Transfrontaliero,https://www.cittametropolitana.na.it/autorizzazione-unica-ambientale
Comune di Napoli,Avvio di impresa,Ottenere un permesso di inquinamento/ambientale,Consentire la presentazione dei documenti elettronici richiesti dai cittadini stranieri,Servizio Transfrontaliero,https://www.cittametropolitana.na.it/autorizzazione-unica-ambientale
Comune di Napoli,Avvio di impresa,Ottenere un permesso di inquinamento/ambientale,Eliminare la necessità di traduzione o riconoscimento dei documenti richiesti,Servizio Transfrontaliero,https://www.cittametropolitana.na.it/autorizzazione-unica-ambientale
Comune di Napoli,Avvio di impresa,Ottenere un permesso di inquinamento/ambientale,Fornire traduzioni chiare o un'interfaccia multilingue per superare le barriere linguistiche,Servizio Transfrontaliero,https://www.cittametropolitana.na.it/autorizzazione-unica-ambientale
Comune di Napoli,Avvio di impresa,Ottenere un permesso di inquinamento/ambientale,Migliorare la qualità delle traduzioni fornite sul sito web,Servizio Transfrontaliero,https://www.cittametropolitana.na.it/autorizzazione-unica-ambientale
Comune di Napoli,Avvio di impresa,Ottenere un permesso di inquinamento/ambientale,Fornire informazioni complete e facilmente accessibili anche per utenti internazionali,Servizio Transfrontaliero,https://www.cittametropolitana.na.it/autorizzazione-unica-ambientale
Comune di Napoli,Avvio di impresa,Ottenere un permesso di inquinamento/ambientale,Eliminare la necessità di incontri fisici per completare il servizio,Servizio Transfrontaliero,https://www.cittametropolitana.na.it/autorizzazione-unica-ambientale
Comune di Napoli,Avvio di impresa,Ottenere un permesso di inquinamento/ambientale,Chiarire se è necessaria un'autenticazione per accedere al servizio,Servizio Transfrontaliero,https://www.cittametropolitana.na.it/autorizzazione-unica-ambientale
Comune di Napoli,Avvio di impresa,Ottenere un permesso di inquinamento/ambientale,Permettere l'autenticazione tramite eID nazionale anche per utenti transfrontalieri,Servizio Transfrontaliero,https://www.cittametropolitana.na.it/autorizzazione-unica-ambientale
Comune di Napoli,Avvio di impresa,Ottenere un permesso di inquinamento/ambientale,Specificare se sono richiesti documenti per utenti transfrontalieri,Servizio Transfrontaliero,https://www.cittametropolitana.na.it/autorizzazione-unica-ambientale
Comune di Napoli,Avvio di impresa,Ottenere un permesso di inquinamento/ambientale,Chiarire se è previsto un pagamento per accedere al servizio,Servizio Transfrontaliero,https://www.cittametropolitana.na.it/autorizzazione-unica-ambientale
Comune di Napoli,Avvio di impresa,Ottenere un permesso di inquinamento/ambientale,Fornire una conferma automatica di ricezione della richiesta,Servizio Transfrontaliero,https://www.cittametropolitana.na.it/autorizzazione-unica-ambientale
Comune di Napoli,Avvio di impresa,Ottenere un permesso di inquinamento/ambientale,Fornire un output elettronico del servizio,Servizio Transfrontaliero,https://www.cittametropolitana.na.it/autorizzazione-unica-ambientale
Comune di Napoli,Avvio di impresa,Ottenere un permesso di inquinamento/ambientale,Comunicare automaticamente all'utente il completamento del servizio,Servizio Transfrontaliero,https://www.cittametropolitana.na.it/autorizzazione-unica-ambientale
Comune di Napoli,Avvio di impresa,Ottenere un permesso di inquinamento/ambientale,Indicare se il servizio è potenzialmente idoneo all'implementazione del principio Once-Only (OOTS),Servizio Transfrontaliero,https://www.cittametropolitana.na.it/autorizzazione-unica-ambientale
Comune di Torino,Avvio di impresa,Ottenere un permesso di inquinamento/ambientale,Consentire agli utenti stranieri di accedere al servizio online,Servizio Transfrontaliero,http://www.torinometropoli.it/cms/ambiente/aua/aua
Comune di Torino,Avvio di impresa,Ottenere un permesso di inquinamento/ambientale,Rimuovere la barriera della necessità di identificazione/autenticazione online nazionale,Servizio Transfrontaliero,http://www.torinometropoli.it/cms/ambiente/aua/aua
Comune di Torino,Avvio di impresa,Ottenere un permesso di inquinamento/ambientale,Consentire la presentazione dei documenti elettronici richiesti dai cittadini stranieri,Servizio Transfrontaliero,http://www.torinometropoli.it/cms/ambiente/aua/aua
Comune di Torino,Avvio di impresa,Ottenere un permesso di inquinamento/ambientale,Eliminare la necessità di traduzione o riconoscimento dei documenti richiesti,Servizio Transfrontaliero,http://www.torinometropoli.it/cms/ambiente/aua/aua
Comune di Torino,Avvio di impresa,Ottenere un permesso di inquinamento/ambientale,Fornire traduzioni chiare o un'interfaccia multilingue per superare le barriere linguistiche,Servizio Transfrontaliero,http://www.torinometropoli.it/cms/ambiente/aua/aua
Comune di Torino,Avvio di impresa,Ottenere un permesso di inquinamento/ambientale,Migliorare la qualità delle traduzioni fornite sul sito web,Servizio Transfrontaliero,http://www.torinometropoli.it/cms/ambiente/aua/aua
Comune di Torino,Avvio di impresa,Ottenere un permesso di inquinamento/ambientale,Fornire informazioni complete e facilmente accessibili anche per utenti internazionali,Servizio Transfrontaliero,http://www.torinometropoli.it/cms/ambiente/aua/aua
Comune di Torino,Avvio di impresa,Ottenere un permesso di inquinamento/ambientale,Eliminare la necessità di incontri fisici per completare il servizio,Servizio Transfrontaliero,http://www.torinometropoli.it/cms/ambiente/aua/aua
Comune di Torino,Avvio di impresa,Ottenere un permesso di inquinamento/ambientale,Chiarire se è necessaria un'autenticazione per accedere al servizio,Servizio Transfrontaliero,http://www.torinometropoli.it/cms/ambiente/aua/aua
Comune di Torino,Avvio di impresa,Ottenere un permesso di inquinamento/ambientale,Permettere l'autenticazione tramite eID nazionale anche per utenti transfrontalieri,Servizio Transfrontaliero,http://www.torinometropoli.it/cms/ambiente/aua/aua
Comune di Torino,Avvio di impresa,Ottenere un permesso di inquinamento/ambientale,Specificare se sono richiesti documenti per utenti transfrontalieri,Servizio Transfrontaliero,http://www.torinometropoli.it/cms/ambiente/aua/aua
Comune di Torino,Avvio di impresa,Ottenere un permesso di inquinamento/ambientale,Chiarire se è previsto un pagamento per accedere al servizio,Servizio Transfrontaliero,http://www.torinometropoli.it/cms/ambiente/aua/aua
Comune di Torino,Avvio di impresa,Ottenere un permesso di inquinamento/ambientale,Fornire una conferma automatica di ricezione della richiesta,Servizio Transfrontaliero,http://www.torinometropoli.it/cms/ambiente/aua/aua
Comune di Torino,Avvio di impresa,Ottenere un permesso di inquinamento/ambientale,Comunicare automaticamente all'utente il completamento del servizio,Servizio Transfrontaliero,http://www.torinometropoli.it/cms/ambiente/aua/aua
Comune di Torino,Avvio di impresa,Ottenere un permesso di inquinamento/ambientale,Indicare se il servizio è potenzialmente idoneo all'implementazione del principio Once-Only (OOTS),Servizio Transfrontaliero,http://www.torinometropoli.it/cms/ambiente/aua/aua
Comune di Palermo,Avvio di impresa,Ottenere un permesso di inquinamento/ambientale,Consentire agli utenti stranieri di accedere al servizio online,Servizio Transfrontaliero,https://www.comune.palermo.it/js/server/uploads/trasparenza_all/_27042017112431.pdf
Comune di Palermo,Avvio di impresa,Ottenere un permesso di inquinamento/ambientale,Rimuovere la barriera della necessità di identificazione/autenticazione online nazionale,Servizio Transfrontaliero,https://www.comune.palermo.it/js/server/uploads/trasparenza_all/_27042017112431.pdf
Comune di Palermo,Avvio di impresa,Ottenere un permesso di inquinamento/ambientale,Consentire la presentazione dei documenti elettronici richiesti dai cittadini stranieri,Servizio Transfrontaliero,https://www.comune.palermo.it/js/server/uploads/trasparenza_all/_27042017112431.pdf
Comune di Palermo,Avvio di impresa,Ottenere un permesso di inquinamento/ambientale,Eliminare la necessità di traduzione o riconoscimento dei documenti richiesti,Servizio Transfrontaliero,https://www.comune.palermo.it/js/server/uploads/trasparenza_all/_27042017112431.pdf
Comune di Palermo,Avvio di impresa,Ottenere un permesso di inquinamento/ambientale,Fornire traduzioni chiare o un'interfaccia multilingue per superare le barriere linguistiche,Servizio Transfrontaliero,https://www.comune.palermo.it/js/server/uploads/trasparenza_all/_27042017112431.pdf
Comune di Palermo,Avvio di impresa,Ottenere un permesso di inquinamento/ambientale,Migliorare la qualità delle traduzioni fornite sul sito web,Servizio Transfrontaliero,https://www.comune.palermo.it/js/server/uploads/trasparenza_all/_27042017112431.pdf
Comune di Palermo,Avvio di impresa,Ottenere un permesso di inquinamento/ambientale,Fornire informazioni complete e facilmente accessibili anche per utenti internazionali,Servizio Transfrontaliero,https://www.comune.palermo.it/js/server/uploads/trasparenza_all/_27042017112431.pdf
Comune di Palermo,Avvio di impresa,Ottenere un permesso di inquinamento/ambientale,Eliminare la necessità di incontri fisici per completare il servizio,Servizio Transfrontaliero,https://www.comune.palermo.it/js/server/uploads/trasparenza_all/_27042017112431.pdf
Comune di Palermo,Avvio di impresa,Ottenere un permesso di inquinamento/ambientale,Permettere l'autenticazione tramite eID nazionale anche per utenti transfrontalieri,Servizio Transfrontaliero,https://www.comune.palermo.it/js/server/uploads/trasparenza_all/_27042017112431.pdf
Comune di Palermo,Avvio di impresa,Ottenere un permesso di inquinamento/ambientale,Specificare se sono richiesti documenti per utenti transfrontalieri,Servizio Transfrontaliero,https://www.comune.palermo.it/js/server/uploads/trasparenza_all/_27042017112431.pdf
Comune di Palermo,Avvio di impresa,Ottenere un permesso di inquinamento/ambientale,Chiarire se è previsto un pagamento per accedere al servizio,Servizio Transfrontaliero,https://www.comune.palermo.it/js/server/uploads/trasparenza_all/_27042017112431.pdf
Comune di Palermo,Avvio di impresa,Ottenere un permesso di inquinamento/ambientale,Fornire una conferma automatica di ricezione della richiesta,Servizio Transfrontaliero,https://www.comune.palermo.it/js/server/uploads/trasparenza_all/_27042017112431.pdf
Comune di Palermo,Avvio di impresa,Ottenere un permesso di inquinamento/ambientale,Comunicare automaticamente all'utente il completamento del servizio,Servizio Transfrontaliero,https://www.comune.palermo.it/js/server/uploads/trasparenza_all/_27042017112431.pdf
Comune di Palermo,Avvio di impresa,Ottenere un permesso di inquinamento/ambientale,Indicare se il servizio è potenzialmente idoneo all'implementazione del principio Once-Only (OOTS),Servizio Transfrontaliero,https://www.comune.palermo.it/js/server/uploads/trasparenza_all/_27042017112431.pdf
Non Applicabile,Avvio di impresa,Registrarsi come fornitore di servizi di intermediazione dei dati,Indicare se il servizio è potenzialmente idoneo all'implementazione del principio Once-Only (OOTS),Servizio Transfrontaliero,Not Applicable
Non Applicabile,Avvio di impresa,Registrarsi come organizzazione di altruismo dei dati (potenziale) riconosciuta nell’Unione Europea,Indicare se il servizio è potenzialmente idoneo all'implementazione del principio Once-Only (OOTS),Servizio Transfrontaliero,Not Applicable
Ministero del Lavoro e delle Politiche Sociali,Carriera,Registrarsi come disoccupato,Rendere le informazioni disponibili anche per gli utenti stranieri,Servizio Transfrontaliero,https://www.cliclavoro.gov.it/pages/it/my_homepage/guide/orientamento_al_lavoro/
Ministero del Lavoro e delle Politiche Sociali,Carriera,Registrarsi come disoccupato,Consentire agli utenti stranieri di accedere al servizio online,Servizio Transfrontaliero,https://www.cliclavoro.gov.it/pages/it/my_homepage/guide/orientamento_al_lavoro/
Ministero del Lavoro e delle Politiche Sociali,Carriera,Registrarsi come disoccupato,Rimuovere la barriera della necessità di identificazione/autenticazione online nazionale,Servizio Transfrontaliero,https://www.cliclavoro.gov.it/pages/it/my_homepage/guide/orientamento_al_lavoro/
Ministero del Lavoro e delle Politiche Sociali,Carriera,Registrarsi come disoccupato,Consentire la presentazione dei documenti elettronici richiesti dai cittadini stranieri,Servizio Transfrontaliero,https://www.cliclavoro.gov.it/pages/it/my_homepage/guide/orientamento_al_lavoro/
Ministero del Lavoro e delle Politiche Sociali,Carriera,Registrarsi come disoccupato,Eliminare la necessità di traduzione o riconoscimento dei documenti richiesti,Servizio Transfrontaliero,https://www.cliclavoro.gov.it/pages/it/my_homepage/guide/orientamento_al_lavoro/
Ministero del Lavoro e delle Politiche Sociali,Carriera,Registrarsi come disoccupato,Fornire traduzioni chiare o un'interfaccia multilingue per superare le barriere linguistiche,Servizio Transfrontaliero,https://www.cliclavoro.gov.it/pages/it/my_homepage/guide/orientamento_al_lavoro/
Ministero del Lavoro e delle Politiche Sociali,Carriera,Registrarsi come disoccupato,Migliorare la qualità delle traduzioni fornite sul sito web,Servizio Transfrontaliero,https://www.cliclavoro.gov.it/pages/it/my_homepage/guide/orientamento_al_lavoro/
Ministero del Lavoro e delle Politiche Sociali,Carriera,Registrarsi come disoccupato,Fornire informazioni complete e facilmente accessibili anche per utenti internazionali,Servizio Transfrontaliero,https://www.cliclavoro.gov.it/pages/it/my_homepage/guide/orientamento_al_lavoro/
Ministero del Lavoro e delle Politiche Sociali,Carriera,Registrarsi come disoccupato,Eliminare la necessità di incontri fisici per completare il servizio,Servizio Transfrontaliero,https://www.cliclavoro.gov.it/pages/it/my_homepage/guide/orientamento_al_lavoro/
Ministero del Lavoro e delle Politiche Sociali,Carriera,Registrarsi come disoccupato,Chiarire se è necessaria un'autenticazione per accedere al servizio,Servizio Transfrontaliero,https://www.cliclavoro.gov.it/pages/it/my_homepage/guide/orientamento_al_lavoro/
Ministero del Lavoro e delle Politiche Sociali,Carriera,Registrarsi come disoccupato,Permettere l'autenticazione tramite eID nazionale anche per utenti transfrontalieri,Servizio Transfrontaliero,https://www.cliclavoro.gov.it/pages/it/my_homepage/guide/orientamento_al_lavoro/
Ministero del Lavoro e delle Politiche Sociali,Carriera,Registrarsi come disoccupato,Specificare se sono richiesti documenti per utenti transfrontalieri,Servizio Transfrontaliero,https://www.cliclavoro.gov.it/pages/it/my_homepage/guide/orientamento_al_lavoro/
Ministero del Lavoro e delle Politiche Sociali,Carriera,Registrarsi come disoccupato,Chiarire se è previsto un pagamento per accedere al servizio,Servizio Transfrontaliero,https://www.cliclavoro.gov.it/pages/it/my_homepage/guide/orientamento_al_lavoro/
Ministero del Lavoro e delle Politiche Sociali,Carriera,Registrarsi come disoccupato,Fornire una conferma automatica di ricezione della richiesta,Servizio Transfrontaliero,https://www.cliclavoro.gov.it/pages/it/my_homepage/guide/orientamento_al_lavoro/
Ministero del Lavoro e delle Politiche Sociali,Carriera,Registrarsi come disoccupato,Fornire un output elettronico del servizio,Servizio Transfrontaliero,https://www.cliclavoro.gov.it/pages/it/my_homepage/guide/orientamento_al_lavoro/
Ministero del Lavoro e delle Politiche Sociali,Carriera,Registrarsi come disoccupato,Comunicare automaticamente all'utente il completamento del servizio,Servizio Transfrontaliero,https://www.cliclavoro.gov.it/pages/it/my_homepage/guide/orientamento_al_lavoro/
Ministero del Lavoro e delle Politiche Sociali,Carriera,Registrarsi come disoccupato,Indicare se il servizio è potenzialmente idoneo all'implementazione del principio Once-Only (OOTS),Servizio Transfrontaliero,https://www.cliclavoro.gov.it/pages/it/my_homepage/guide/orientamento_al_lavoro/
INPS - Istituto Nazionale della Previdenza Sociale,Carriera,Calcolare i benefici di disoccupazione (durata e importo),Rimuovere la barriera della necessità di identificazione/autenticazione online nazionale,Servizio Transfrontaliero,https://www.inps.it/it/it/dettaglio-scheda.it.schede-servizio-strumento.schede-servizi.50593.naspi-indennit-mensile-di-disoccupazione.html
INPS - Istituto Nazionale della Previdenza Sociale,Carriera,Calcolare i benefici di disoccupazione (durata e importo),Consentire la presentazione dei documenti elettronici richiesti dai cittadini stranieri,Servizio Transfrontaliero,https://www.inps.it/it/it/dettaglio-scheda.it.schede-servizio-strumento.schede-servizi.50593.naspi-indennit-mensile-di-disoccupazione.html
INPS - Istituto Nazionale della Previdenza Sociale,Carriera,Calcolare i benefici di disoccupazione (durata e importo),Eliminare la necessità di traduzione o riconoscimento dei documenti richiesti,Servizio Transfrontaliero,https://www.inps.it/it/it/dettaglio-scheda.it.schede-servizio-strumento.schede-servizi.50593.naspi-indennit-mensile-di-disoccupazione.html
INPS - Istituto Nazionale della Previdenza Sociale,Carriera,Calcolare i benefici di disoccupazione (durata e importo),Fornire traduzioni chiare o un'interfaccia multilingue per superare le barriere linguistiche,Servizio Transfrontaliero,https://www.inps.it/it/it/dettaglio-scheda.it.schede-servizio-strumento.schede-servizi.50593.naspi-indennit-mensile-di-disoccupazione.html
INPS - Istituto Nazionale della Previdenza Sociale,Carriera,Calcolare i benefici di disoccupazione (durata e importo),Migliorare la qualità delle traduzioni fornite sul sito web,Servizio Transfrontaliero,https://www.inps.it/it/it/dettaglio-scheda.it.schede-servizio-strumento.schede-servizi.50593.naspi-indennit-mensile-di-disoccupazione.html
INPS - Istituto Nazionale della Previdenza Sociale,Carriera,Calcolare i benefici di disoccupazione (durata e importo),Fornire informazioni complete e facilmente accessibili anche per utenti internazionali,Servizio Transfrontaliero,https://www.inps.it/it/it/dettaglio-scheda.it.schede-servizio-strumento.schede-servizi.50593.naspi-indennit-mensile-di-disoccupazione.html
INPS - Istituto Nazionale della Previdenza Sociale,Carriera,Calcolare i benefici di disoccupazione (durata e importo),Eliminare la necessità di incontri fisici per completare il servizio,Servizio Transfrontaliero,https://www.inps.it/it/it/dettaglio-scheda.it.schede-servizio-strumento.schede-servizi.50593.naspi-indennit-mensile-di-disoccupazione.html
INPS - Istituto Nazionale della Previdenza Sociale,Carriera,Calcolare i benefici di disoccupazione (durata e importo),Indicare se il servizio rientra nel campo di applicazione della SDGR,Servizio Transfrontaliero,https://www.inps.it/it/it/dettaglio-scheda.it.schede-servizio-strumento.schede-servizi.50593.naspi-indennit-mensile-di-disoccupazione.html
INPS - Istituto Nazionale della Previdenza Sociale,Carriera,Calcolare i benefici di disoccupazione (durata e importo),Indicare se il servizio è potenzialmente idoneo all'implementazione del principio Once-Only (OOTS),Servizio Transfrontaliero,https://www.inps.it/it/it/dettaglio-scheda.it.schede-servizio-strumento.schede-servizi.50593.naspi-indennit-mensile-di-disoccupazione.html
INPS - Istituto Nazionale della Previdenza Sociale,Carriera,Richiedere i benefici di disoccupazione,Rimuovere la barriera della necessità di identificazione/autenticazione online nazionale,Servizio Transfrontaliero,https://serviziweb2.inps.it/PassiWeb/jsp/login.jsp?uri=https%3A%2F%2Fserviziweb2.inps.it%2FAntaspiWeb%2FanagraficaAntAspi.do%3Fmethod%3DpresenzaDomandePrecedenti_AntAspi%26idNav%3DAA_02%26S%3DS&S=S
INPS - Istituto Nazionale della Previdenza Sociale,Carriera,Richiedere i benefici di disoccupazione,Consentire la presentazione dei documenti elettronici richiesti dai cittadini stranieri,Servizio Transfrontaliero,https://serviziweb2.inps.it/PassiWeb/jsp/login.jsp?uri=https%3A%2F%2Fserviziweb2.inps.it%2FAntaspiWeb%2FanagraficaAntAspi.do%3Fmethod%3DpresenzaDomandePrecedenti_AntAspi%26idNav%3DAA_02%26S%3DS&S=S
INPS - Istituto Nazionale della Previdenza Sociale,Carriera,Richiedere i benefici di disoccupazione,Eliminare la necessità di traduzione o riconoscimento dei documenti richiesti,Servizio Transfrontaliero,https://serviziweb2.inps.it/PassiWeb/jsp/login.jsp?uri=https%3A%2F%2Fserviziweb2.inps.it%2FAntaspiWeb%2FanagraficaAntAspi.do%3Fmethod%3DpresenzaDomandePrecedenti_AntAspi%26idNav%3DAA_02%26S%3DS&S=S
INPS - Istituto Nazionale della Previdenza Sociale,Carriera,Richiedere i benefici di disoccupazione,Fornire traduzioni chiare o un'interfaccia multilingue per superare le barriere linguistiche,Servizio Transfrontaliero,https://serviziweb2.inps.it/PassiWeb/jsp/login.jsp?uri=https%3A%2F%2Fserviziweb2.inps.it%2FAntaspiWeb%2FanagraficaAntAspi.do%3Fmethod%3DpresenzaDomandePrecedenti_AntAspi%26idNav%3DAA_02%26S%3DS&S=S
INPS - Istituto Nazionale della Previdenza Sociale,Carriera,Richiedere i benefici di disoccupazione,Migliorare la qualità delle traduzioni fornite sul sito web,Servizio Transfrontaliero,https://serviziweb2.inps.it/PassiWeb/jsp/login.jsp?uri=https%3A%2F%2Fserviziweb2.inps.it%2FAntaspiWeb%2FanagraficaAntAspi.do%3Fmethod%3DpresenzaDomandePrecedenti_AntAspi%26idNav%3DAA_02%26S%3DS&S=S
INPS - Istituto Nazionale della Previdenza Sociale,Carriera,Richiedere i benefici di disoccupazione,Fornire informazioni complete e facilmente accessibili anche per utenti internazionali,Servizio Transfrontaliero,https://serviziweb2.inps.it/PassiWeb/jsp/login.jsp?uri=https%3A%2F%2Fserviziweb2.inps.it%2FAntaspiWeb%2FanagraficaAntAspi.do%3Fmethod%3DpresenzaDomandePrecedenti_AntAspi%26idNav%3DAA_02%26S%3DS&S=S
INPS - Istituto Nazionale della Previdenza Sociale,Carriera,Richiedere i benefici di disoccupazione,Eliminare la necessità di incontri fisici per completare il servizio,Servizio Transfrontaliero,https://serviziweb2.inps.it/PassiWeb/jsp/login.jsp?uri=https%3A%2F%2Fserviziweb2.inps.it%2FAntaspiWeb%2FanagraficaAntAspi.do%3Fmethod%3DpresenzaDomandePrecedenti_AntAspi%26idNav%3DAA_02%26S%3DS&S=S
INPS - Istituto Nazionale della Previdenza Sociale,Carriera,Richiedere i benefici di disoccupazione,Specificare se sono richiesti documenti per utenti transfrontalieri,Servizio Transfrontaliero,https://serviziweb2.inps.it/PassiWeb/jsp/login.jsp?uri=https%3A%2F%2Fserviziweb2.inps.it%2FAntaspiWeb%2FanagraficaAntAspi.do%3Fmethod%3DpresenzaDomandePrecedenti_AntAspi%26idNav%3DAA_02%26S%3DS&S=S
INPS - Istituto Nazionale della Previdenza Sociale,Carriera,Richiedere i benefici di disoccupazione,Chiarire se è previsto un pagamento per accedere al servizio,Servizio Transfrontaliero,https://serviziweb2.inps.it/PassiWeb/jsp/login.jsp?uri=https%3A%2F%2Fserviziweb2.inps.it%2FAntaspiWeb%2FanagraficaAntAspi.do%3Fmethod%3DpresenzaDomandePrecedenti_AntAspi%26idNav%3DAA_02%26S%3DS&S=S
INPS - Istituto Nazionale della Previdenza Sociale,Carriera,Richiedere i benefici di disoccupazione,Fornire una conferma automatica di ricezione della richiesta,Servizio Transfrontaliero,https://serviziweb2.inps.it/PassiWeb/jsp/login.jsp?uri=https%3A%2F%2Fserviziweb2.inps.it%2FAntaspiWeb%2FanagraficaAntAspi.do%3Fmethod%3DpresenzaDomandePrecedenti_AntAspi%26idNav%3DAA_02%26S%3DS&S=S
INPS - Istituto Nazionale della Previdenza Sociale,Carriera,Richiedere i benefici di disoccupazione,Indicare se il servizio è potenzialmente idoneo all'implementazione del principio Once-Only (OOTS),Servizio Transfrontaliero,https://serviziweb2.inps.it/PassiWeb/jsp/login.jsp?uri=https%3A%2F%2Fserviziweb2.inps.it%2FAntaspiWeb%2FanagraficaAntAspi.do%3Fmethod%3DpresenzaDomandePrecedenti_AntAspi%26idNav%3DAA_02%26S%3DS&S=S
INPS - Istituto Nazionale della Previdenza Sociale,Carriera,Richiedere i benefici di disoccupazione,Rimuovere la barriera della necessità di identificazione/autenticazione online nazionale,Servizio Transfrontaliero,https://www.inps.it/it/en/sostegni-sussidi-indennita/per-disoccupati.html
INPS - Istituto Nazionale della Previdenza Sociale,Carriera,Richiedere i benefici di disoccupazione,Consentire la presentazione dei documenti elettronici richiesti dai cittadini stranieri,Servizio Transfrontaliero,https://www.inps.it/it/en/sostegni-sussidi-indennita/per-disoccupati.html
INPS - Istituto Nazionale della Previdenza Sociale,Carriera,Richiedere i benefici di disoccupazione,Eliminare la necessità di traduzione o riconoscimento dei documenti richiesti,Servizio Transfrontaliero,https://www.inps.it/it/en/sostegni-sussidi-indennita/per-disoccupati.html
INPS - Istituto Nazionale della Previdenza Sociale,Carriera,Richiedere i benefici di disoccupazione,Fornire traduzioni chiare o un'interfaccia multilingue per superare le barriere linguistiche,Servizio Transfrontaliero,https://www.inps.it/it/en/sostegni-sussidi-indennita/per-disoccupati.html
INPS - Istituto Nazionale della Previdenza Sociale,Carriera,Richiedere i benefici di disoccupazione,Migliorare la qualità delle traduzioni fornite sul sito web,Servizio Transfrontaliero,https://www.inps.it/it/en/sostegni-sussidi-indennita/per-disoccupati.html
INPS - Istituto Nazionale della Previdenza Sociale,Carriera,Richiedere i benefici di disoccupazione,Fornire informazioni complete e facilmente accessibili anche per utenti internazionali,Servizio Transfrontaliero,https://www.inps.it/it/en/sostegni-sussidi-indennita/per-disoccupati.html
INPS - Istituto Nazionale della Previdenza Sociale,Carriera,Richiedere i benefici di disoccupazione,Eliminare la necessità di incontri fisici per completare il servizio,Servizio Transfrontaliero,https://www.inps.it/it/en/sostegni-sussidi-indennita/per-disoccupati.html
INPS - Istituto Nazionale della Previdenza Sociale,Carriera,Richiedere i benefici di disoccupazione,Specificare se sono richiesti documenti per utenti transfrontalieri,Servizio Transfrontaliero,https://www.inps.it/it/en/sostegni-sussidi-indennita/per-disoccupati.html
INPS - Istituto Nazionale della Previdenza Sociale,Carriera,Richiedere i benefici di disoccupazione,Chiarire se è previsto un pagamento per accedere al servizio,Servizio Transfrontaliero,https://www.inps.it/it/en/sostegni-sussidi-indennita/per-disoccupati.html
INPS - Istituto Nazionale della Previdenza Sociale,Carriera,Richiedere i benefici di disoccupazione,Indicare se il servizio è potenzialmente idoneo all'implementazione del principio Once-Only (OOTS),Servizio Transfrontaliero,https://www.inps.it/it/en/sostegni-sussidi-indennita/per-disoccupati.html
INPS - Istituto Nazionale della Previdenza Sociale,Carriera,Presentare ricorso contro la decisione di non concessione dei benefici di disoccupazione,Consentire agli utenti stranieri di accedere al servizio online,Servizio Transfrontaliero,https://www.inps.it/prestazioni-servizi/gestione-dei-ricorsi-amministrativi-rivolti-agli-organismi-centrali-in-materia-di-entrate-contributive
INPS - Istituto Nazionale della Previdenza Sociale,Carriera,Presentare ricorso contro la decisione di non concessione dei benefici di disoccupazione,Rimuovere la barriera della necessità di identificazione/autenticazione online nazionale,Servizio Transfrontaliero,https://www.inps.it/prestazioni-servizi/gestione-dei-ricorsi-amministrativi-rivolti-agli-organismi-centrali-in-materia-di-entrate-contributive
INPS - Istituto Nazionale della Previdenza Sociale,Carriera,Presentare ricorso contro la decisione di non concessione dei benefici di disoccupazione,Consentire la presentazione dei documenti elettronici richiesti dai cittadini stranieri,Servizio Transfrontaliero,https://www.inps.it/prestazioni-servizi/gestione-dei-ricorsi-amministrativi-rivolti-agli-organismi-centrali-in-materia-di-entrate-contributive
INPS - Istituto Nazionale della Previdenza Sociale,Carriera,Presentare ricorso contro la decisione di non concessione dei benefici di disoccupazione,Eliminare la necessità di traduzione o riconoscimento dei documenti richiesti,Servizio Transfrontaliero,https://www.inps.it/prestazioni-servizi/gestione-dei-ricorsi-amministrativi-rivolti-agli-organismi-centrali-in-materia-di-entrate-contributive
INPS - Istituto Nazionale della Previdenza Sociale,Carriera,Presentare ricorso contro la decisione di non concessione dei benefici di disoccupazione,Fornire traduzioni chiare o un'interfaccia multilingue per superare le barriere linguistiche,Servizio Transfrontaliero,https://www.inps.it/prestazioni-servizi/gestione-dei-ricorsi-amministrativi-rivolti-agli-organismi-centrali-in-materia-di-entrate-contributive
INPS - Istituto Nazionale della Previdenza Sociale,Carriera,Presentare ricorso contro la decisione di non concessione dei benefici di disoccupazione,Migliorare la qualità delle traduzioni fornite sul sito web,Servizio Transfrontaliero,https://www.inps.it/prestazioni-servizi/gestione-dei-ricorsi-amministrativi-rivolti-agli-organismi-centrali-in-materia-di-entrate-contributive
INPS - Istituto Nazionale della Previdenza Sociale,Carriera,Presentare ricorso contro la decisione di non concessione dei benefici di disoccupazione,Fornire informazioni complete e facilmente accessibili anche per utenti internazionali,Servizio Transfrontaliero,https://www.inps.it/prestazioni-servizi/gestione-dei-ricorsi-amministrativi-rivolti-agli-organismi-centrali-in-materia-di-entrate-contributive
INPS - Istituto Nazionale della Previdenza Sociale,Carriera,Presentare ricorso contro la decisione di non concessione dei benefici di disoccupazione,Eliminare la necessità di incontri fisici per completare il servizio,Servizio Transfrontaliero,https://www.inps.it/prestazioni-servizi/gestione-dei-ricorsi-amministrativi-rivolti-agli-organismi-centrali-in-materia-di-entrate-contributive
INPS - Istituto Nazionale della Previdenza Sociale,Carriera,Presentare ricorso contro la decisione di non concessione dei benefici di disoccupazione,Permettere l'autenticazione tramite eID nazionale anche per utenti transfrontalieri,Servizio Transfrontaliero,https://www.inps.it/prestazioni-servizi/gestione-dei-ricorsi-amministrativi-rivolti-agli-organismi-centrali-in-materia-di-entrate-contributive
INPS - Istituto Nazionale della Previdenza Sociale,Carriera,Presentare ricorso contro la decisione di non concessione dei benefici di disoccupazione,Chiarire se è previsto un pagamento per accedere al servizio,Servizio Transfrontaliero,https://www.inps.it/prestazioni-servizi/gestione-dei-ricorsi-amministrativi-rivolti-agli-organismi-centrali-in-materia-di-entrate-contributive
INPS - Istituto Nazionale della Previdenza Sociale,Carriera,Presentare ricorso contro la decisione di non concessione dei benefici di disoccupazione,Indicare se il servizio rientra nel campo di applicazione della SDGR,Servizio Transfrontaliero,https://www.inps.it/prestazioni-servizi/gestione-dei-ricorsi-amministrativi-rivolti-agli-organismi-centrali-in-materia-di-entrate-contributive
INPS - Istituto Nazionale della Previdenza Sociale,Carriera,Presentare ricorso contro la decisione di non concessione dei benefici di disoccupazione,Indicare se il servizio è potenzialmente idoneo all'implementazione del principio Once-Only (OOTS),Servizio Transfrontaliero,https://www.inps.it/prestazioni-servizi/gestione-dei-ricorsi-amministrativi-rivolti-agli-organismi-centrali-in-materia-di-entrate-contributive
INPS - Istituto Nazionale della Previdenza Sociale,Carriera,Richiedere un rimborso fiscale o altre indennità influenzate dalla disoccupazione,Consentire agli utenti stranieri di accedere al servizio online,Servizio Transfrontaliero,https://www.inps.it/NuovoportaleINPS/default.aspx?itemdir=50589
INPS - Istituto Nazionale della Previdenza Sociale,Carriera,Richiedere un rimborso fiscale o altre indennità influenzate dalla disoccupazione,Rimuovere la barriera della necessità di identificazione/autenticazione online nazionale,Servizio Transfrontaliero,https://www.inps.it/NuovoportaleINPS/default.aspx?itemdir=50589
INPS - Istituto Nazionale della Previdenza Sociale,Carriera,Richiedere un rimborso fiscale o altre indennità influenzate dalla disoccupazione,Consentire la presentazione dei documenti elettronici richiesti dai cittadini stranieri,Servizio Transfrontaliero,https://www.inps.it/NuovoportaleINPS/default.aspx?itemdir=50589
INPS - Istituto Nazionale della Previdenza Sociale,Carriera,Richiedere un rimborso fiscale o altre indennità influenzate dalla disoccupazione,Eliminare la necessità di traduzione o riconoscimento dei documenti richiesti,Servizio Transfrontaliero,https://www.inps.it/NuovoportaleINPS/default.aspx?itemdir=50589
INPS - Istituto Nazionale della Previdenza Sociale,Carriera,Richiedere un rimborso fiscale o altre indennità influenzate dalla disoccupazione,Fornire traduzioni chiare o un'interfaccia multilingue per superare le barriere linguistiche,Servizio Transfrontaliero,https://www.inps.it/NuovoportaleINPS/default.aspx?itemdir=50589
INPS - Istituto Nazionale della Previdenza Sociale,Carriera,Richiedere un rimborso fiscale o altre indennità influenzate dalla disoccupazione,Migliorare la qualità delle traduzioni fornite sul sito web,Servizio Transfrontaliero,https://www.inps.it/NuovoportaleINPS/default.aspx?itemdir=50589
INPS - Istituto Nazionale della Previdenza Sociale,Carriera,Richiedere un rimborso fiscale o altre indennità influenzate dalla disoccupazione,Fornire informazioni complete e facilmente accessibili anche per utenti internazionali,Servizio Transfrontaliero,https://www.inps.it/NuovoportaleINPS/default.aspx?itemdir=50589
INPS - Istituto Nazionale della Previdenza Sociale,Carriera,Richiedere un rimborso fiscale o altre indennità influenzate dalla disoccupazione,Eliminare la necessità di incontri fisici per completare il servizio,Servizio Transfrontaliero,https://www.inps.it/NuovoportaleINPS/default.aspx?itemdir=50589
INPS - Istituto Nazionale della Previdenza Sociale,Carriera,Richiedere un rimborso fiscale o altre indennità influenzate dalla disoccupazione,Permettere l'autenticazione tramite eID nazionale anche per utenti transfrontalieri,Servizio Transfrontaliero,https://www.inps.it/NuovoportaleINPS/default.aspx?itemdir=50589
INPS - Istituto Nazionale della Previdenza Sociale,Carriera,Richiedere un rimborso fiscale o altre indennità influenzate dalla disoccupazione,Chiarire se è previsto un pagamento per accedere al servizio,Servizio Transfrontaliero,https://www.inps.it/NuovoportaleINPS/default.aspx?itemdir=50589
INPS - Istituto Nazionale della Previdenza Sociale,Carriera,Richiedere un rimborso fiscale o altre indennità influenzate dalla disoccupazione,Indicare se il servizio rientra nel campo di applicazione della SDGR,Servizio Transfrontaliero,https://www.inps.it/NuovoportaleINPS/default.aspx?itemdir=50589
INPS - Istituto Nazionale della Previdenza Sociale,Carriera,Richiedere un rimborso fiscale o altre indennità influenzate dalla disoccupazione,Indicare se il servizio è potenzialmente idoneo all'implementazione del principio Once-Only (OOTS),Servizio Transfrontaliero,https://www.inps.it/NuovoportaleINPS/default.aspx?itemdir=50589
INPS - Istituto Nazionale della Previdenza Sociale,Carriera,Richiedere un rimborso fiscale o altre indennità influenzate dalla disoccupazione,Consentire agli utenti stranieri di accedere al servizio online,Servizio Transfrontaliero,https://www.inps.it/gss/default.aspx?sPathID=%3b0%3b58072%3b&lastMenu=58072&iMenu=120&p4=2
INPS - Istituto Nazionale della Previdenza Sociale,Carriera,Richiedere un rimborso fiscale o altre indennità influenzate dalla disoccupazione,Rimuovere la barriera della necessità di identificazione/autenticazione online nazionale,Servizio Transfrontaliero,https://www.inps.it/gss/default.aspx?sPathID=%3b0%3b58072%3b&lastMenu=58072&iMenu=120&p4=2
INPS - Istituto Nazionale della Previdenza Sociale,Carriera,Richiedere un rimborso fiscale o altre indennità influenzate dalla disoccupazione,Consentire la presentazione dei documenti elettronici richiesti dai cittadini stranieri,Servizio Transfrontaliero,https://www.inps.it/gss/default.aspx?sPathID=%3b0%3b58072%3b&lastMenu=58072&iMenu=120&p4=2
INPS - Istituto Nazionale della Previdenza Sociale,Carriera,Richiedere un rimborso fiscale o altre indennità influenzate dalla disoccupazione,Eliminare la necessità di traduzione o riconoscimento dei documenti richiesti,Servizio Transfrontaliero,https://www.inps.it/gss/default.aspx?sPathID=%3b0%3b58072%3b&lastMenu=58072&iMenu=120&p4=2
INPS - Istituto Nazionale della Previdenza Sociale,Carriera,Richiedere un rimborso fiscale o altre indennità influenzate dalla disoccupazione,Fornire traduzioni chiare o un'interfaccia multilingue per superare le barriere linguistiche,Servizio Transfrontaliero,https://www.inps.it/gss/default.aspx?sPathID=%3b0%3b58072%3b&lastMenu=58072&iMenu=120&p4=2
INPS - Istituto Nazionale della Previdenza Sociale,Carriera,Richiedere un rimborso fiscale o altre indennità influenzate dalla disoccupazione,Migliorare la qualità delle traduzioni fornite sul sito web,Servizio Transfrontaliero,https://www.inps.it/gss/default.aspx?sPathID=%3b0%3b58072%3b&lastMenu=58072&iMenu=120&p4=2
INPS - Istituto Nazionale della Previdenza Sociale,Carriera,Richiedere un rimborso fiscale o altre indennità influenzate dalla disoccupazione,Fornire informazioni complete e facilmente accessibili anche per utenti internazionali,Servizio Transfrontaliero,https://www.inps.it/gss/default.aspx?sPathID=%3b0%3b58072%3b&lastMenu=58072&iMenu=120&p4=2
INPS - Istituto Nazionale della Previdenza Sociale,Carriera,Richiedere un rimborso fiscale o altre indennità influenzate dalla disoccupazione,Eliminare la necessità di incontri fisici per completare il servizio,Servizio Transfrontaliero,https://www.inps.it/gss/default.aspx?sPathID=%3b0%3b58072%3b&lastMenu=58072&iMenu=120&p4=2
INPS - Istituto Nazionale della Previdenza Sociale,Carriera,Richiedere un rimborso fiscale o altre indennità influenzate dalla disoccupazione,Permettere l'autenticazione tramite eID nazionale anche per utenti transfrontalieri,Servizio Transfrontaliero,https://www.inps.it/gss/default.aspx?sPathID=%3b0%3b58072%3b&lastMenu=58072&iMenu=120&p4=2
INPS - Istituto Nazionale della Previdenza Sociale,Carriera,Richiedere un rimborso fiscale o altre indennità influenzate dalla disoccupazione,Chiarire se è previsto un pagamento per accedere al servizio,Servizio Transfrontaliero,https://www.inps.it/gss/default.aspx?sPathID=%3b0%3b58072%3b&lastMenu=58072&iMenu=120&p4=2
INPS - Istituto Nazionale della Previdenza Sociale,Carriera,Richiedere un rimborso fiscale o altre indennità influenzate dalla disoccupazione,Indicare se il servizio rientra nel campo di applicazione della SDGR,Servizio Transfrontaliero,https://www.inps.it/gss/default.aspx?sPathID=%3b0%3b58072%3b&lastMenu=58072&iMenu=120&p4=2
INPS - Istituto Nazionale della Previdenza Sociale,Carriera,Richiedere un rimborso fiscale o altre indennità influenzate dalla disoccupazione,Indicare se il servizio è potenzialmente idoneo all'implementazione del principio Once-Only (OOTS),Servizio Transfrontaliero,https://www.inps.it/gss/default.aspx?sPathID=%3b0%3b58072%3b&lastMenu=58072&iMenu=120&p4=2
INPS - Istituto Nazionale della Previdenza Sociale,Carriera,Verificare gli obblighi per mantenere i benefici di disoccupazione,Consentire agli utenti stranieri di accedere al servizio online,Servizio Transfrontaliero,https://www.inps.it/gss/default.aspx?imenu=120
INPS - Istituto Nazionale della Previdenza Sociale,Carriera,Verificare gli obblighi per mantenere i benefici di disoccupazione,Rimuovere la barriera della necessità di identificazione/autenticazione online nazionale,Servizio Transfrontaliero,https://www.inps.it/gss/default.aspx?imenu=120
INPS - Istituto Nazionale della Previdenza Sociale,Carriera,Verificare gli obblighi per mantenere i benefici di disoccupazione,Consentire la presentazione dei documenti elettronici richiesti dai cittadini stranieri,Servizio Transfrontaliero,https://www.inps.it/gss/default.aspx?imenu=120
INPS - Istituto Nazionale della Previdenza Sociale,Carriera,Verificare gli obblighi per mantenere i benefici di disoccupazione,Eliminare la necessità di traduzione o riconoscimento dei documenti richiesti,Servizio Transfrontaliero,https://www.inps.it/gss/default.aspx?imenu=120
INPS - Istituto Nazionale della Previdenza Sociale,Carriera,Verificare gli obblighi per mantenere i benefici di disoccupazione,Fornire traduzioni chiare o un'interfaccia multilingue per superare le barriere linguistiche,Servizio Transfrontaliero,https://www.inps.it/gss/default.aspx?imenu=120
INPS - Istituto Nazionale della Previdenza Sociale,Carriera,Verificare gli obblighi per mantenere i benefici di disoccupazione,Migliorare la qualità delle traduzioni fornite sul sito web,Servizio Transfrontaliero,https://www.inps.it/gss/default.aspx?imenu=120
INPS - Istituto Nazionale della Previdenza Sociale,Carriera,Verificare gli obblighi per mantenere i benefici di disoccupazione,Fornire informazioni complete e facilmente accessibili anche per utenti internazionali,Servizio Transfrontaliero,https://www.inps.it/gss/default.aspx?imenu=120
INPS - Istituto Nazionale della Previdenza Sociale,Carriera,Verificare gli obblighi per mantenere i benefici di disoccupazione,Eliminare la necessità di incontri fisici per completare il servizio,Servizio Transfrontaliero,https://www.inps.it/gss/default.aspx?imenu=120
INPS - Istituto Nazionale della Previdenza Sociale,Carriera,Verificare gli obblighi per mantenere i benefici di disoccupazione,Indicare se il servizio rientra nel campo di applicazione della SDGR,Servizio Transfrontaliero,https://www.inps.it/gss/default.aspx?imenu=120
INPS - Istituto Nazionale della Previdenza Sociale,Carriera,Verificare gli obblighi per mantenere i benefici di disoccupazione,Indicare se il servizio è potenzialmente idoneo all'implementazione del principio Once-Only (OOTS),Servizio Transfrontaliero,https://www.inps.it/gss/default.aspx?imenu=120
INPS - Istituto Nazionale della Previdenza Sociale,Carriera,Presentare prove che dimostrano che stai cercando lavoro,Consentire agli utenti stranieri di accedere al servizio online,Servizio Transfrontaliero,https://serviziweb2.inps.it/PassiWeb/jsp/login.jsp?uri=https%3A%2F%2Fserviziweb2.inps.it%2FAntaspiWeb%2FanagraficaAntAspi.do%3Fmethod%3DpresenzaDomandePrecedenti_AntAspi%26idNav%3DAA_02%26S%3DS&S=S
INPS - Istituto Nazionale della Previdenza Sociale,Carriera,Presentare prove che dimostrano che stai cercando lavoro,Rimuovere la barriera della necessità di identificazione/autenticazione online nazionale,Servizio Transfrontaliero,https://serviziweb2.inps.it/PassiWeb/jsp/login.jsp?uri=https%3A%2F%2Fserviziweb2.inps.it%2FAntaspiWeb%2FanagraficaAntAspi.do%3Fmethod%3DpresenzaDomandePrecedenti_AntAspi%26idNav%3DAA_02%26S%3DS&S=S
INPS - Istituto Nazionale della Previdenza Sociale,Carriera,Presentare prove che dimostrano che stai cercando lavoro,Consentire la presentazione dei documenti elettronici richiesti dai cittadini stranieri,Servizio Transfrontaliero,https://serviziweb2.inps.it/PassiWeb/jsp/login.jsp?uri=https%3A%2F%2Fserviziweb2.inps.it%2FAntaspiWeb%2FanagraficaAntAspi.do%3Fmethod%3DpresenzaDomandePrecedenti_AntAspi%26idNav%3DAA_02%26S%3DS&S=S
INPS - Istituto Nazionale della Previdenza Sociale,Carriera,Presentare prove che dimostrano che stai cercando lavoro,Eliminare la necessità di traduzione o riconoscimento dei documenti richiesti,Servizio Transfrontaliero,https://serviziweb2.inps.it/PassiWeb/jsp/login.jsp?uri=https%3A%2F%2Fserviziweb2.inps.it%2FAntaspiWeb%2FanagraficaAntAspi.do%3Fmethod%3DpresenzaDomandePrecedenti_AntAspi%26idNav%3DAA_02%26S%3DS&S=S
INPS - Istituto Nazionale della Previdenza Sociale,Carriera,Presentare prove che dimostrano che stai cercando lavoro,Fornire traduzioni chiare o un'interfaccia multilingue per superare le barriere linguistiche,Servizio Transfrontaliero,https://serviziweb2.inps.it/PassiWeb/jsp/login.jsp?uri=https%3A%2F%2Fserviziweb2.inps.it%2FAntaspiWeb%2FanagraficaAntAspi.do%3Fmethod%3DpresenzaDomandePrecedenti_AntAspi%26idNav%3DAA_02%26S%3DS&S=S
INPS - Istituto Nazionale della Previdenza Sociale,Carriera,Presentare prove che dimostrano che stai cercando lavoro,Migliorare la qualità delle traduzioni fornite sul sito web,Servizio Transfrontaliero,https://serviziweb2.inps.it/PassiWeb/jsp/login.jsp?uri=https%3A%2F%2Fserviziweb2.inps.it%2FAntaspiWeb%2FanagraficaAntAspi.do%3Fmethod%3DpresenzaDomandePrecedenti_AntAspi%26idNav%3DAA_02%26S%3DS&S=S
INPS - Istituto Nazionale della Previdenza Sociale,Carriera,Presentare prove che dimostrano che stai cercando lavoro,Fornire informazioni complete e facilmente accessibili anche per utenti internazionali,Servizio Transfrontaliero,https://serviziweb2.inps.it/PassiWeb/jsp/login.jsp?uri=https%3A%2F%2Fserviziweb2.inps.it%2FAntaspiWeb%2FanagraficaAntAspi.do%3Fmethod%3DpresenzaDomandePrecedenti_AntAspi%26idNav%3DAA_02%26S%3DS&S=S
INPS - Istituto Nazionale della Previdenza Sociale,Carriera,Presentare prove che dimostrano che stai cercando lavoro,Eliminare la necessità di incontri fisici per completare il servizio,Servizio Transfrontaliero,https://serviziweb2.inps.it/PassiWeb/jsp/login.jsp?uri=https%3A%2F%2Fserviziweb2.inps.it%2FAntaspiWeb%2FanagraficaAntAspi.do%3Fmethod%3DpresenzaDomandePrecedenti_AntAspi%26idNav%3DAA_02%26S%3DS&S=S
INPS - Istituto Nazionale della Previdenza Sociale,Carriera,Presentare prove che dimostrano che stai cercando lavoro,Permettere l'autenticazione tramite eID nazionale anche per utenti transfrontalieri,Servizio Transfrontaliero,https://serviziweb2.inps.it/PassiWeb/jsp/login.jsp?uri=https%3A%2F%2Fserviziweb2.inps.it%2FAntaspiWeb%2FanagraficaAntAspi.do%3Fmethod%3DpresenzaDomandePrecedenti_AntAspi%26idNav%3DAA_02%26S%3DS&S=S
INPS - Istituto Nazionale della Previdenza Sociale,Carriera,Presentare prove che dimostrano che stai cercando lavoro,Chiarire se è previsto un pagamento per accedere al servizio,Servizio Transfrontaliero,https://serviziweb2.inps.it/PassiWeb/jsp/login.jsp?uri=https%3A%2F%2Fserviziweb2.inps.it%2FAntaspiWeb%2FanagraficaAntAspi.do%3Fmethod%3DpresenzaDomandePrecedenti_AntAspi%26idNav%3DAA_02%26S%3DS&S=S
INPS - Istituto Nazionale della Previdenza Sociale,Carriera,Presentare prove che dimostrano che stai cercando lavoro,Indicare se il servizio rientra nel campo di applicazione della SDGR,Servizio Transfrontaliero,https://serviziweb2.inps.it/PassiWeb/jsp/login.jsp?uri=https%3A%2F%2Fserviziweb2.inps.it%2FAntaspiWeb%2FanagraficaAntAspi.do%3Fmethod%3DpresenzaDomandePrecedenti_AntAspi%26idNav%3DAA_02%26S%3DS&S=S
INPS - Istituto Nazionale della Previdenza Sociale,Carriera,Presentare prove che dimostrano che stai cercando lavoro,Indicare se il servizio è potenzialmente idoneo all'implementazione del principio Once-Only (OOTS),Servizio Transfrontaliero,https://serviziweb2.inps.it/PassiWeb/jsp/login.jsp?uri=https%3A%2F%2Fserviziweb2.inps.it%2FAntaspiWeb%2FanagraficaAntAspi.do%3Fmethod%3DpresenzaDomandePrecedenti_AntAspi%26idNav%3DAA_02%26S%3DS&S=S
INPS - Istituto Nazionale della Previdenza Sociale,Carriera,Presentare prove che dimostrano che stai cercando lavoro,Consentire agli utenti stranieri di accedere al servizio online,Servizio Transfrontaliero,https://www.inps.it/gss/default.aspx?sPathID=%3b0%3b55419%3b55634%3b&lastMenu=55634&iMenu=120&p4=2
INPS - Istituto Nazionale della Previdenza Sociale,Carriera,Presentare prove che dimostrano che stai cercando lavoro,Rimuovere la barriera della necessità di identificazione/autenticazione online nazionale,Servizio Transfrontaliero,https://www.inps.it/gss/default.aspx?sPathID=%3b0%3b55419%3b55634%3b&lastMenu=55634&iMenu=120&p4=2
INPS - Istituto Nazionale della Previdenza Sociale,Carriera,Presentare prove che dimostrano che stai cercando lavoro,Consentire la presentazione dei documenti elettronici richiesti dai cittadini stranieri,Servizio Transfrontaliero,https://www.inps.it/gss/default.aspx?sPathID=%3b0%3b55419%3b55634%3b&lastMenu=55634&iMenu=120&p4=2
INPS - Istituto Nazionale della Previdenza Sociale,Carriera,Presentare prove che dimostrano che stai cercando lavoro,Eliminare la necessità di traduzione o riconoscimento dei documenti richiesti,Servizio Transfrontaliero,https://www.inps.it/gss/default.aspx?sPathID=%3b0%3b55419%3b55634%3b&lastMenu=55634&iMenu=120&p4=2
INPS - Istituto Nazionale della Previdenza Sociale,Carriera,Presentare prove che dimostrano che stai cercando lavoro,Fornire traduzioni chiare o un'interfaccia multilingue per superare le barriere linguistiche,Servizio Transfrontaliero,https://www.inps.it/gss/default.aspx?sPathID=%3b0%3b55419%3b55634%3b&lastMenu=55634&iMenu=120&p4=2
INPS - Istituto Nazionale della Previdenza Sociale,Carriera,Presentare prove che dimostrano che stai cercando lavoro,Migliorare la qualità delle traduzioni fornite sul sito web,Servizio Transfrontaliero,https://www.inps.it/gss/default.aspx?sPathID=%3b0%3b55419%3b55634%3b&lastMenu=55634&iMenu=120&p4=2
INPS - Istituto Nazionale della Previdenza Sociale,Carriera,Presentare prove che dimostrano che stai cercando lavoro,Fornire informazioni complete e facilmente accessibili anche per utenti internazionali,Servizio Transfrontaliero,https://www.inps.it/gss/default.aspx?sPathID=%3b0%3b55419%3b55634%3b&lastMenu=55634&iMenu=120&p4=2
INPS - Istituto Nazionale della Previdenza Sociale,Carriera,Presentare prove che dimostrano che stai cercando lavoro,Eliminare la necessità di incontri fisici per completare il servizio,Servizio Transfrontaliero,https://www.inps.it/gss/default.aspx?sPathID=%3b0%3b55419%3b55634%3b&lastMenu=55634&iMenu=120&p4=2
INPS - Istituto Nazionale della Previdenza Sociale,Carriera,Presentare prove che dimostrano che stai cercando lavoro,Chiarire se è necessaria un'autenticazione per accedere al servizio,Servizio Transfrontaliero,https://www.inps.it/gss/default.aspx?sPathID=%3b0%3b55419%3b55634%3b&lastMenu=55634&iMenu=120&p4=2
INPS - Istituto Nazionale della Previdenza Sociale,Carriera,Presentare prove che dimostrano che stai cercando lavoro,Permettere l'autenticazione tramite eID nazionale anche per utenti transfrontalieri,Servizio Transfrontaliero,https://www.inps.it/gss/default.aspx?sPathID=%3b0%3b55419%3b55634%3b&lastMenu=55634&iMenu=120&p4=2
INPS - Istituto Nazionale della Previdenza Sociale,Carriera,Presentare prove che dimostrano che stai cercando lavoro,Chiarire se è previsto un pagamento per accedere al servizio,Servizio Transfrontaliero,https://www.inps.it/gss/default.aspx?sPathID=%3b0%3b55419%3b55634%3b&lastMenu=55634&iMenu=120&p4=2
INPS - Istituto Nazionale della Previdenza Sociale,Carriera,Presentare prove che dimostrano che stai cercando lavoro,Indicare se il servizio rientra nel campo di applicazione della SDGR,Servizio Transfrontaliero,https://www.inps.it/gss/default.aspx?sPathID=%3b0%3b55419%3b55634%3b&lastMenu=55634&iMenu=120&p4=2
INPS - Istituto Nazionale della Previdenza Sociale,Carriera,Presentare prove che dimostrano che stai cercando lavoro,Indicare se il servizio è potenzialmente idoneo all'implementazione del principio Once-Only (OOTS),Servizio Transfrontaliero,https://www.inps.it/gss/default.aspx?sPathID=%3b0%3b55419%3b55634%3b&lastMenu=55634&iMenu=120&p4=2
INPS - Istituto Nazionale della Previdenza Sociale,Carriera,Registrare circostanze che impediscono di cercare lavoro,Consentire agli utenti stranieri di accedere al servizio online,Servizio Transfrontaliero,https://www.inps.it/nuovoportaleinps/default.aspx?itemdir=50593#h3heading4
INPS - Istituto Nazionale della Previdenza Sociale,Carriera,Registrare circostanze che impediscono di cercare lavoro,Rimuovere la barriera della necessità di identificazione/autenticazione online nazionale,Servizio Transfrontaliero,https://www.inps.it/nuovoportaleinps/default.aspx?itemdir=50593#h3heading4
INPS - Istituto Nazionale della Previdenza Sociale,Carriera,Registrare circostanze che impediscono di cercare lavoro,Consentire la presentazione dei documenti elettronici richiesti dai cittadini stranieri,Servizio Transfrontaliero,https://www.inps.it/nuovoportaleinps/default.aspx?itemdir=50593#h3heading4
INPS - Istituto Nazionale della Previdenza Sociale,Carriera,Registrare circostanze che impediscono di cercare lavoro,Eliminare la necessità di traduzione o riconoscimento dei documenti richiesti,Servizio Transfrontaliero,https://www.inps.it/nuovoportaleinps/default.aspx?itemdir=50593#h3heading4
INPS - Istituto Nazionale della Previdenza Sociale,Carriera,Registrare circostanze che impediscono di cercare lavoro,Fornire traduzioni chiare o un'interfaccia multilingue per superare le barriere linguistiche,Servizio Transfrontaliero,https://www.inps.it/nuovoportaleinps/default.aspx?itemdir=50593#h3heading4
INPS - Istituto Nazionale della Previdenza Sociale,Carriera,Registrare circostanze che impediscono di cercare lavoro,Migliorare la qualità delle traduzioni fornite sul sito web,Servizio Transfrontaliero,https://www.inps.it/nuovoportaleinps/default.aspx?itemdir=50593#h3heading4
INPS - Istituto Nazionale della Previdenza Sociale,Carriera,Registrare circostanze che impediscono di cercare lavoro,Fornire informazioni complete e facilmente accessibili anche per utenti internazionali,Servizio Transfrontaliero,https://www.inps.it/nuovoportaleinps/default.aspx?itemdir=50593#h3heading4
INPS - Istituto Nazionale della Previdenza Sociale,Carriera,Registrare circostanze che impediscono di cercare lavoro,Eliminare la necessità di incontri fisici per completare il servizio,Servizio Transfrontaliero,https://www.inps.it/nuovoportaleinps/default.aspx?itemdir=50593#h3heading4
INPS - Istituto Nazionale della Previdenza Sociale,Carriera,Registrare circostanze che impediscono di cercare lavoro,Permettere l'autenticazione tramite eID nazionale anche per utenti transfrontalieri,Servizio Transfrontaliero,https://www.inps.it/nuovoportaleinps/default.aspx?itemdir=50593#h3heading4
INPS - Istituto Nazionale della Previdenza Sociale,Carriera,Registrare circostanze che impediscono di cercare lavoro,Chiarire se è previsto un pagamento per accedere al servizio,Servizio Transfrontaliero,https://www.inps.it/nuovoportaleinps/default.aspx?itemdir=50593#h3heading4
INPS - Istituto Nazionale della Previdenza Sociale,Carriera,Registrare circostanze che impediscono di cercare lavoro,Indicare se il servizio rientra nel campo di applicazione della SDGR,Servizio Transfrontaliero,https://www.inps.it/nuovoportaleinps/default.aspx?itemdir=50593#h3heading4
INPS - Istituto Nazionale della Previdenza Sociale,Carriera,Registrare circostanze che impediscono di cercare lavoro,Indicare se il servizio è potenzialmente idoneo all'implementazione del principio Once-Only (OOTS),Servizio Transfrontaliero,https://www.inps.it/nuovoportaleinps/default.aspx?itemdir=50593#h3heading4
INPS - Istituto Nazionale della Previdenza Sociale,Carriera,Registrare circostanze che impediscono di cercare lavoro,Consentire agli utenti stranieri di accedere al servizio online,Servizio Transfrontaliero,https://www.inps.it/gss/default.aspx?sPathID=%3b0%3b55419%3b55634%3b&lastMenu=55634&iMenu=120&p4=2
INPS - Istituto Nazionale della Previdenza Sociale,Carriera,Registrare circostanze che impediscono di cercare lavoro,Rimuovere la barriera della necessità di identificazione/autenticazione online nazionale,Servizio Transfrontaliero,https://www.inps.it/gss/default.aspx?sPathID=%3b0%3b55419%3b55634%3b&lastMenu=55634&iMenu=120&p4=2
INPS - Istituto Nazionale della Previdenza Sociale,Carriera,Registrare circostanze che impediscono di cercare lavoro,Consentire la presentazione dei documenti elettronici richiesti dai cittadini stranieri,Servizio Transfrontaliero,https://www.inps.it/gss/default.aspx?sPathID=%3b0%3b55419%3b55634%3b&lastMenu=55634&iMenu=120&p4=2
INPS - Istituto Nazionale della Previdenza Sociale,Carriera,Registrare circostanze che impediscono di cercare lavoro,Eliminare la necessità di traduzione o riconoscimento dei documenti richiesti,Servizio Transfrontaliero,https://www.inps.it/gss/default.aspx?sPathID=%3b0%3b55419%3b55634%3b&lastMenu=55634&iMenu=120&p4=2
INPS - Istituto Nazionale della Previdenza Sociale,Carriera,Registrare circostanze che impediscono di cercare lavoro,Fornire traduzioni chiare o un'interfaccia multilingue per superare le barriere linguistiche,Servizio Transfrontaliero,https://www.inps.it/gss/default.aspx?sPathID=%3b0%3b55419%3b55634%3b&lastMenu=55634&iMenu=120&p4=2
INPS - Istituto Nazionale della Previdenza Sociale,Carriera,Registrare circostanze che impediscono di cercare lavoro,Migliorare la qualità delle traduzioni fornite sul sito web,Servizio Transfrontaliero,https://www.inps.it/gss/default.aspx?sPathID=%3b0%3b55419%3b55634%3b&lastMenu=55634&iMenu=120&p4=2
INPS - Istituto Nazionale della Previdenza Sociale,Carriera,Registrare circostanze che impediscono di cercare lavoro,Fornire informazioni complete e facilmente accessibili anche per utenti internazionali,Servizio Transfrontaliero,https://www.inps.it/gss/default.aspx?sPathID=%3b0%3b55419%3b55634%3b&lastMenu=55634&iMenu=120&p4=2
INPS - Istituto Nazionale della Previdenza Sociale,Carriera,Registrare circostanze che impediscono di cercare lavoro,Eliminare la necessità di incontri fisici per completare il servizio,Servizio Transfrontaliero,https://www.inps.it/gss/default.aspx?sPathID=%3b0%3b55419%3b55634%3b&lastMenu=55634&iMenu=120&p4=2
INPS - Istituto Nazionale della Previdenza Sociale,Carriera,Registrare circostanze che impediscono di cercare lavoro,Permettere l'autenticazione tramite eID nazionale anche per utenti transfrontalieri,Servizio Transfrontaliero,https://www.inps.it/gss/default.aspx?sPathID=%3b0%3b55419%3b55634%3b&lastMenu=55634&iMenu=120&p4=2
INPS - Istituto Nazionale della Previdenza Sociale,Carriera,Registrare circostanze che impediscono di cercare lavoro,Chiarire se è previsto un pagamento per accedere al servizio,Servizio Transfrontaliero,https://www.inps.it/gss/default.aspx?sPathID=%3b0%3b55419%3b55634%3b&lastMenu=55634&iMenu=120&p4=2
INPS - Istituto Nazionale della Previdenza Sociale,Carriera,Registrare circostanze che impediscono di cercare lavoro,Indicare se il servizio rientra nel campo di applicazione della SDGR,Servizio Transfrontaliero,https://www.inps.it/gss/default.aspx?sPathID=%3b0%3b55419%3b55634%3b&lastMenu=55634&iMenu=120&p4=2
INPS - Istituto Nazionale della Previdenza Sociale,Carriera,Registrare circostanze che impediscono di cercare lavoro,Indicare se il servizio è potenzialmente idoneo all'implementazione del principio Once-Only (OOTS),Servizio Transfrontaliero,https://www.inps.it/gss/default.aspx?sPathID=%3b0%3b55419%3b55634%3b&lastMenu=55634&iMenu=120&p4=2
INPS - Istituto Nazionale della Previdenza Sociale,Carriera,Registrare l'occupazione per interrompere i benefici di disoccupazione,Consentire agli utenti stranieri di accedere al servizio online,Servizio Transfrontaliero,https://serviziweb2.inps.it/PassiWeb/jsp/login.jsp?uri=https%3a%2f%2fwww.inps.it%2fmyinps%2fdefault.aspx%3faccessoinps%3d1&S=S
INPS - Istituto Nazionale della Previdenza Sociale,Carriera,Registrare l'occupazione per interrompere i benefici di disoccupazione,Rimuovere la barriera della necessità di identificazione/autenticazione online nazionale,Servizio Transfrontaliero,https://serviziweb2.inps.it/PassiWeb/jsp/login.jsp?uri=https%3a%2f%2fwww.inps.it%2fmyinps%2fdefault.aspx%3faccessoinps%3d1&S=S
INPS - Istituto Nazionale della Previdenza Sociale,Carriera,Registrare l'occupazione per interrompere i benefici di disoccupazione,Consentire la presentazione dei documenti elettronici richiesti dai cittadini stranieri,Servizio Transfrontaliero,https://serviziweb2.inps.it/PassiWeb/jsp/login.jsp?uri=https%3a%2f%2fwww.inps.it%2fmyinps%2fdefault.aspx%3faccessoinps%3d1&S=S
INPS - Istituto Nazionale della Previdenza Sociale,Carriera,Registrare l'occupazione per interrompere i benefici di disoccupazione,Eliminare la necessità di traduzione o riconoscimento dei documenti richiesti,Servizio Transfrontaliero,https://serviziweb2.inps.it/PassiWeb/jsp/login.jsp?uri=https%3a%2f%2fwww.inps.it%2fmyinps%2fdefault.aspx%3faccessoinps%3d1&S=S
INPS - Istituto Nazionale della Previdenza Sociale,Carriera,Registrare l'occupazione per interrompere i benefici di disoccupazione,Fornire traduzioni chiare o un'interfaccia multilingue per superare le barriere linguistiche,Servizio Transfrontaliero,https://serviziweb2.inps.it/PassiWeb/jsp/login.jsp?uri=https%3a%2f%2fwww.inps.it%2fmyinps%2fdefault.aspx%3faccessoinps%3d1&S=S
INPS - Istituto Nazionale della Previdenza Sociale,Carriera,Registrare l'occupazione per interrompere i benefici di disoccupazione,Migliorare la qualità delle traduzioni fornite sul sito web,Servizio Transfrontaliero,https://serviziweb2.inps.it/PassiWeb/jsp/login.jsp?uri=https%3a%2f%2fwww.inps.it%2fmyinps%2fdefault.aspx%3faccessoinps%3d1&S=S
INPS - Istituto Nazionale della Previdenza Sociale,Carriera,Registrare l'occupazione per interrompere i benefici di disoccupazione,Fornire informazioni complete e facilmente accessibili anche per utenti internazionali,Servizio Transfrontaliero,https://serviziweb2.inps.it/PassiWeb/jsp/login.jsp?uri=https%3a%2f%2fwww.inps.it%2fmyinps%2fdefault.aspx%3faccessoinps%3d1&S=S
INPS - Istituto Nazionale della Previdenza Sociale,Carriera,Registrare l'occupazione per interrompere i benefici di disoccupazione,Eliminare la necessità di incontri fisici per completare il servizio,Servizio Transfrontaliero,https://serviziweb2.inps.it/PassiWeb/jsp/login.jsp?uri=https%3a%2f%2fwww.inps.it%2fmyinps%2fdefault.aspx%3faccessoinps%3d1&S=S
INPS - Istituto Nazionale della Previdenza Sociale,Carriera,Registrare l'occupazione per interrompere i benefici di disoccupazione,Permettere l'autenticazione tramite eID nazionale anche per utenti transfrontalieri,Servizio Transfrontaliero,https://serviziweb2.inps.it/PassiWeb/jsp/login.jsp?uri=https%3a%2f%2fwww.inps.it%2fmyinps%2fdefault.aspx%3faccessoinps%3d1&S=S
INPS - Istituto Nazionale della Previdenza Sociale,Carriera,Registrare l'occupazione per interrompere i benefici di disoccupazione,Specificare se sono richiesti documenti per utenti transfrontalieri,Servizio Transfrontaliero,https://serviziweb2.inps.it/PassiWeb/jsp/login.jsp?uri=https%3a%2f%2fwww.inps.it%2fmyinps%2fdefault.aspx%3faccessoinps%3d1&S=S
INPS - Istituto Nazionale della Previdenza Sociale,Carriera,Registrare l'occupazione per interrompere i benefici di disoccupazione,Chiarire se è previsto un pagamento per accedere al servizio,Servizio Transfrontaliero,https://serviziweb2.inps.it/PassiWeb/jsp/login.jsp?uri=https%3a%2f%2fwww.inps.it%2fmyinps%2fdefault.aspx%3faccessoinps%3d1&S=S
INPS - Istituto Nazionale della Previdenza Sociale,Carriera,Registrare l'occupazione per interrompere i benefici di disoccupazione,Fornire una conferma automatica di ricezione della richiesta,Servizio Transfrontaliero,https://serviziweb2.inps.it/PassiWeb/jsp/login.jsp?uri=https%3a%2f%2fwww.inps.it%2fmyinps%2fdefault.aspx%3faccessoinps%3d1&S=S
INPS - Istituto Nazionale della Previdenza Sociale,Carriera,Registrare l'occupazione per interrompere i benefici di disoccupazione,Fornire un output elettronico del servizio,Servizio Transfrontaliero,https://serviziweb2.inps.it/PassiWeb/jsp/login.jsp?uri=https%3a%2f%2fwww.inps.it%2fmyinps%2fdefault.aspx%3faccessoinps%3d1&S=S
INPS - Istituto Nazionale della Previdenza Sociale,Carriera,Registrare l'occupazione per interrompere i benefici di disoccupazione,Comunicare automaticamente all'utente il completamento del servizio,Servizio Transfrontaliero,https://serviziweb2.inps.it/PassiWeb/jsp/login.jsp?uri=https%3a%2f%2fwww.inps.it%2fmyinps%2fdefault.aspx%3faccessoinps%3d1&S=S
INPS - Istituto Nazionale della Previdenza Sociale,Carriera,Registrare l'occupazione per interrompere i benefici di disoccupazione,Indicare se il servizio è potenzialmente idoneo all'implementazione del principio Once-Only (OOTS),Servizio Transfrontaliero,https://serviziweb2.inps.it/PassiWeb/jsp/login.jsp?uri=https%3a%2f%2fwww.inps.it%2fmyinps%2fdefault.aspx%3faccessoinps%3d1&S=S
Agenzia delle Entrate,Carriera,Dichiarare le tasse sul reddito personale,Rimuovere la barriera della necessità di identificazione/autenticazione online nazionale,Servizio Transfrontaliero,https://www.agenziaentrate.gov.it/portale/web/english/personal-income-tax-return
Agenzia delle Entrate,Carriera,Dichiarare le tasse sul reddito personale,Consentire la presentazione dei documenti elettronici richiesti dai cittadini stranieri,Servizio Transfrontaliero,https://www.agenziaentrate.gov.it/portale/web/english/personal-income-tax-return
Agenzia delle Entrate,Carriera,Dichiarare le tasse sul reddito personale,Eliminare la necessità di traduzione o riconoscimento dei documenti richiesti,Servizio Transfrontaliero,https://www.agenziaentrate.gov.it/portale/web/english/personal-income-tax-return
Agenzia delle Entrate,Carriera,Dichiarare le tasse sul reddito personale,Fornire traduzioni chiare o un'interfaccia multilingue per superare le barriere linguistiche,Servizio Transfrontaliero,https://www.agenziaentrate.gov.it/portale/web/english/personal-income-tax-return
Agenzia delle Entrate,Carriera,Dichiarare le tasse sul reddito personale,Migliorare la qualità delle traduzioni fornite sul sito web,Servizio Transfrontaliero,https://www.agenziaentrate.gov.it/portale/web/english/personal-income-tax-return
Agenzia delle Entrate,Carriera,Dichiarare le tasse sul reddito personale,Fornire informazioni complete e facilmente accessibili anche per utenti internazionali,Servizio Transfrontaliero,https://www.agenziaentrate.gov.it/portale/web/english/personal-income-tax-return
Agenzia delle Entrate,Carriera,Dichiarare le tasse sul reddito personale,Eliminare la necessità di incontri fisici per completare il servizio,Servizio Transfrontaliero,https://www.agenziaentrate.gov.it/portale/web/english/personal-income-tax-return
Agenzia delle Entrate,Carriera,Dichiarare le tasse sul reddito personale,Specificare se sono richiesti documenti per utenti transfrontalieri,Servizio Transfrontaliero,https://www.agenziaentrate.gov.it/portale/web/english/personal-income-tax-return
Agenzia delle Entrate,Carriera,Dichiarare le tasse sul reddito personale,Chiarire se è previsto un pagamento per accedere al servizio,Servizio Transfrontaliero,https://www.agenziaentrate.gov.it/portale/web/english/personal-income-tax-return
Agenzia delle Entrate,Carriera,Dichiarare le tasse sul reddito personale,Fornire una conferma automatica di ricezione della richiesta,Servizio Transfrontaliero,https://www.agenziaentrate.gov.it/portale/web/english/personal-income-tax-return
Agenzia delle Entrate,Carriera,Dichiarare le tasse sul reddito personale,Fornire un output elettronico del servizio,Servizio Transfrontaliero,https://www.agenziaentrate.gov.it/portale/web/english/personal-income-tax-return
Agenzia delle Entrate,Carriera,Dichiarare le tasse sul reddito personale,Comunicare automaticamente all'utente il completamento del servizio,Servizio Transfrontaliero,https://www.agenziaentrate.gov.it/portale/web/english/personal-income-tax-return
Agenzia delle Entrate,Carriera,Dichiarare le tasse sul reddito personale,Indicare se il servizio è potenzialmente idoneo all'implementazione del principio Once-Only (OOTS),Servizio Transfrontaliero,https://www.agenziaentrate.gov.it/portale/web/english/personal-income-tax-return
Agenzia delle Entrate,Carriera,Dichiarare le tasse sul reddito personale,Consentire agli utenti stranieri di accedere al servizio online,Servizio Transfrontaliero,https://www.agenziaentrate.gov.it/portale/documents/180690/1186121/Form+D-Other+income_FORM_D.pdf/6b0ded6b-7ecb-fcb7-dacb-d66df8f88146?version=1.0
Agenzia delle Entrate,Carriera,Dichiarare le tasse sul reddito personale,Rimuovere la barriera della necessità di identificazione/autenticazione online nazionale,Servizio Transfrontaliero,https://www.agenziaentrate.gov.it/portale/documents/180690/1186121/Form+D-Other+income_FORM_D.pdf/6b0ded6b-7ecb-fcb7-dacb-d66df8f88146?version=1.0
Agenzia delle Entrate,Carriera,Dichiarare le tasse sul reddito personale,Consentire la presentazione dei documenti elettronici richiesti dai cittadini stranieri,Servizio Transfrontaliero,https://www.agenziaentrate.gov.it/portale/documents/180690/1186121/Form+D-Other+income_FORM_D.pdf/6b0ded6b-7ecb-fcb7-dacb-d66df8f88146?version=1.0
Agenzia delle Entrate,Carriera,Dichiarare le tasse sul reddito personale,Eliminare la necessità di traduzione o riconoscimento dei documenti richiesti,Servizio Transfrontaliero,https://www.agenziaentrate.gov.it/portale/documents/180690/1186121/Form+D-Other+income_FORM_D.pdf/6b0ded6b-7ecb-fcb7-dacb-d66df8f88146?version=1.0
Agenzia delle Entrate,Carriera,Dichiarare le tasse sul reddito personale,Fornire traduzioni chiare o un'interfaccia multilingue per superare le barriere linguistiche,Servizio Transfrontaliero,https://www.agenziaentrate.gov.it/portale/documents/180690/1186121/Form+D-Other+income_FORM_D.pdf/6b0ded6b-7ecb-fcb7-dacb-d66df8f88146?version=1.0
Agenzia delle Entrate,Carriera,Dichiarare le tasse sul reddito personale,Migliorare la qualità delle traduzioni fornite sul sito web,Servizio Transfrontaliero,https://www.agenziaentrate.gov.it/portale/documents/180690/1186121/Form+D-Other+income_FORM_D.pdf/6b0ded6b-7ecb-fcb7-dacb-d66df8f88146?version=1.0
Agenzia delle Entrate,Carriera,Dichiarare le tasse sul reddito personale,Fornire informazioni complete e facilmente accessibili anche per utenti internazionali,Servizio Transfrontaliero,https://www.agenziaentrate.gov.it/portale/documents/180690/1186121/Form+D-Other+income_FORM_D.pdf/6b0ded6b-7ecb-fcb7-dacb-d66df8f88146?version=1.0
Agenzia delle Entrate,Carriera,Dichiarare le tasse sul reddito personale,Eliminare la necessità di incontri fisici per completare il servizio,Servizio Transfrontaliero,https://www.agenziaentrate.gov.it/portale/documents/180690/1186121/Form+D-Other+income_FORM_D.pdf/6b0ded6b-7ecb-fcb7-dacb-d66df8f88146?version=1.0
Agenzia delle Entrate,Carriera,Dichiarare le tasse sul reddito personale,Permettere l'autenticazione tramite eID nazionale anche per utenti transfrontalieri,Servizio Transfrontaliero,https://www.agenziaentrate.gov.it/portale/documents/180690/1186121/Form+D-Other+income_FORM_D.pdf/6b0ded6b-7ecb-fcb7-dacb-d66df8f88146?version=1.0
Agenzia delle Entrate,Carriera,Dichiarare le tasse sul reddito personale,Specificare se sono richiesti documenti per utenti transfrontalieri,Servizio Transfrontaliero,https://www.agenziaentrate.gov.it/portale/documents/180690/1186121/Form+D-Other+income_FORM_D.pdf/6b0ded6b-7ecb-fcb7-dacb-d66df8f88146?version=1.0
Agenzia delle Entrate,Carriera,Dichiarare le tasse sul reddito personale,Chiarire se è previsto un pagamento per accedere al servizio,Servizio Transfrontaliero,https://www.agenziaentrate.gov.it/portale/documents/180690/1186121/Form+D-Other+income_FORM_D.pdf/6b0ded6b-7ecb-fcb7-dacb-d66df8f88146?version=1.0
Agenzia delle Entrate,Carriera,Dichiarare le tasse sul reddito personale,Fornire una conferma automatica di ricezione della richiesta,Servizio Transfrontaliero,https://www.agenziaentrate.gov.it/portale/documents/180690/1186121/Form+D-Other+income_FORM_D.pdf/6b0ded6b-7ecb-fcb7-dacb-d66df8f88146?version=1.0
Agenzia delle Entrate,Carriera,Dichiarare le tasse sul reddito personale,Fornire un output elettronico del servizio,Servizio Transfrontaliero,https://www.agenziaentrate.gov.it/portale/documents/180690/1186121/Form+D-Other+income_FORM_D.pdf/6b0ded6b-7ecb-fcb7-dacb-d66df8f88146?version=1.0
Agenzia delle Entrate,Carriera,Dichiarare le tasse sul reddito personale,Comunicare automaticamente all'utente il completamento del servizio,Servizio Transfrontaliero,https://www.agenziaentrate.gov.it/portale/documents/180690/1186121/Form+D-Other+income_FORM_D.pdf/6b0ded6b-7ecb-fcb7-dacb-d66df8f88146?version=1.0
Agenzia delle Entrate,Carriera,Dichiarare le tasse sul reddito personale,Indicare se il servizio è potenzialmente idoneo all'implementazione del principio Once-Only (OOTS),Servizio Transfrontaliero,https://www.agenziaentrate.gov.it/portale/documents/180690/1186121/Form+D-Other+income_FORM_D.pdf/6b0ded6b-7ecb-fcb7-dacb-d66df8f88146?version=1.0
Agenzia delle Entrate,Carriera,Dichiarare le tasse sul reddito personale,Rimuovere la barriera della necessità di identificazione/autenticazione online nazionale,Servizio Transfrontaliero,https://infoprecompilata.agenziaentrate.gov.it/portale/de/home
Agenzia delle Entrate,Carriera,Dichiarare le tasse sul reddito personale,Consentire la presentazione dei documenti elettronici richiesti dai cittadini stranieri,Servizio Transfrontaliero,https://infoprecompilata.agenziaentrate.gov.it/portale/de/home
Agenzia delle Entrate,Carriera,Dichiarare le tasse sul reddito personale,Eliminare la necessità di traduzione o riconoscimento dei documenti richiesti,Servizio Transfrontaliero,https://infoprecompilata.agenziaentrate.gov.it/portale/de/home
Agenzia delle Entrate,Carriera,Dichiarare le tasse sul reddito personale,Fornire traduzioni chiare o un'interfaccia multilingue per superare le barriere linguistiche,Servizio Transfrontaliero,https://infoprecompilata.agenziaentrate.gov.it/portale/de/home
Agenzia delle Entrate,Carriera,Dichiarare le tasse sul reddito personale,Migliorare la qualità delle traduzioni fornite sul sito web,Servizio Transfrontaliero,https://infoprecompilata.agenziaentrate.gov.it/portale/de/home
Agenzia delle Entrate,Carriera,Dichiarare le tasse sul reddito personale,Fornire informazioni complete e facilmente accessibili anche per utenti internazionali,Servizio Transfrontaliero,https://infoprecompilata.agenziaentrate.gov.it/portale/de/home
Agenzia delle Entrate,Carriera,Dichiarare le tasse sul reddito personale,Eliminare la necessità di incontri fisici per completare il servizio,Servizio Transfrontaliero,https://infoprecompilata.agenziaentrate.gov.it/portale/de/home
Agenzia delle Entrate,Carriera,Dichiarare le tasse sul reddito personale,Permettere l'autenticazione tramite eID nazionale anche per utenti transfrontalieri,Servizio Transfrontaliero,https://infoprecompilata.agenziaentrate.gov.it/portale/de/home
Agenzia delle Entrate,Carriera,Dichiarare le tasse sul reddito personale,Specificare se sono richiesti documenti per utenti transfrontalieri,Servizio Transfrontaliero,https://infoprecompilata.agenziaentrate.gov.it/portale/de/home
Agenzia delle Entrate,Carriera,Dichiarare le tasse sul reddito personale,Chiarire se è previsto un pagamento per accedere al servizio,Servizio Transfrontaliero,https://infoprecompilata.agenziaentrate.gov.it/portale/de/home
Agenzia delle Entrate,Carriera,Dichiarare le tasse sul reddito personale,Indicare se il servizio è potenzialmente idoneo all'implementazione del principio Once-Only (OOTS),Servizio Transfrontaliero,https://infoprecompilata.agenziaentrate.gov.it/portale/de/home
INPS - Istituto Nazionale della Previdenza Sociale,Carriera,Ottenere informazioni personalizzate sulla propria futura pensione,Rimuovere la barriera della necessità di identificazione/autenticazione online nazionale,Servizio Transfrontaliero,https://www.inps.it/it/en/inps-comunica/diritti-e-obblighi-in-materia-di-sicurezza-sociale-nell-unione-e/procedure/consultazione-estratto-conto-contributivo.html 
INPS - Istituto Nazionale della Previdenza Sociale,Carriera,Ottenere informazioni personalizzate sulla propria futura pensione,Consentire la presentazione dei documenti elettronici richiesti dai cittadini stranieri,Servizio Transfrontaliero,https://www.inps.it/it/en/inps-comunica/diritti-e-obblighi-in-materia-di-sicurezza-sociale-nell-unione-e/procedure/consultazione-estratto-conto-contributivo.html 
INPS - Istituto Nazionale della Previdenza Sociale,Carriera,Ottenere informazioni personalizzate sulla propria futura pensione,Eliminare la necessità di traduzione o riconoscimento dei documenti richiesti,Servizio Transfrontaliero,https://www.inps.it/it/en/inps-comunica/diritti-e-obblighi-in-materia-di-sicurezza-sociale-nell-unione-e/procedure/consultazione-estratto-conto-contributivo.html 
INPS - Istituto Nazionale della Previdenza Sociale,Carriera,Ottenere informazioni personalizzate sulla propria futura pensione,Fornire traduzioni chiare o un'interfaccia multilingue per superare le barriere linguistiche,Servizio Transfrontaliero,https://www.inps.it/it/en/inps-comunica/diritti-e-obblighi-in-materia-di-sicurezza-sociale-nell-unione-e/procedure/consultazione-estratto-conto-contributivo.html 
INPS - Istituto Nazionale della Previdenza Sociale,Carriera,Ottenere informazioni personalizzate sulla propria futura pensione,Migliorare la qualità delle traduzioni fornite sul sito web,Servizio Transfrontaliero,https://www.inps.it/it/en/inps-comunica/diritti-e-obblighi-in-materia-di-sicurezza-sociale-nell-unione-e/procedure/consultazione-estratto-conto-contributivo.html 
INPS - Istituto Nazionale della Previdenza Sociale,Carriera,Ottenere informazioni personalizzate sulla propria futura pensione,Fornire informazioni complete e facilmente accessibili anche per utenti internazionali,Servizio Transfrontaliero,https://www.inps.it/it/en/inps-comunica/diritti-e-obblighi-in-materia-di-sicurezza-sociale-nell-unione-e/procedure/consultazione-estratto-conto-contributivo.html 
INPS - Istituto Nazionale della Previdenza Sociale,Carriera,Ottenere informazioni personalizzate sulla propria futura pensione,Eliminare la necessità di incontri fisici per completare il servizio,Servizio Transfrontaliero,https://www.inps.it/it/en/inps-comunica/diritti-e-obblighi-in-materia-di-sicurezza-sociale-nell-unione-e/procedure/consultazione-estratto-conto-contributivo.html 
INPS - Istituto Nazionale della Previdenza Sociale,Carriera,Ottenere informazioni personalizzate sulla propria futura pensione,Specificare se sono richiesti documenti per utenti transfrontalieri,Servizio Transfrontaliero,https://www.inps.it/it/en/inps-comunica/diritti-e-obblighi-in-materia-di-sicurezza-sociale-nell-unione-e/procedure/consultazione-estratto-conto-contributivo.html 
INPS - Istituto Nazionale della Previdenza Sociale,Carriera,Ottenere informazioni personalizzate sulla propria futura pensione,Chiarire se è previsto un pagamento per accedere al servizio,Servizio Transfrontaliero,https://www.inps.it/it/en/inps-comunica/diritti-e-obblighi-in-materia-di-sicurezza-sociale-nell-unione-e/procedure/consultazione-estratto-conto-contributivo.html 
INPS - Istituto Nazionale della Previdenza Sociale,Carriera,Ottenere informazioni personalizzate sulla propria futura pensione,Fornire una conferma automatica di ricezione della richiesta,Servizio Transfrontaliero,https://www.inps.it/it/en/inps-comunica/diritti-e-obblighi-in-materia-di-sicurezza-sociale-nell-unione-e/procedure/consultazione-estratto-conto-contributivo.html 
INPS - Istituto Nazionale della Previdenza Sociale,Carriera,Ottenere informazioni personalizzate sulla propria futura pensione,Comunicare automaticamente all'utente il completamento del servizio,Servizio Transfrontaliero,https://www.inps.it/it/en/inps-comunica/diritti-e-obblighi-in-materia-di-sicurezza-sociale-nell-unione-e/procedure/consultazione-estratto-conto-contributivo.html 
INPS - Istituto Nazionale della Previdenza Sociale,Carriera,Ottenere informazioni personalizzate sulla propria futura pensione,Indicare se il servizio è potenzialmente idoneo all'implementazione del principio Once-Only (OOTS),Servizio Transfrontaliero,https://www.inps.it/it/en/inps-comunica/diritti-e-obblighi-in-materia-di-sicurezza-sociale-nell-unione-e/procedure/consultazione-estratto-conto-contributivo.html 
INPS - Istituto Nazionale della Previdenza Sociale,Carriera,Richiedere la pensione di stato,Rimuovere la barriera della necessità di identificazione/autenticazione online nazionale,Servizio Transfrontaliero,https://www.inps.it/it/en/previdenza/domanda-di-pensione.html
INPS - Istituto Nazionale della Previdenza Sociale,Carriera,Richiedere la pensione di stato,Consentire la presentazione dei documenti elettronici richiesti dai cittadini stranieri,Servizio Transfrontaliero,https://www.inps.it/it/en/previdenza/domanda-di-pensione.html
INPS - Istituto Nazionale della Previdenza Sociale,Carriera,Richiedere la pensione di stato,Eliminare la necessità di traduzione o riconoscimento dei documenti richiesti,Servizio Transfrontaliero,https://www.inps.it/it/en/previdenza/domanda-di-pensione.html
INPS - Istituto Nazionale della Previdenza Sociale,Carriera,Richiedere la pensione di stato,Fornire traduzioni chiare o un'interfaccia multilingue per superare le barriere linguistiche,Servizio Transfrontaliero,https://www.inps.it/it/en/previdenza/domanda-di-pensione.html
INPS - Istituto Nazionale della Previdenza Sociale,Carriera,Richiedere la pensione di stato,Migliorare la qualità delle traduzioni fornite sul sito web,Servizio Transfrontaliero,https://www.inps.it/it/en/previdenza/domanda-di-pensione.html
INPS - Istituto Nazionale della Previdenza Sociale,Carriera,Richiedere la pensione di stato,Fornire informazioni complete e facilmente accessibili anche per utenti internazionali,Servizio Transfrontaliero,https://www.inps.it/it/en/previdenza/domanda-di-pensione.html
INPS - Istituto Nazionale della Previdenza Sociale,Carriera,Richiedere la pensione di stato,Eliminare la necessità di incontri fisici per completare il servizio,Servizio Transfrontaliero,https://www.inps.it/it/en/previdenza/domanda-di-pensione.html
INPS - Istituto Nazionale della Previdenza Sociale,Carriera,Richiedere la pensione di stato,Specificare se sono richiesti documenti per utenti transfrontalieri,Servizio Transfrontaliero,https://www.inps.it/it/en/previdenza/domanda-di-pensione.html
INPS - Istituto Nazionale della Previdenza Sociale,Carriera,Richiedere la pensione di stato,Chiarire se è previsto un pagamento per accedere al servizio,Servizio Transfrontaliero,https://www.inps.it/it/en/previdenza/domanda-di-pensione.html
INPS - Istituto Nazionale della Previdenza Sociale,Carriera,Richiedere la pensione di stato,Indicare se il servizio è potenzialmente idoneo all'implementazione del principio Once-Only (OOTS),Servizio Transfrontaliero,https://www.inps.it/it/en/previdenza/domanda-di-pensione.html
INPS - Istituto Nazionale della Previdenza Sociale,Carriera,Richiedere la pensione di stato,Rimuovere la barriera della necessità di identificazione/autenticazione online nazionale,Servizio Transfrontaliero,https://www.inps.it/prestazioni-servizi/pensione-di-anzianita
INPS - Istituto Nazionale della Previdenza Sociale,Carriera,Richiedere la pensione di stato,Consentire la presentazione dei documenti elettronici richiesti dai cittadini stranieri,Servizio Transfrontaliero,https://www.inps.it/prestazioni-servizi/pensione-di-anzianita
INPS - Istituto Nazionale della Previdenza Sociale,Carriera,Richiedere la pensione di stato,Eliminare la necessità di traduzione o riconoscimento dei documenti richiesti,Servizio Transfrontaliero,https://www.inps.it/prestazioni-servizi/pensione-di-anzianita
INPS - Istituto Nazionale della Previdenza Sociale,Carriera,Richiedere la pensione di stato,Fornire traduzioni chiare o un'interfaccia multilingue per superare le barriere linguistiche,Servizio Transfrontaliero,https://www.inps.it/prestazioni-servizi/pensione-di-anzianita
INPS - Istituto Nazionale della Previdenza Sociale,Carriera,Richiedere la pensione di stato,Migliorare la qualità delle traduzioni fornite sul sito web,Servizio Transfrontaliero,https://www.inps.it/prestazioni-servizi/pensione-di-anzianita
INPS - Istituto Nazionale della Previdenza Sociale,Carriera,Richiedere la pensione di stato,Fornire informazioni complete e facilmente accessibili anche per utenti internazionali,Servizio Transfrontaliero,https://www.inps.it/prestazioni-servizi/pensione-di-anzianita
INPS - Istituto Nazionale della Previdenza Sociale,Carriera,Richiedere la pensione di stato,Eliminare la necessità di incontri fisici per completare il servizio,Servizio Transfrontaliero,https://www.inps.it/prestazioni-servizi/pensione-di-anzianita
INPS - Istituto Nazionale della Previdenza Sociale,Carriera,Richiedere la pensione di stato,Permettere l'autenticazione tramite eID nazionale anche per utenti transfrontalieri,Servizio Transfrontaliero,https://www.inps.it/prestazioni-servizi/pensione-di-anzianita
INPS - Istituto Nazionale della Previdenza Sociale,Carriera,Richiedere la pensione di stato,Specificare se sono richiesti documenti per utenti transfrontalieri,Servizio Transfrontaliero,https://www.inps.it/prestazioni-servizi/pensione-di-anzianita
INPS - Istituto Nazionale della Previdenza Sociale,Carriera,Richiedere la pensione di stato,Chiarire se è previsto un pagamento per accedere al servizio,Servizio Transfrontaliero,https://www.inps.it/prestazioni-servizi/pensione-di-anzianita
INPS - Istituto Nazionale della Previdenza Sociale,Carriera,Richiedere la pensione di stato,Indicare se il servizio è potenzialmente idoneo all'implementazione del principio Once-Only (OOTS),Servizio Transfrontaliero,https://www.inps.it/prestazioni-servizi/pensione-di-anzianita
INPS - Istituto Nazionale della Previdenza Sociale,Famiglia,Richiedere l'assegno per i figli,Consentire agli utenti stranieri di accedere al servizio online,Servizio Transfrontaliero,https://www.inps.it/inps-comunica/diritti-e-obblighi-in-materia-di-sicurezza-sociale-nell-unione-europea/for-the-citizens/maternity-and-paternity-leave-allowance
INPS - Istituto Nazionale della Previdenza Sociale,Famiglia,Richiedere l'assegno per i figli,Rimuovere la barriera della necessità di identificazione/autenticazione online nazionale,Servizio Transfrontaliero,https://www.inps.it/inps-comunica/diritti-e-obblighi-in-materia-di-sicurezza-sociale-nell-unione-europea/for-the-citizens/maternity-and-paternity-leave-allowance
INPS - Istituto Nazionale della Previdenza Sociale,Famiglia,Richiedere l'assegno per i figli,Consentire la presentazione dei documenti elettronici richiesti dai cittadini stranieri,Servizio Transfrontaliero,https://www.inps.it/inps-comunica/diritti-e-obblighi-in-materia-di-sicurezza-sociale-nell-unione-europea/for-the-citizens/maternity-and-paternity-leave-allowance
INPS - Istituto Nazionale della Previdenza Sociale,Famiglia,Richiedere l'assegno per i figli,Eliminare la necessità di traduzione o riconoscimento dei documenti richiesti,Servizio Transfrontaliero,https://www.inps.it/inps-comunica/diritti-e-obblighi-in-materia-di-sicurezza-sociale-nell-unione-europea/for-the-citizens/maternity-and-paternity-leave-allowance
INPS - Istituto Nazionale della Previdenza Sociale,Famiglia,Richiedere l'assegno per i figli,Fornire traduzioni chiare o un'interfaccia multilingue per superare le barriere linguistiche,Servizio Transfrontaliero,https://www.inps.it/inps-comunica/diritti-e-obblighi-in-materia-di-sicurezza-sociale-nell-unione-europea/for-the-citizens/maternity-and-paternity-leave-allowance
INPS - Istituto Nazionale della Previdenza Sociale,Famiglia,Richiedere l'assegno per i figli,Migliorare la qualità delle traduzioni fornite sul sito web,Servizio Transfrontaliero,https://www.inps.it/inps-comunica/diritti-e-obblighi-in-materia-di-sicurezza-sociale-nell-unione-europea/for-the-citizens/maternity-and-paternity-leave-allowance
INPS - Istituto Nazionale della Previdenza Sociale,Famiglia,Richiedere l'assegno per i figli,Fornire informazioni complete e facilmente accessibili anche per utenti internazionali,Servizio Transfrontaliero,https://www.inps.it/inps-comunica/diritti-e-obblighi-in-materia-di-sicurezza-sociale-nell-unione-europea/for-the-citizens/maternity-and-paternity-leave-allowance
INPS - Istituto Nazionale della Previdenza Sociale,Famiglia,Richiedere l'assegno per i figli,Eliminare la necessità di incontri fisici per completare il servizio,Servizio Transfrontaliero,https://www.inps.it/inps-comunica/diritti-e-obblighi-in-materia-di-sicurezza-sociale-nell-unione-europea/for-the-citizens/maternity-and-paternity-leave-allowance
INPS - Istituto Nazionale della Previdenza Sociale,Famiglia,Richiedere l'assegno per i figli,Chiarire se è previsto un pagamento per accedere al servizio,Servizio Transfrontaliero,https://www.inps.it/inps-comunica/diritti-e-obblighi-in-materia-di-sicurezza-sociale-nell-unione-europea/for-the-citizens/maternity-and-paternity-leave-allowance
INPS - Istituto Nazionale della Previdenza Sociale,Famiglia,Richiedere l'assegno per i figli,Indicare se il servizio rientra nel campo di applicazione della SDGR,Servizio Transfrontaliero,https://www.inps.it/inps-comunica/diritti-e-obblighi-in-materia-di-sicurezza-sociale-nell-unione-europea/for-the-citizens/maternity-and-paternity-leave-allowance
INPS - Istituto Nazionale della Previdenza Sociale,Famiglia,Richiedere l'assegno per i figli,Indicare se il servizio è potenzialmente idoneo all'implementazione del principio Once-Only (OOTS),Servizio Transfrontaliero,https://www.inps.it/inps-comunica/diritti-e-obblighi-in-materia-di-sicurezza-sociale-nell-unione-europea/for-the-citizens/maternity-and-paternity-leave-allowance
Anagrafe Nazionale,Famiglia,Ottenere il certificato di nascita,Rimuovere la barriera della necessità di identificazione/autenticazione online nazionale,Servizio Transfrontaliero,https://www.anagrafenazionale.interno.it/area-cittadino/servizi-per-cittadini-europei/#certificato-di-nascita
Anagrafe Nazionale,Famiglia,Ottenere il certificato di nascita,Consentire la presentazione dei documenti elettronici richiesti dai cittadini stranieri,Servizio Transfrontaliero,https://www.anagrafenazionale.interno.it/area-cittadino/servizi-per-cittadini-europei/#certificato-di-nascita
Anagrafe Nazionale,Famiglia,Ottenere il certificato di nascita,Eliminare la necessità di traduzione o riconoscimento dei documenti richiesti,Servizio Transfrontaliero,https://www.anagrafenazionale.interno.it/area-cittadino/servizi-per-cittadini-europei/#certificato-di-nascita
Anagrafe Nazionale,Famiglia,Ottenere il certificato di nascita,Fornire traduzioni chiare o un'interfaccia multilingue per superare le barriere linguistiche,Servizio Transfrontaliero,https://www.anagrafenazionale.interno.it/area-cittadino/servizi-per-cittadini-europei/#certificato-di-nascita
Anagrafe Nazionale,Famiglia,Ottenere il certificato di nascita,Migliorare la qualità delle traduzioni fornite sul sito web,Servizio Transfrontaliero,https://www.anagrafenazionale.interno.it/area-cittadino/servizi-per-cittadini-europei/#certificato-di-nascita
Anagrafe Nazionale,Famiglia,Ottenere il certificato di nascita,Fornire informazioni complete e facilmente accessibili anche per utenti internazionali,Servizio Transfrontaliero,https://www.anagrafenazionale.interno.it/area-cittadino/servizi-per-cittadini-europei/#certificato-di-nascita
Anagrafe Nazionale,Famiglia,Ottenere il certificato di nascita,Eliminare la necessità di incontri fisici per completare il servizio,Servizio Transfrontaliero,https://www.anagrafenazionale.interno.it/area-cittadino/servizi-per-cittadini-europei/#certificato-di-nascita
Anagrafe Nazionale,Famiglia,Ottenere il certificato di nascita,Specificare se sono richiesti documenti per utenti transfrontalieri,Servizio Transfrontaliero,https://www.anagrafenazionale.interno.it/area-cittadino/servizi-per-cittadini-europei/#certificato-di-nascita
Anagrafe Nazionale,Famiglia,Ottenere il certificato di nascita,Chiarire se è previsto un pagamento per accedere al servizio,Servizio Transfrontaliero,https://www.anagrafenazionale.interno.it/area-cittadino/servizi-per-cittadini-europei/#certificato-di-nascita
Anagrafe Nazionale,Famiglia,Ottenere il certificato di nascita,Indicare se il servizio è potenzialmente idoneo all'implementazione del principio Once-Only (OOTS),Servizio Transfrontaliero,https://www.anagrafenazionale.interno.it/area-cittadino/servizi-per-cittadini-europei/#certificato-di-nascita
"Ministero dell'Istruzione, dell'Università e della Ricerca, URP - Ufficio Relazioni con il Pubblico",Studio,"Ottenere il riconoscimento della dichiarazione di diploma, certificati o altra documentazione di studi o corsi",Rimuovere la barriera della necessità di identificazione/autenticazione online nazionale,Servizio Transfrontaliero,https://auth.miur-legacy.cineca.it/auth/realms/universitaly/protocol/openid-connect/auth?scope=email&state=bb21a2763e007378ce2639a60c359d22&response_type=code&approval_prompt=auto&redirect_uri=https%3A%2F%2Feuropeanintegration.mur.gov.it%2Fconnect%2Fkeycloak%2Fcheck&client_id=universitaly
"Ministero dell'Istruzione, dell'Università e della Ricerca, URP - Ufficio Relazioni con il Pubblico",Studio,"Ottenere il riconoscimento della dichiarazione di diploma, certificati o altra documentazione di studi o corsi",Consentire la presentazione dei documenti elettronici richiesti dai cittadini stranieri,Servizio Transfrontaliero,https://auth.miur-legacy.cineca.it/auth/realms/universitaly/protocol/openid-connect/auth?scope=email&state=bb21a2763e007378ce2639a60c359d22&response_type=code&approval_prompt=auto&redirect_uri=https%3A%2F%2Feuropeanintegration.mur.gov.it%2Fconnect%2Fkeycloak%2Fcheck&client_id=universitaly
"Ministero dell'Istruzione, dell'Università e della Ricerca, URP - Ufficio Relazioni con il Pubblico",Studio,"Ottenere il riconoscimento della dichiarazione di diploma, certificati o altra documentazione di studi o corsi",Eliminare la necessità di traduzione o riconoscimento dei documenti richiesti,Servizio Transfrontaliero,https://auth.miur-legacy.cineca.it/auth/realms/universitaly/protocol/openid-connect/auth?scope=email&state=bb21a2763e007378ce2639a60c359d22&response_type=code&approval_prompt=auto&redirect_uri=https%3A%2F%2Feuropeanintegration.mur.gov.it%2Fconnect%2Fkeycloak%2Fcheck&client_id=universitaly
"Ministero dell'Istruzione, dell'Università e della Ricerca, URP - Ufficio Relazioni con il Pubblico",Studio,"Ottenere il riconoscimento della dichiarazione di diploma, certificati o altra documentazione di studi o corsi",Fornire traduzioni chiare o un'interfaccia multilingue per superare le barriere linguistiche,Servizio Transfrontaliero,https://auth.miur-legacy.cineca.it/auth/realms/universitaly/protocol/openid-connect/auth?scope=email&state=bb21a2763e007378ce2639a60c359d22&response_type=code&approval_prompt=auto&redirect_uri=https%3A%2F%2Feuropeanintegration.mur.gov.it%2Fconnect%2Fkeycloak%2Fcheck&client_id=universitaly
"Ministero dell'Istruzione, dell'Università e della Ricerca, URP - Ufficio Relazioni con il Pubblico",Studio,"Ottenere il riconoscimento della dichiarazione di diploma, certificati o altra documentazione di studi o corsi",Migliorare la qualità delle traduzioni fornite sul sito web,Servizio Transfrontaliero,https://auth.miur-legacy.cineca.it/auth/realms/universitaly/protocol/openid-connect/auth?scope=email&state=bb21a2763e007378ce2639a60c359d22&response_type=code&approval_prompt=auto&redirect_uri=https%3A%2F%2Feuropeanintegration.mur.gov.it%2Fconnect%2Fkeycloak%2Fcheck&client_id=universitaly
"Ministero dell'Istruzione, dell'Università e della Ricerca, URP - Ufficio Relazioni con il Pubblico",Studio,"Ottenere il riconoscimento della dichiarazione di diploma, certificati o altra documentazione di studi o corsi",Fornire informazioni complete e facilmente accessibili anche per utenti internazionali,Servizio Transfrontaliero,https://auth.miur-legacy.cineca.it/auth/realms/universitaly/protocol/openid-connect/auth?scope=email&state=bb21a2763e007378ce2639a60c359d22&response_type=code&approval_prompt=auto&redirect_uri=https%3A%2F%2Feuropeanintegration.mur.gov.it%2Fconnect%2Fkeycloak%2Fcheck&client_id=universitaly
"Ministero dell'Istruzione, dell'Università e della Ricerca, URP - Ufficio Relazioni con il Pubblico",Studio,"Ottenere il riconoscimento della dichiarazione di diploma, certificati o altra documentazione di studi o corsi",Eliminare la necessità di incontri fisici per completare il servizio,Servizio Transfrontaliero,https://auth.miur-legacy.cineca.it/auth/realms/universitaly/protocol/openid-connect/auth?scope=email&state=bb21a2763e007378ce2639a60c359d22&response_type=code&approval_prompt=auto&redirect_uri=https%3A%2F%2Feuropeanintegration.mur.gov.it%2Fconnect%2Fkeycloak%2Fcheck&client_id=universitaly
"Ministero dell'Istruzione, dell'Università e della Ricerca, URP - Ufficio Relazioni con il Pubblico",Studio,"Ottenere il riconoscimento della dichiarazione di diploma, certificati o altra documentazione di studi o corsi",Chiarire se è previsto un pagamento per accedere al servizio,Servizio Transfrontaliero,https://auth.miur-legacy.cineca.it/auth/realms/universitaly/protocol/openid-connect/auth?scope=email&state=bb21a2763e007378ce2639a60c359d22&response_type=code&approval_prompt=auto&redirect_uri=https%3A%2F%2Feuropeanintegration.mur.gov.it%2Fconnect%2Fkeycloak%2Fcheck&client_id=universitaly
"Ministero dell'Istruzione, dell'Università e della Ricerca, URP - Ufficio Relazioni con il Pubblico",Studio,"Ottenere il riconoscimento della dichiarazione di diploma, certificati o altra documentazione di studi o corsi",Indicare se il servizio è potenzialmente idoneo all'implementazione del principio Once-Only (OOTS),Servizio Transfrontaliero,https://auth.miur-legacy.cineca.it/auth/realms/universitaly/protocol/openid-connect/auth?scope=email&state=bb21a2763e007378ce2639a60c359d22&response_type=code&approval_prompt=auto&redirect_uri=https%3A%2F%2Feuropeanintegration.mur.gov.it%2Fconnect%2Fkeycloak%2Fcheck&client_id=universitaly
"Ministero dell'Istruzione, dell'Università e della Ricerca, URP - Ufficio Relazioni con il Pubblico",Studio,"Ottenere il riconoscimento della dichiarazione di diploma, certificati o altra documentazione di studi o corsi",Rendere le informazioni disponibili anche per gli utenti stranieri,Servizio Transfrontaliero,https://www.miur.gov.it/web/guest/equipollenze-ed-equiparazioni-tra-titoli-accademici-italiani
"Ministero dell'Istruzione, dell'Università e della Ricerca, URP - Ufficio Relazioni con il Pubblico",Studio,"Ottenere il riconoscimento della dichiarazione di diploma, certificati o altra documentazione di studi o corsi",Consentire agli utenti stranieri di accedere al servizio online,Servizio Transfrontaliero,https://www.miur.gov.it/web/guest/equipollenze-ed-equiparazioni-tra-titoli-accademici-italiani
"Ministero dell'Istruzione, dell'Università e della Ricerca, URP - Ufficio Relazioni con il Pubblico",Studio,"Ottenere il riconoscimento della dichiarazione di diploma, certificati o altra documentazione di studi o corsi",Rimuovere la barriera della necessità di identificazione/autenticazione online nazionale,Servizio Transfrontaliero,https://www.miur.gov.it/web/guest/equipollenze-ed-equiparazioni-tra-titoli-accademici-italiani
"Ministero dell'Istruzione, dell'Università e della Ricerca, URP - Ufficio Relazioni con il Pubblico",Studio,"Ottenere il riconoscimento della dichiarazione di diploma, certificati o altra documentazione di studi o corsi",Consentire la presentazione dei documenti elettronici richiesti dai cittadini stranieri,Servizio Transfrontaliero,https://www.miur.gov.it/web/guest/equipollenze-ed-equiparazioni-tra-titoli-accademici-italiani
"Ministero dell'Istruzione, dell'Università e della Ricerca, URP - Ufficio Relazioni con il Pubblico",Studio,"Ottenere il riconoscimento della dichiarazione di diploma, certificati o altra documentazione di studi o corsi",Eliminare la necessità di traduzione o riconoscimento dei documenti richiesti,Servizio Transfrontaliero,https://www.miur.gov.it/web/guest/equipollenze-ed-equiparazioni-tra-titoli-accademici-italiani
"Ministero dell'Istruzione, dell'Università e della Ricerca, URP - Ufficio Relazioni con il Pubblico",Studio,"Ottenere il riconoscimento della dichiarazione di diploma, certificati o altra documentazione di studi o corsi",Fornire traduzioni chiare o un'interfaccia multilingue per superare le barriere linguistiche,Servizio Transfrontaliero,https://www.miur.gov.it/web/guest/equipollenze-ed-equiparazioni-tra-titoli-accademici-italiani
"Ministero dell'Istruzione, dell'Università e della Ricerca, URP - Ufficio Relazioni con il Pubblico",Studio,"Ottenere il riconoscimento della dichiarazione di diploma, certificati o altra documentazione di studi o corsi",Migliorare la qualità delle traduzioni fornite sul sito web,Servizio Transfrontaliero,https://www.miur.gov.it/web/guest/equipollenze-ed-equiparazioni-tra-titoli-accademici-italiani
"Ministero dell'Istruzione, dell'Università e della Ricerca, URP - Ufficio Relazioni con il Pubblico",Studio,"Ottenere il riconoscimento della dichiarazione di diploma, certificati o altra documentazione di studi o corsi",Fornire informazioni complete e facilmente accessibili anche per utenti internazionali,Servizio Transfrontaliero,https://www.miur.gov.it/web/guest/equipollenze-ed-equiparazioni-tra-titoli-accademici-italiani
"Ministero dell'Istruzione, dell'Università e della Ricerca, URP - Ufficio Relazioni con il Pubblico",Studio,"Ottenere il riconoscimento della dichiarazione di diploma, certificati o altra documentazione di studi o corsi",Eliminare la necessità di incontri fisici per completare il servizio,Servizio Transfrontaliero,https://www.miur.gov.it/web/guest/equipollenze-ed-equiparazioni-tra-titoli-accademici-italiani
"Ministero dell'Istruzione, dell'Università e della Ricerca, URP - Ufficio Relazioni con il Pubblico",Studio,"Ottenere il riconoscimento della dichiarazione di diploma, certificati o altra documentazione di studi o corsi",Chiarire se è necessaria un'autenticazione per accedere al servizio,Servizio Transfrontaliero,https://www.miur.gov.it/web/guest/equipollenze-ed-equiparazioni-tra-titoli-accademici-italiani
"Ministero dell'Istruzione, dell'Università e della Ricerca, URP - Ufficio Relazioni con il Pubblico",Studio,"Ottenere il riconoscimento della dichiarazione di diploma, certificati o altra documentazione di studi o corsi",Permettere l'autenticazione tramite eID nazionale anche per utenti transfrontalieri,Servizio Transfrontaliero,https://www.miur.gov.it/web/guest/equipollenze-ed-equiparazioni-tra-titoli-accademici-italiani
"Ministero dell'Istruzione, dell'Università e della Ricerca, URP - Ufficio Relazioni con il Pubblico",Studio,"Ottenere il riconoscimento della dichiarazione di diploma, certificati o altra documentazione di studi o corsi",Specificare se sono richiesti documenti per utenti transfrontalieri,Servizio Transfrontaliero,https://www.miur.gov.it/web/guest/equipollenze-ed-equiparazioni-tra-titoli-accademici-italiani
"Ministero dell'Istruzione, dell'Università e della Ricerca, URP - Ufficio Relazioni con il Pubblico",Studio,"Ottenere il riconoscimento della dichiarazione di diploma, certificati o altra documentazione di studi o corsi",Chiarire se è previsto un pagamento per accedere al servizio,Servizio Transfrontaliero,https://www.miur.gov.it/web/guest/equipollenze-ed-equiparazioni-tra-titoli-accademici-italiani
"Ministero dell'Istruzione, dell'Università e della Ricerca, URP - Ufficio Relazioni con il Pubblico",Studio,"Ottenere il riconoscimento della dichiarazione di diploma, certificati o altra documentazione di studi o corsi",Indicare se il servizio è potenzialmente idoneo all'implementazione del principio Once-Only (OOTS),Servizio Transfrontaliero,https://www.miur.gov.it/web/guest/equipollenze-ed-equiparazioni-tra-titoli-accademici-italiani
"Ministero dell'Istruzione, dell'Università e della Ricerca",Studio,"Ottenere il riconoscimento della dichiarazione di diploma, certificati o altra documentazione di studi o corsi",Consentire agli utenti stranieri di accedere al servizio online,Servizio Transfrontaliero,www.cimea.it
"Ministero dell'Istruzione, dell'Università e della Ricerca",Studio,"Ottenere il riconoscimento della dichiarazione di diploma, certificati o altra documentazione di studi o corsi",Rimuovere la barriera della necessità di identificazione/autenticazione online nazionale,Servizio Transfrontaliero,www.cimea.it
"Ministero dell'Istruzione, dell'Università e della Ricerca",Studio,"Ottenere il riconoscimento della dichiarazione di diploma, certificati o altra documentazione di studi o corsi",Consentire la presentazione dei documenti elettronici richiesti dai cittadini stranieri,Servizio Transfrontaliero,www.cimea.it
"Ministero dell'Istruzione, dell'Università e della Ricerca",Studio,"Ottenere il riconoscimento della dichiarazione di diploma, certificati o altra documentazione di studi o corsi",Eliminare la necessità di traduzione o riconoscimento dei documenti richiesti,Servizio Transfrontaliero,www.cimea.it
"Ministero dell'Istruzione, dell'Università e della Ricerca",Studio,"Ottenere il riconoscimento della dichiarazione di diploma, certificati o altra documentazione di studi o corsi",Fornire traduzioni chiare o un'interfaccia multilingue per superare le barriere linguistiche,Servizio Transfrontaliero,www.cimea.it
"Ministero dell'Istruzione, dell'Università e della Ricerca",Studio,"Ottenere il riconoscimento della dichiarazione di diploma, certificati o altra documentazione di studi o corsi",Migliorare la qualità delle traduzioni fornite sul sito web,Servizio Transfrontaliero,www.cimea.it
"Ministero dell'Istruzione, dell'Università e della Ricerca",Studio,"Ottenere il riconoscimento della dichiarazione di diploma, certificati o altra documentazione di studi o corsi",Fornire informazioni complete e facilmente accessibili anche per utenti internazionali,Servizio Transfrontaliero,www.cimea.it
"Ministero dell'Istruzione, dell'Università e della Ricerca",Studio,"Ottenere il riconoscimento della dichiarazione di diploma, certificati o altra documentazione di studi o corsi",Eliminare la necessità di incontri fisici per completare il servizio,Servizio Transfrontaliero,www.cimea.it
"Ministero dell'Istruzione, dell'Università e della Ricerca",Studio,"Ottenere il riconoscimento della dichiarazione di diploma, certificati o altra documentazione di studi o corsi",Chiarire se è necessaria un'autenticazione per accedere al servizio,Servizio Transfrontaliero,www.cimea.it
"Ministero dell'Istruzione, dell'Università e della Ricerca",Studio,"Ottenere il riconoscimento della dichiarazione di diploma, certificati o altra documentazione di studi o corsi",Permettere l'autenticazione tramite eID nazionale anche per utenti transfrontalieri,Servizio Transfrontaliero,www.cimea.it
"Ministero dell'Istruzione, dell'Università e della Ricerca",Studio,"Ottenere il riconoscimento della dichiarazione di diploma, certificati o altra documentazione di studi o corsi",Specificare se sono richiesti documenti per utenti transfrontalieri,Servizio Transfrontaliero,www.cimea.it
"Ministero dell'Istruzione, dell'Università e della Ricerca",Studio,"Ottenere il riconoscimento della dichiarazione di diploma, certificati o altra documentazione di studi o corsi",Chiarire se è previsto un pagamento per accedere al servizio,Servizio Transfrontaliero,www.cimea.it
"Ministero dell'Istruzione, dell'Università e della Ricerca",Studio,"Ottenere il riconoscimento della dichiarazione di diploma, certificati o altra documentazione di studi o corsi",Indicare se il servizio è potenzialmente idoneo all'implementazione del principio Once-Only (OOTS),Servizio Transfrontaliero,www.cimea.it
Università degli Studi di Palermo,Studio,Registrarsi all'istruzione superiore,Rimuovere la barriera della necessità di identificazione/autenticazione online nazionale,Servizio Transfrontaliero,https://www.unipa.it/target/international-students/en/about/enrolments/
Università degli Studi di Palermo,Studio,Registrarsi all'istruzione superiore,Consentire la presentazione dei documenti elettronici richiesti dai cittadini stranieri,Servizio Transfrontaliero,https://www.unipa.it/target/international-students/en/about/enrolments/
Università degli Studi di Palermo,Studio,Registrarsi all'istruzione superiore,Eliminare la necessità di traduzione o riconoscimento dei documenti richiesti,Servizio Transfrontaliero,https://www.unipa.it/target/international-students/en/about/enrolments/
Università degli Studi di Palermo,Studio,Registrarsi all'istruzione superiore,Fornire traduzioni chiare o un'interfaccia multilingue per superare le barriere linguistiche,Servizio Transfrontaliero,https://www.unipa.it/target/international-students/en/about/enrolments/
Università degli Studi di Palermo,Studio,Registrarsi all'istruzione superiore,Migliorare la qualità delle traduzioni fornite sul sito web,Servizio Transfrontaliero,https://www.unipa.it/target/international-students/en/about/enrolments/
Università degli Studi di Palermo,Studio,Registrarsi all'istruzione superiore,Fornire informazioni complete e facilmente accessibili anche per utenti internazionali,Servizio Transfrontaliero,https://www.unipa.it/target/international-students/en/about/enrolments/
Università degli Studi di Palermo,Studio,Registrarsi all'istruzione superiore,Eliminare la necessità di incontri fisici per completare il servizio,Servizio Transfrontaliero,https://www.unipa.it/target/international-students/en/about/enrolments/
Università degli Studi di Palermo,Studio,Registrarsi all'istruzione superiore,Permettere l'autenticazione tramite eID nazionale anche per utenti transfrontalieri,Servizio Transfrontaliero,https://www.unipa.it/target/international-students/en/about/enrolments/
Università degli Studi di Palermo,Studio,Registrarsi all'istruzione superiore,Specificare se sono richiesti documenti per utenti transfrontalieri,Servizio Transfrontaliero,https://www.unipa.it/target/international-students/en/about/enrolments/
Università degli Studi di Palermo,Studio,Registrarsi all'istruzione superiore,Chiarire se è previsto un pagamento per accedere al servizio,Servizio Transfrontaliero,https://www.unipa.it/target/international-students/en/about/enrolments/
Università degli Studi di Palermo,Studio,Registrarsi all'istruzione superiore,Indicare se il servizio è potenzialmente idoneo all'implementazione del principio Once-Only (OOTS),Servizio Transfrontaliero,https://www.unipa.it/target/international-students/en/about/enrolments/
Università degli Studi di Milano,Studio,Registrarsi all'istruzione superiore,Rimuovere la barriera della necessità di identificazione/autenticazione online nazionale,Servizio Transfrontaliero,https://www.unimi.it/en/international/coming-abroad/enrol-programme
Università degli Studi di Milano,Studio,Registrarsi all'istruzione superiore,Consentire la presentazione dei documenti elettronici richiesti dai cittadini stranieri,Servizio Transfrontaliero,https://www.unimi.it/en/international/coming-abroad/enrol-programme
Università degli Studi di Milano,Studio,Registrarsi all'istruzione superiore,Eliminare la necessità di traduzione o riconoscimento dei documenti richiesti,Servizio Transfrontaliero,https://www.unimi.it/en/international/coming-abroad/enrol-programme
Università degli Studi di Milano,Studio,Registrarsi all'istruzione superiore,Fornire traduzioni chiare o un'interfaccia multilingue per superare le barriere linguistiche,Servizio Transfrontaliero,https://www.unimi.it/en/international/coming-abroad/enrol-programme
Università degli Studi di Milano,Studio,Registrarsi all'istruzione superiore,Migliorare la qualità delle traduzioni fornite sul sito web,Servizio Transfrontaliero,https://www.unimi.it/en/international/coming-abroad/enrol-programme
Università degli Studi di Milano,Studio,Registrarsi all'istruzione superiore,Fornire informazioni complete e facilmente accessibili anche per utenti internazionali,Servizio Transfrontaliero,https://www.unimi.it/en/international/coming-abroad/enrol-programme
Università degli Studi di Milano,Studio,Registrarsi all'istruzione superiore,Eliminare la necessità di incontri fisici per completare il servizio,Servizio Transfrontaliero,https://www.unimi.it/en/international/coming-abroad/enrol-programme
Università degli Studi di Milano,Studio,Registrarsi all'istruzione superiore,Permettere l'autenticazione tramite eID nazionale anche per utenti transfrontalieri,Servizio Transfrontaliero,https://www.unimi.it/en/international/coming-abroad/enrol-programme
Università degli Studi di Milano,Studio,Registrarsi all'istruzione superiore,Specificare se sono richiesti documenti per utenti transfrontalieri,Servizio Transfrontaliero,https://www.unimi.it/en/international/coming-abroad/enrol-programme
Università degli Studi di Milano,Studio,Registrarsi all'istruzione superiore,Chiarire se è previsto un pagamento per accedere al servizio,Servizio Transfrontaliero,https://www.unimi.it/en/international/coming-abroad/enrol-programme
Università degli Studi di Milano,Studio,Registrarsi all'istruzione superiore,Indicare se il servizio è potenzialmente idoneo all'implementazione del principio Once-Only (OOTS),Servizio Transfrontaliero,https://www.unimi.it/en/international/coming-abroad/enrol-programme
Università degli Studi di Torino,Studio,Registrarsi all'istruzione superiore,Rimuovere la barriera della necessità di identificazione/autenticazione online nazionale,Servizio Transfrontaliero,https://en.unito.it/profiles/prospective-student
Università degli Studi di Torino,Studio,Registrarsi all'istruzione superiore,Consentire la presentazione dei documenti elettronici richiesti dai cittadini stranieri,Servizio Transfrontaliero,https://en.unito.it/profiles/prospective-student
Università degli Studi di Torino,Studio,Registrarsi all'istruzione superiore,Eliminare la necessità di traduzione o riconoscimento dei documenti richiesti,Servizio Transfrontaliero,https://en.unito.it/profiles/prospective-student
Università degli Studi di Torino,Studio,Registrarsi all'istruzione superiore,Fornire traduzioni chiare o un'interfaccia multilingue per superare le barriere linguistiche,Servizio Transfrontaliero,https://en.unito.it/profiles/prospective-student
Università degli Studi di Torino,Studio,Registrarsi all'istruzione superiore,Migliorare la qualità delle traduzioni fornite sul sito web,Servizio Transfrontaliero,https://en.unito.it/profiles/prospective-student
Università degli Studi di Torino,Studio,Registrarsi all'istruzione superiore,Fornire informazioni complete e facilmente accessibili anche per utenti internazionali,Servizio Transfrontaliero,https://en.unito.it/profiles/prospective-student
Università degli Studi di Torino,Studio,Registrarsi all'istruzione superiore,Eliminare la necessità di incontri fisici per completare il servizio,Servizio Transfrontaliero,https://en.unito.it/profiles/prospective-student
Università degli Studi di Torino,Studio,Registrarsi all'istruzione superiore,Permettere l'autenticazione tramite eID nazionale anche per utenti transfrontalieri,Servizio Transfrontaliero,https://en.unito.it/profiles/prospective-student
Università degli Studi di Torino,Studio,Registrarsi all'istruzione superiore,Specificare se sono richiesti documenti per utenti transfrontalieri,Servizio Transfrontaliero,https://en.unito.it/profiles/prospective-student
Università degli Studi di Torino,Studio,Registrarsi all'istruzione superiore,Chiarire se è previsto un pagamento per accedere al servizio,Servizio Transfrontaliero,https://en.unito.it/profiles/prospective-student
Università degli Studi di Torino,Studio,Registrarsi all'istruzione superiore,Indicare se il servizio è potenzialmente idoneo all'implementazione del principio Once-Only (OOTS),Servizio Transfrontaliero,https://en.unito.it/profiles/prospective-student
"Università degli Studi di Napoli ""Federico II""",Studio,Registrarsi all'istruzione superiore,Rendere le informazioni disponibili anche per gli utenti stranieri,Servizio Transfrontaliero,https://www.segrepass2.unina.it/Welcome.do
"Università degli Studi di Napoli ""Federico II""",Studio,Registrarsi all'istruzione superiore,Consentire agli utenti stranieri di accedere al servizio online,Servizio Transfrontaliero,https://www.segrepass2.unina.it/Welcome.do
"Università degli Studi di Napoli ""Federico II""",Studio,Registrarsi all'istruzione superiore,Rimuovere la barriera della necessità di identificazione/autenticazione online nazionale,Servizio Transfrontaliero,https://www.segrepass2.unina.it/Welcome.do
"Università degli Studi di Napoli ""Federico II""",Studio,Registrarsi all'istruzione superiore,Consentire la presentazione dei documenti elettronici richiesti dai cittadini stranieri,Servizio Transfrontaliero,https://www.segrepass2.unina.it/Welcome.do
"Università degli Studi di Napoli ""Federico II""",Studio,Registrarsi all'istruzione superiore,Eliminare la necessità di traduzione o riconoscimento dei documenti richiesti,Servizio Transfrontaliero,https://www.segrepass2.unina.it/Welcome.do
"Università degli Studi di Napoli ""Federico II""",Studio,Registrarsi all'istruzione superiore,Fornire traduzioni chiare o un'interfaccia multilingue per superare le barriere linguistiche,Servizio Transfrontaliero,https://www.segrepass2.unina.it/Welcome.do
"Università degli Studi di Napoli ""Federico II""",Studio,Registrarsi all'istruzione superiore,Migliorare la qualità delle traduzioni fornite sul sito web,Servizio Transfrontaliero,https://www.segrepass2.unina.it/Welcome.do
"Università degli Studi di Napoli ""Federico II""",Studio,Registrarsi all'istruzione superiore,Fornire informazioni complete e facilmente accessibili anche per utenti internazionali,Servizio Transfrontaliero,https://www.segrepass2.unina.it/Welcome.do
"Università degli Studi di Napoli ""Federico II""",Studio,Registrarsi all'istruzione superiore,Eliminare la necessità di incontri fisici per completare il servizio,Servizio Transfrontaliero,https://www.segrepass2.unina.it/Welcome.do
"Università degli Studi di Napoli ""Federico II""",Studio,Registrarsi all'istruzione superiore,Permettere l'autenticazione tramite eID nazionale anche per utenti transfrontalieri,Servizio Transfrontaliero,https://www.segrepass2.unina.it/Welcome.do
"Università degli Studi di Napoli ""Federico II""",Studio,Registrarsi all'istruzione superiore,Specificare se sono richiesti documenti per utenti transfrontalieri,Servizio Transfrontaliero,https://www.segrepass2.unina.it/Welcome.do
"Università degli Studi di Napoli ""Federico II""",Studio,Registrarsi all'istruzione superiore,Chiarire se è previsto un pagamento per accedere al servizio,Servizio Transfrontaliero,https://www.segrepass2.unina.it/Welcome.do
"Università degli Studi di Napoli ""Federico II""",Studio,Registrarsi all'istruzione superiore,Fornire un output elettronico del servizio,Servizio Transfrontaliero,https://www.segrepass2.unina.it/Welcome.do
"Università degli Studi di Napoli ""Federico II""",Studio,Registrarsi all'istruzione superiore,Comunicare automaticamente all'utente il completamento del servizio,Servizio Transfrontaliero,https://www.segrepass2.unina.it/Welcome.do
"Università degli Studi di Napoli ""Federico II""",Studio,Registrarsi all'istruzione superiore,Indicare se il servizio è potenzialmente idoneo all'implementazione del principio Once-Only (OOTS),Servizio Transfrontaliero,https://www.segrepass2.unina.it/Welcome.do
"Università degli Studi di Roma ""La Sapienza""",Studio,Registrarsi all'istruzione superiore,Rimuovere la barriera della necessità di identificazione/autenticazione online nazionale,Servizio Transfrontaliero,https://www.uniroma1.it/it/pagina/infostud-immatricolazione
"Università degli Studi di Roma ""La Sapienza""",Studio,Registrarsi all'istruzione superiore,Consentire la presentazione dei documenti elettronici richiesti dai cittadini stranieri,Servizio Transfrontaliero,https://www.uniroma1.it/it/pagina/infostud-immatricolazione
"Università degli Studi di Roma ""La Sapienza""",Studio,Registrarsi all'istruzione superiore,Eliminare la necessità di traduzione o riconoscimento dei documenti richiesti,Servizio Transfrontaliero,https://www.uniroma1.it/it/pagina/infostud-immatricolazione
"Università degli Studi di Roma ""La Sapienza""",Studio,Registrarsi all'istruzione superiore,Fornire traduzioni chiare o un'interfaccia multilingue per superare le barriere linguistiche,Servizio Transfrontaliero,https://www.uniroma1.it/it/pagina/infostud-immatricolazione
"Università degli Studi di Roma ""La Sapienza""",Studio,Registrarsi all'istruzione superiore,Migliorare la qualità delle traduzioni fornite sul sito web,Servizio Transfrontaliero,https://www.uniroma1.it/it/pagina/infostud-immatricolazione
"Università degli Studi di Roma ""La Sapienza""",Studio,Registrarsi all'istruzione superiore,Fornire informazioni complete e facilmente accessibili anche per utenti internazionali,Servizio Transfrontaliero,https://www.uniroma1.it/it/pagina/infostud-immatricolazione
"Università degli Studi di Roma ""La Sapienza""",Studio,Registrarsi all'istruzione superiore,Eliminare la necessità di incontri fisici per completare il servizio,Servizio Transfrontaliero,https://www.uniroma1.it/it/pagina/infostud-immatricolazione
"Università degli Studi di Roma ""La Sapienza""",Studio,Registrarsi all'istruzione superiore,Permettere l'autenticazione tramite eID nazionale anche per utenti transfrontalieri,Servizio Transfrontaliero,https://www.uniroma1.it/it/pagina/infostud-immatricolazione
"Università degli Studi di Roma ""La Sapienza""",Studio,Registrarsi all'istruzione superiore,Specificare se sono richiesti documenti per utenti transfrontalieri,Servizio Transfrontaliero,https://www.uniroma1.it/it/pagina/infostud-immatricolazione
"Università degli Studi di Roma ""La Sapienza""",Studio,Registrarsi all'istruzione superiore,Chiarire se è previsto un pagamento per accedere al servizio,Servizio Transfrontaliero,https://www.uniroma1.it/it/pagina/infostud-immatricolazione
"Università degli Studi di Roma ""La Sapienza""",Studio,Registrarsi all'istruzione superiore,Indicare se il servizio è potenzialmente idoneo all'implementazione del principio Once-Only (OOTS),Servizio Transfrontaliero,https://www.uniroma1.it/it/pagina/infostud-immatricolazione
"Ministero dell'Istruzione, dell'Università e della Ricerca",Studio,Richiedere borse di studio,Rimuovere la barriera della necessità di identificazione/autenticazione online nazionale,Servizio Transfrontaliero,https://www.universitaly.it/borse-studio
"Ministero dell'Istruzione, dell'Università e della Ricerca",Studio,Richiedere borse di studio,Consentire la presentazione dei documenti elettronici richiesti dai cittadini stranieri,Servizio Transfrontaliero,https://www.universitaly.it/borse-studio
"Ministero dell'Istruzione, dell'Università e della Ricerca",Studio,Richiedere borse di studio,Eliminare la necessità di traduzione o riconoscimento dei documenti richiesti,Servizio Transfrontaliero,https://www.universitaly.it/borse-studio
"Ministero dell'Istruzione, dell'Università e della Ricerca",Studio,Richiedere borse di studio,Fornire traduzioni chiare o un'interfaccia multilingue per superare le barriere linguistiche,Servizio Transfrontaliero,https://www.universitaly.it/borse-studio
"Ministero dell'Istruzione, dell'Università e della Ricerca",Studio,Richiedere borse di studio,Migliorare la qualità delle traduzioni fornite sul sito web,Servizio Transfrontaliero,https://www.universitaly.it/borse-studio
"Ministero dell'Istruzione, dell'Università e della Ricerca",Studio,Richiedere borse di studio,Fornire informazioni complete e facilmente accessibili anche per utenti internazionali,Servizio Transfrontaliero,https://www.universitaly.it/borse-studio
"Ministero dell'Istruzione, dell'Università e della Ricerca",Studio,Richiedere borse di studio,Eliminare la necessità di incontri fisici per completare il servizio,Servizio Transfrontaliero,https://www.universitaly.it/borse-studio
"Ministero dell'Istruzione, dell'Università e della Ricerca",Studio,Richiedere borse di studio,Specificare se sono richiesti documenti per utenti transfrontalieri,Servizio Transfrontaliero,https://www.universitaly.it/borse-studio
"Ministero dell'Istruzione, dell'Università e della Ricerca",Studio,Richiedere borse di studio,Chiarire se è previsto un pagamento per accedere al servizio,Servizio Transfrontaliero,https://www.universitaly.it/borse-studio
"Ministero dell'Istruzione, dell'Università e della Ricerca",Studio,Richiedere borse di studio,Indicare se il servizio è potenzialmente idoneo all'implementazione del principio Once-Only (OOTS),Servizio Transfrontaliero,https://www.universitaly.it/borse-studio
Ministero degli Affari Esteri e della Cooperazione Internazionale,Studio,Richiedere borse di studio,Rimuovere la barriera della necessità di identificazione/autenticazione online nazionale,Servizio Transfrontaliero,https://www.esteri.it/it/opportunita/borse-di-studio/per-cittadini-stranieri/
Ministero degli Affari Esteri e della Cooperazione Internazionale,Studio,Richiedere borse di studio,Consentire la presentazione dei documenti elettronici richiesti dai cittadini stranieri,Servizio Transfrontaliero,https://www.esteri.it/it/opportunita/borse-di-studio/per-cittadini-stranieri/
Ministero degli Affari Esteri e della Cooperazione Internazionale,Studio,Richiedere borse di studio,Eliminare la necessità di traduzione o riconoscimento dei documenti richiesti,Servizio Transfrontaliero,https://www.esteri.it/it/opportunita/borse-di-studio/per-cittadini-stranieri/
Ministero degli Affari Esteri e della Cooperazione Internazionale,Studio,Richiedere borse di studio,Fornire traduzioni chiare o un'interfaccia multilingue per superare le barriere linguistiche,Servizio Transfrontaliero,https://www.esteri.it/it/opportunita/borse-di-studio/per-cittadini-stranieri/
Ministero degli Affari Esteri e della Cooperazione Internazionale,Studio,Richiedere borse di studio,Migliorare la qualità delle traduzioni fornite sul sito web,Servizio Transfrontaliero,https://www.esteri.it/it/opportunita/borse-di-studio/per-cittadini-stranieri/
Ministero degli Affari Esteri e della Cooperazione Internazionale,Studio,Richiedere borse di studio,Fornire informazioni complete e facilmente accessibili anche per utenti internazionali,Servizio Transfrontaliero,https://www.esteri.it/it/opportunita/borse-di-studio/per-cittadini-stranieri/
Ministero degli Affari Esteri e della Cooperazione Internazionale,Studio,Richiedere borse di studio,Eliminare la necessità di incontri fisici per completare il servizio,Servizio Transfrontaliero,https://www.esteri.it/it/opportunita/borse-di-studio/per-cittadini-stranieri/
Ministero degli Affari Esteri e della Cooperazione Internazionale,Studio,Richiedere borse di studio,Permettere l'autenticazione tramite eID nazionale anche per utenti transfrontalieri,Servizio Transfrontaliero,https://www.esteri.it/it/opportunita/borse-di-studio/per-cittadini-stranieri/
Ministero degli Affari Esteri e della Cooperazione Internazionale,Studio,Richiedere borse di studio,Specificare se sono richiesti documenti per utenti transfrontalieri,Servizio Transfrontaliero,https://www.esteri.it/it/opportunita/borse-di-studio/per-cittadini-stranieri/
Ministero degli Affari Esteri e della Cooperazione Internazionale,Studio,Richiedere borse di studio,Chiarire se è previsto un pagamento per accedere al servizio,Servizio Transfrontaliero,https://www.esteri.it/it/opportunita/borse-di-studio/per-cittadini-stranieri/
Ministero degli Affari Esteri e della Cooperazione Internazionale,Studio,Richiedere borse di studio,Indicare se il servizio è potenzialmente idoneo all'implementazione del principio Once-Only (OOTS),Servizio Transfrontaliero,https://www.esteri.it/it/opportunita/borse-di-studio/per-cittadini-stranieri/
Università degli Studi di Palermo,Studio,Richiedere borse di studio,Consentire agli utenti stranieri di accedere al servizio online,Servizio Transfrontaliero,https://www.unipa.it/mobilita/en/new-students/scholarship-for-international-students/
Università degli Studi di Palermo,Studio,Richiedere borse di studio,Rimuovere la barriera della necessità di identificazione/autenticazione online nazionale,Servizio Transfrontaliero,https://www.unipa.it/mobilita/en/new-students/scholarship-for-international-students/
Università degli Studi di Palermo,Studio,Richiedere borse di studio,Consentire la presentazione dei documenti elettronici richiesti dai cittadini stranieri,Servizio Transfrontaliero,https://www.unipa.it/mobilita/en/new-students/scholarship-for-international-students/
Università degli Studi di Palermo,Studio,Richiedere borse di studio,Eliminare la necessità di traduzione o riconoscimento dei documenti richiesti,Servizio Transfrontaliero,https://www.unipa.it/mobilita/en/new-students/scholarship-for-international-students/
Università degli Studi di Palermo,Studio,Richiedere borse di studio,Fornire traduzioni chiare o un'interfaccia multilingue per superare le barriere linguistiche,Servizio Transfrontaliero,https://www.unipa.it/mobilita/en/new-students/scholarship-for-international-students/
Università degli Studi di Palermo,Studio,Richiedere borse di studio,Migliorare la qualità delle traduzioni fornite sul sito web,Servizio Transfrontaliero,https://www.unipa.it/mobilita/en/new-students/scholarship-for-international-students/
Università degli Studi di Palermo,Studio,Richiedere borse di studio,Fornire informazioni complete e facilmente accessibili anche per utenti internazionali,Servizio Transfrontaliero,https://www.unipa.it/mobilita/en/new-students/scholarship-for-international-students/
Università degli Studi di Palermo,Studio,Richiedere borse di studio,Eliminare la necessità di incontri fisici per completare il servizio,Servizio Transfrontaliero,https://www.unipa.it/mobilita/en/new-students/scholarship-for-international-students/
Università degli Studi di Palermo,Studio,Richiedere borse di studio,Permettere l'autenticazione tramite eID nazionale anche per utenti transfrontalieri,Servizio Transfrontaliero,https://www.unipa.it/mobilita/en/new-students/scholarship-for-international-students/
Università degli Studi di Palermo,Studio,Richiedere borse di studio,Specificare se sono richiesti documenti per utenti transfrontalieri,Servizio Transfrontaliero,https://www.unipa.it/mobilita/en/new-students/scholarship-for-international-students/
Università degli Studi di Palermo,Studio,Richiedere borse di studio,Chiarire se è previsto un pagamento per accedere al servizio,Servizio Transfrontaliero,https://www.unipa.it/mobilita/en/new-students/scholarship-for-international-students/
Università degli Studi di Palermo,Studio,Richiedere borse di studio,Indicare se il servizio è potenzialmente idoneo all'implementazione del principio Once-Only (OOTS),Servizio Transfrontaliero,https://www.unipa.it/mobilita/en/new-students/scholarship-for-international-students/
Università degli Studi di Milano,Studio,Richiedere borse di studio,Consentire agli utenti stranieri di accedere al servizio online,Servizio Transfrontaliero,https://www.unimi.it/en/international/coming-abroad/how-reach-us/fees-scholarships-and-opportunities
Università degli Studi di Milano,Studio,Richiedere borse di studio,Rimuovere la barriera della necessità di identificazione/autenticazione online nazionale,Servizio Transfrontaliero,https://www.unimi.it/en/international/coming-abroad/how-reach-us/fees-scholarships-and-opportunities
Università degli Studi di Milano,Studio,Richiedere borse di studio,Consentire la presentazione dei documenti elettronici richiesti dai cittadini stranieri,Servizio Transfrontaliero,https://www.unimi.it/en/international/coming-abroad/how-reach-us/fees-scholarships-and-opportunities
Università degli Studi di Milano,Studio,Richiedere borse di studio,Eliminare la necessità di traduzione o riconoscimento dei documenti richiesti,Servizio Transfrontaliero,https://www.unimi.it/en/international/coming-abroad/how-reach-us/fees-scholarships-and-opportunities
Università degli Studi di Milano,Studio,Richiedere borse di studio,Fornire traduzioni chiare o un'interfaccia multilingue per superare le barriere linguistiche,Servizio Transfrontaliero,https://www.unimi.it/en/international/coming-abroad/how-reach-us/fees-scholarships-and-opportunities
Università degli Studi di Milano,Studio,Richiedere borse di studio,Migliorare la qualità delle traduzioni fornite sul sito web,Servizio Transfrontaliero,https://www.unimi.it/en/international/coming-abroad/how-reach-us/fees-scholarships-and-opportunities
Università degli Studi di Milano,Studio,Richiedere borse di studio,Fornire informazioni complete e facilmente accessibili anche per utenti internazionali,Servizio Transfrontaliero,https://www.unimi.it/en/international/coming-abroad/how-reach-us/fees-scholarships-and-opportunities
Università degli Studi di Milano,Studio,Richiedere borse di studio,Eliminare la necessità di incontri fisici per completare il servizio,Servizio Transfrontaliero,https://www.unimi.it/en/international/coming-abroad/how-reach-us/fees-scholarships-and-opportunities
Università degli Studi di Milano,Studio,Richiedere borse di studio,Permettere l'autenticazione tramite eID nazionale anche per utenti transfrontalieri,Servizio Transfrontaliero,https://www.unimi.it/en/international/coming-abroad/how-reach-us/fees-scholarships-and-opportunities
Università degli Studi di Milano,Studio,Richiedere borse di studio,Specificare se sono richiesti documenti per utenti transfrontalieri,Servizio Transfrontaliero,https://www.unimi.it/en/international/coming-abroad/how-reach-us/fees-scholarships-and-opportunities
Università degli Studi di Milano,Studio,Richiedere borse di studio,Chiarire se è previsto un pagamento per accedere al servizio,Servizio Transfrontaliero,https://www.unimi.it/en/international/coming-abroad/how-reach-us/fees-scholarships-and-opportunities
Università degli Studi di Milano,Studio,Richiedere borse di studio,Indicare se il servizio è potenzialmente idoneo all'implementazione del principio Once-Only (OOTS),Servizio Transfrontaliero,https://www.unimi.it/en/international/coming-abroad/how-reach-us/fees-scholarships-and-opportunities
Università degli Studi di Torino,Studio,Richiedere borse di studio,Rimuovere la barriera della necessità di identificazione/autenticazione online nazionale,Servizio Transfrontaliero,https://en.unito.it/studying-unito/scholarships-international-students
Università degli Studi di Torino,Studio,Richiedere borse di studio,Consentire la presentazione dei documenti elettronici richiesti dai cittadini stranieri,Servizio Transfrontaliero,https://en.unito.it/studying-unito/scholarships-international-students
Università degli Studi di Torino,Studio,Richiedere borse di studio,Eliminare la necessità di traduzione o riconoscimento dei documenti richiesti,Servizio Transfrontaliero,https://en.unito.it/studying-unito/scholarships-international-students
Università degli Studi di Torino,Studio,Richiedere borse di studio,Fornire traduzioni chiare o un'interfaccia multilingue per superare le barriere linguistiche,Servizio Transfrontaliero,https://en.unito.it/studying-unito/scholarships-international-students
Università degli Studi di Torino,Studio,Richiedere borse di studio,Migliorare la qualità delle traduzioni fornite sul sito web,Servizio Transfrontaliero,https://en.unito.it/studying-unito/scholarships-international-students
Università degli Studi di Torino,Studio,Richiedere borse di studio,Fornire informazioni complete e facilmente accessibili anche per utenti internazionali,Servizio Transfrontaliero,https://en.unito.it/studying-unito/scholarships-international-students
Università degli Studi di Torino,Studio,Richiedere borse di studio,Eliminare la necessità di incontri fisici per completare il servizio,Servizio Transfrontaliero,https://en.unito.it/studying-unito/scholarships-international-students
Università degli Studi di Torino,Studio,Richiedere borse di studio,Permettere l'autenticazione tramite eID nazionale anche per utenti transfrontalieri,Servizio Transfrontaliero,https://en.unito.it/studying-unito/scholarships-international-students
Università degli Studi di Torino,Studio,Richiedere borse di studio,Specificare se sono richiesti documenti per utenti transfrontalieri,Servizio Transfrontaliero,https://en.unito.it/studying-unito/scholarships-international-students
Università degli Studi di Torino,Studio,Richiedere borse di studio,Chiarire se è previsto un pagamento per accedere al servizio,Servizio Transfrontaliero,https://en.unito.it/studying-unito/scholarships-international-students
Università degli Studi di Torino,Studio,Richiedere borse di studio,Indicare se il servizio è potenzialmente idoneo all'implementazione del principio Once-Only (OOTS),Servizio Transfrontaliero,https://en.unito.it/studying-unito/scholarships-international-students
Università di Genova,Studio,Richiedere benefici sociali aggiuntivi,Rimuovere la barriera della necessità di identificazione/autenticazione online nazionale,Servizio Transfrontaliero,https://www.inps.it/it/it/dettaglio-scheda.it.schede-servizio-strumento.schede-strumenti.come-acquisire-la-dsu-precompilata-e-richiedere-l-isee-53358.come-acquisire-la-dsu-precompilata-e-richiedere-l-isee.html
Università di Genova,Studio,Richiedere benefici sociali aggiuntivi,Consentire la presentazione dei documenti elettronici richiesti dai cittadini stranieri,Servizio Transfrontaliero,https://www.inps.it/it/it/dettaglio-scheda.it.schede-servizio-strumento.schede-strumenti.come-acquisire-la-dsu-precompilata-e-richiedere-l-isee-53358.come-acquisire-la-dsu-precompilata-e-richiedere-l-isee.html
Università di Genova,Studio,Richiedere benefici sociali aggiuntivi,Eliminare la necessità di traduzione o riconoscimento dei documenti richiesti,Servizio Transfrontaliero,https://www.inps.it/it/it/dettaglio-scheda.it.schede-servizio-strumento.schede-strumenti.come-acquisire-la-dsu-precompilata-e-richiedere-l-isee-53358.come-acquisire-la-dsu-precompilata-e-richiedere-l-isee.html
Università di Genova,Studio,Richiedere benefici sociali aggiuntivi,Fornire traduzioni chiare o un'interfaccia multilingue per superare le barriere linguistiche,Servizio Transfrontaliero,https://www.inps.it/it/it/dettaglio-scheda.it.schede-servizio-strumento.schede-strumenti.come-acquisire-la-dsu-precompilata-e-richiedere-l-isee-53358.come-acquisire-la-dsu-precompilata-e-richiedere-l-isee.html
Università di Genova,Studio,Richiedere benefici sociali aggiuntivi,Migliorare la qualità delle traduzioni fornite sul sito web,Servizio Transfrontaliero,https://www.inps.it/it/it/dettaglio-scheda.it.schede-servizio-strumento.schede-strumenti.come-acquisire-la-dsu-precompilata-e-richiedere-l-isee-53358.come-acquisire-la-dsu-precompilata-e-richiedere-l-isee.html
Università di Genova,Studio,Richiedere benefici sociali aggiuntivi,Fornire informazioni complete e facilmente accessibili anche per utenti internazionali,Servizio Transfrontaliero,https://www.inps.it/it/it/dettaglio-scheda.it.schede-servizio-strumento.schede-strumenti.come-acquisire-la-dsu-precompilata-e-richiedere-l-isee-53358.come-acquisire-la-dsu-precompilata-e-richiedere-l-isee.html
Università di Genova,Studio,Richiedere benefici sociali aggiuntivi,Eliminare la necessità di incontri fisici per completare il servizio,Servizio Transfrontaliero,https://www.inps.it/it/it/dettaglio-scheda.it.schede-servizio-strumento.schede-strumenti.come-acquisire-la-dsu-precompilata-e-richiedere-l-isee-53358.come-acquisire-la-dsu-precompilata-e-richiedere-l-isee.html
Università di Genova,Studio,Richiedere benefici sociali aggiuntivi,Permettere l'autenticazione tramite eID nazionale anche per utenti transfrontalieri,Servizio Transfrontaliero,https://www.inps.it/it/it/dettaglio-scheda.it.schede-servizio-strumento.schede-strumenti.come-acquisire-la-dsu-precompilata-e-richiedere-l-isee-53358.come-acquisire-la-dsu-precompilata-e-richiedere-l-isee.html
Università di Genova,Studio,Richiedere benefici sociali aggiuntivi,Chiarire se è previsto un pagamento per accedere al servizio,Servizio Transfrontaliero,https://www.inps.it/it/it/dettaglio-scheda.it.schede-servizio-strumento.schede-strumenti.come-acquisire-la-dsu-precompilata-e-richiedere-l-isee-53358.come-acquisire-la-dsu-precompilata-e-richiedere-l-isee.html
Università di Genova,Studio,Richiedere benefici sociali aggiuntivi,Indicare se il servizio rientra nel campo di applicazione della SDGR,Servizio Transfrontaliero,https://www.inps.it/it/it/dettaglio-scheda.it.schede-servizio-strumento.schede-strumenti.come-acquisire-la-dsu-precompilata-e-richiedere-l-isee-53358.come-acquisire-la-dsu-precompilata-e-richiedere-l-isee.html
Università di Genova,Studio,Richiedere benefici sociali aggiuntivi,Indicare se il servizio è potenzialmente idoneo all'implementazione del principio Once-Only (OOTS),Servizio Transfrontaliero,https://www.inps.it/it/it/dettaglio-scheda.it.schede-servizio-strumento.schede-strumenti.come-acquisire-la-dsu-precompilata-e-richiedere-l-isee-53358.come-acquisire-la-dsu-precompilata-e-richiedere-l-isee.html
"Ministero dell'Istruzione, dell'Università e della Ricerca",Studio,Richiedere benefici sociali aggiuntivi,Consentire agli utenti stranieri di accedere al servizio online,Servizio Transfrontaliero,https://www.universitaly.it/supporto-studenti-disabili
"Ministero dell'Istruzione, dell'Università e della Ricerca",Studio,Richiedere benefici sociali aggiuntivi,Rimuovere la barriera della necessità di identificazione/autenticazione online nazionale,Servizio Transfrontaliero,https://www.universitaly.it/supporto-studenti-disabili
"Ministero dell'Istruzione, dell'Università e della Ricerca",Studio,Richiedere benefici sociali aggiuntivi,Consentire la presentazione dei documenti elettronici richiesti dai cittadini stranieri,Servizio Transfrontaliero,https://www.universitaly.it/supporto-studenti-disabili
"Ministero dell'Istruzione, dell'Università e della Ricerca",Studio,Richiedere benefici sociali aggiuntivi,Eliminare la necessità di traduzione o riconoscimento dei documenti richiesti,Servizio Transfrontaliero,https://www.universitaly.it/supporto-studenti-disabili
"Ministero dell'Istruzione, dell'Università e della Ricerca",Studio,Richiedere benefici sociali aggiuntivi,Fornire traduzioni chiare o un'interfaccia multilingue per superare le barriere linguistiche,Servizio Transfrontaliero,https://www.universitaly.it/supporto-studenti-disabili
"Ministero dell'Istruzione, dell'Università e della Ricerca",Studio,Richiedere benefici sociali aggiuntivi,Migliorare la qualità delle traduzioni fornite sul sito web,Servizio Transfrontaliero,https://www.universitaly.it/supporto-studenti-disabili
"Ministero dell'Istruzione, dell'Università e della Ricerca",Studio,Richiedere benefici sociali aggiuntivi,Fornire informazioni complete e facilmente accessibili anche per utenti internazionali,Servizio Transfrontaliero,https://www.universitaly.it/supporto-studenti-disabili
"Ministero dell'Istruzione, dell'Università e della Ricerca",Studio,Richiedere benefici sociali aggiuntivi,Eliminare la necessità di incontri fisici per completare il servizio,Servizio Transfrontaliero,https://www.universitaly.it/supporto-studenti-disabili
"Ministero dell'Istruzione, dell'Università e della Ricerca",Studio,Richiedere benefici sociali aggiuntivi,Permettere l'autenticazione tramite eID nazionale anche per utenti transfrontalieri,Servizio Transfrontaliero,https://www.universitaly.it/supporto-studenti-disabili
"Ministero dell'Istruzione, dell'Università e della Ricerca",Studio,Richiedere benefici sociali aggiuntivi,Chiarire se è previsto un pagamento per accedere al servizio,Servizio Transfrontaliero,https://www.universitaly.it/supporto-studenti-disabili
"Ministero dell'Istruzione, dell'Università e della Ricerca",Studio,Richiedere benefici sociali aggiuntivi,Indicare se il servizio rientra nel campo di applicazione della SDGR,Servizio Transfrontaliero,https://www.universitaly.it/supporto-studenti-disabili
"Ministero dell'Istruzione, dell'Università e della Ricerca",Studio,Richiedere benefici sociali aggiuntivi,Indicare se il servizio è potenzialmente idoneo all'implementazione del principio Once-Only (OOTS),Servizio Transfrontaliero,https://www.universitaly.it/supporto-studenti-disabili
"Università degli Studi di Roma ""La Sapienza""",Studio,Richiedere benefici sociali aggiuntivi,Consentire agli utenti stranieri di accedere al servizio online,Servizio Transfrontaliero,https://www.uniroma1.it/it/pagina/esenzioni-e-agevolazioni
"Università degli Studi di Roma ""La Sapienza""",Studio,Richiedere benefici sociali aggiuntivi,Rimuovere la barriera della necessità di identificazione/autenticazione online nazionale,Servizio Transfrontaliero,https://www.uniroma1.it/it/pagina/esenzioni-e-agevolazioni
"Università degli Studi di Roma ""La Sapienza""",Studio,Richiedere benefici sociali aggiuntivi,Consentire la presentazione dei documenti elettronici richiesti dai cittadini stranieri,Servizio Transfrontaliero,https://www.uniroma1.it/it/pagina/esenzioni-e-agevolazioni
"Università degli Studi di Roma ""La Sapienza""",Studio,Richiedere benefici sociali aggiuntivi,Eliminare la necessità di traduzione o riconoscimento dei documenti richiesti,Servizio Transfrontaliero,https://www.uniroma1.it/it/pagina/esenzioni-e-agevolazioni
"Università degli Studi di Roma ""La Sapienza""",Studio,Richiedere benefici sociali aggiuntivi,Fornire traduzioni chiare o un'interfaccia multilingue per superare le barriere linguistiche,Servizio Transfrontaliero,https://www.uniroma1.it/it/pagina/esenzioni-e-agevolazioni
"Università degli Studi di Roma ""La Sapienza""",Studio,Richiedere benefici sociali aggiuntivi,Migliorare la qualità delle traduzioni fornite sul sito web,Servizio Transfrontaliero,https://www.uniroma1.it/it/pagina/esenzioni-e-agevolazioni
"Università degli Studi di Roma ""La Sapienza""",Studio,Richiedere benefici sociali aggiuntivi,Fornire informazioni complete e facilmente accessibili anche per utenti internazionali,Servizio Transfrontaliero,https://www.uniroma1.it/it/pagina/esenzioni-e-agevolazioni
"Università degli Studi di Roma ""La Sapienza""",Studio,Richiedere benefici sociali aggiuntivi,Eliminare la necessità di incontri fisici per completare il servizio,Servizio Transfrontaliero,https://www.uniroma1.it/it/pagina/esenzioni-e-agevolazioni
"Università degli Studi di Roma ""La Sapienza""",Studio,Richiedere benefici sociali aggiuntivi,Permettere l'autenticazione tramite eID nazionale anche per utenti transfrontalieri,Servizio Transfrontaliero,https://www.uniroma1.it/it/pagina/esenzioni-e-agevolazioni
"Università degli Studi di Roma ""La Sapienza""",Studio,Richiedere benefici sociali aggiuntivi,Chiarire se è previsto un pagamento per accedere al servizio,Servizio Transfrontaliero,https://www.uniroma1.it/it/pagina/esenzioni-e-agevolazioni
"Università degli Studi di Roma ""La Sapienza""",Studio,Richiedere benefici sociali aggiuntivi,Indicare se il servizio rientra nel campo di applicazione della SDGR,Servizio Transfrontaliero,https://www.uniroma1.it/it/pagina/esenzioni-e-agevolazioni
"Università degli Studi di Roma ""La Sapienza""",Studio,Richiedere benefici sociali aggiuntivi,Indicare se il servizio è potenzialmente idoneo all'implementazione del principio Once-Only (OOTS),Servizio Transfrontaliero,https://www.uniroma1.it/it/pagina/esenzioni-e-agevolazioni
"Ministero dell'Istruzione, dell'Università e della Ricerca",Studio,Richiedere benefici sociali aggiuntivi,Consentire agli utenti stranieri di accedere al servizio online,Servizio Transfrontaliero,https://www.universitaly.it/index.php/students/disabili
"Ministero dell'Istruzione, dell'Università e della Ricerca",Studio,Richiedere benefici sociali aggiuntivi,Rimuovere la barriera della necessità di identificazione/autenticazione online nazionale,Servizio Transfrontaliero,https://www.universitaly.it/index.php/students/disabili
"Ministero dell'Istruzione, dell'Università e della Ricerca",Studio,Richiedere benefici sociali aggiuntivi,Consentire la presentazione dei documenti elettronici richiesti dai cittadini stranieri,Servizio Transfrontaliero,https://www.universitaly.it/index.php/students/disabili
"Ministero dell'Istruzione, dell'Università e della Ricerca",Studio,Richiedere benefici sociali aggiuntivi,Eliminare la necessità di traduzione o riconoscimento dei documenti richiesti,Servizio Transfrontaliero,https://www.universitaly.it/index.php/students/disabili
"Ministero dell'Istruzione, dell'Università e della Ricerca",Studio,Richiedere benefici sociali aggiuntivi,Fornire traduzioni chiare o un'interfaccia multilingue per superare le barriere linguistiche,Servizio Transfrontaliero,https://www.universitaly.it/index.php/students/disabili
"Ministero dell'Istruzione, dell'Università e della Ricerca",Studio,Richiedere benefici sociali aggiuntivi,Migliorare la qualità delle traduzioni fornite sul sito web,Servizio Transfrontaliero,https://www.universitaly.it/index.php/students/disabili
"Ministero dell'Istruzione, dell'Università e della Ricerca",Studio,Richiedere benefici sociali aggiuntivi,Fornire informazioni complete e facilmente accessibili anche per utenti internazionali,Servizio Transfrontaliero,https://www.universitaly.it/index.php/students/disabili
"Ministero dell'Istruzione, dell'Università e della Ricerca",Studio,Richiedere benefici sociali aggiuntivi,Eliminare la necessità di incontri fisici per completare il servizio,Servizio Transfrontaliero,https://www.universitaly.it/index.php/students/disabili
"Ministero dell'Istruzione, dell'Università e della Ricerca",Studio,Richiedere benefici sociali aggiuntivi,Permettere l'autenticazione tramite eID nazionale anche per utenti transfrontalieri,Servizio Transfrontaliero,https://www.universitaly.it/index.php/students/disabili
"Ministero dell'Istruzione, dell'Università e della Ricerca",Studio,Richiedere benefici sociali aggiuntivi,Chiarire se è previsto un pagamento per accedere al servizio,Servizio Transfrontaliero,https://www.universitaly.it/index.php/students/disabili
"Ministero dell'Istruzione, dell'Università e della Ricerca",Studio,Richiedere benefici sociali aggiuntivi,Indicare se il servizio rientra nel campo di applicazione della SDGR,Servizio Transfrontaliero,https://www.universitaly.it/index.php/students/disabili
"Ministero dell'Istruzione, dell'Università e della Ricerca",Studio,Richiedere benefici sociali aggiuntivi,Indicare se il servizio è potenzialmente idoneo all'implementazione del principio Once-Only (OOTS),Servizio Transfrontaliero,https://www.universitaly.it/index.php/students/disabili
Università degli Studi di Torino,Studio,Richiedere benefici sociali aggiuntivi,Consentire agli utenti stranieri di accedere al servizio online,Servizio Transfrontaliero,https://www.unito.it/internazionalita/studenti-e-ospiti-internazionali/studenti-internazionali/borse-studenti
Università degli Studi di Torino,Studio,Richiedere benefici sociali aggiuntivi,Rimuovere la barriera della necessità di identificazione/autenticazione online nazionale,Servizio Transfrontaliero,https://www.unito.it/internazionalita/studenti-e-ospiti-internazionali/studenti-internazionali/borse-studenti
Università degli Studi di Torino,Studio,Richiedere benefici sociali aggiuntivi,Consentire la presentazione dei documenti elettronici richiesti dai cittadini stranieri,Servizio Transfrontaliero,https://www.unito.it/internazionalita/studenti-e-ospiti-internazionali/studenti-internazionali/borse-studenti
Università degli Studi di Torino,Studio,Richiedere benefici sociali aggiuntivi,Eliminare la necessità di traduzione o riconoscimento dei documenti richiesti,Servizio Transfrontaliero,https://www.unito.it/internazionalita/studenti-e-ospiti-internazionali/studenti-internazionali/borse-studenti
Università degli Studi di Torino,Studio,Richiedere benefici sociali aggiuntivi,Fornire traduzioni chiare o un'interfaccia multilingue per superare le barriere linguistiche,Servizio Transfrontaliero,https://www.unito.it/internazionalita/studenti-e-ospiti-internazionali/studenti-internazionali/borse-studenti
Università degli Studi di Torino,Studio,Richiedere benefici sociali aggiuntivi,Migliorare la qualità delle traduzioni fornite sul sito web,Servizio Transfrontaliero,https://www.unito.it/internazionalita/studenti-e-ospiti-internazionali/studenti-internazionali/borse-studenti
Università degli Studi di Torino,Studio,Richiedere benefici sociali aggiuntivi,Fornire informazioni complete e facilmente accessibili anche per utenti internazionali,Servizio Transfrontaliero,https://www.unito.it/internazionalita/studenti-e-ospiti-internazionali/studenti-internazionali/borse-studenti
Università degli Studi di Torino,Studio,Richiedere benefici sociali aggiuntivi,Eliminare la necessità di incontri fisici per completare il servizio,Servizio Transfrontaliero,https://www.unito.it/internazionalita/studenti-e-ospiti-internazionali/studenti-internazionali/borse-studenti
Università degli Studi di Torino,Studio,Richiedere benefici sociali aggiuntivi,Permettere l'autenticazione tramite eID nazionale anche per utenti transfrontalieri,Servizio Transfrontaliero,https://www.unito.it/internazionalita/studenti-e-ospiti-internazionali/studenti-internazionali/borse-studenti
Università degli Studi di Torino,Studio,Richiedere benefici sociali aggiuntivi,Chiarire se è previsto un pagamento per accedere al servizio,Servizio Transfrontaliero,https://www.unito.it/internazionalita/studenti-e-ospiti-internazionali/studenti-internazionali/borse-studenti
Università degli Studi di Torino,Studio,Richiedere benefici sociali aggiuntivi,Indicare se il servizio rientra nel campo di applicazione della SDGR,Servizio Transfrontaliero,https://www.unito.it/internazionalita/studenti-e-ospiti-internazionali/studenti-internazionali/borse-studenti
Università degli Studi di Torino,Studio,Richiedere benefici sociali aggiuntivi,Indicare se il servizio è potenzialmente idoneo all'implementazione del principio Once-Only (OOTS),Servizio Transfrontaliero,https://www.unito.it/internazionalita/studenti-e-ospiti-internazionali/studenti-internazionali/borse-studenti
